id,category,subtype,buy_or_rent,geography,latitude,longitude,sq_meters,floor_number,rooms,bathrooms,ad_type,agent_id,first_seen,last_seen,is_active
2536325,house,4,sale,Dimosiografika (Ekali),38.117821,23.833138,350,3,4,3,vip,5654,2026-01-27 01:18:02,2026-01-27 01:18:02,1
2661959,house,3,sale,Ano Ekali (Ekali),38.110367,23.851824,400,3,5,4,vip,5654,2026-01-27 06:30:25,2026-01-27 06:30:25,1
4965215,house,3,sale,Center (Chalandri),38.02467,23.803909,314,9,5,5,vip,3155,2026-01-27 06:30:25,2026-01-27 06:30:25,1
6330123,house,4,sale,Panorama (Voula),37.853935,23.781366,600,3,6,5,vip,10796,2026-01-27 06:30:22,2026-01-27 06:30:22,1
6930507,house,3,sale,Agia Marina (Koropi),37.811993,23.829237,324,3,5,2,vip,7414,2026-01-27 06:30:25,2026-01-27 06:30:25,1
7055359,house,3,sale,Politeia (Kifisia),38.087215,23.831213,340,3,4,4,vip,5654,2026-01-27 06:30:22,2026-01-27 06:30:22,1
8010361,house,1,sale,Sourmena (Elliniko),37.895584,23.752926,198,6,3,2,vip,5011,2026-01-27 01:18:02,2026-01-27 01:18:02,1
10022745,house,4,sale,Agioi Anargiroi (Kapandriti),38.248798,23.891315,476,3,6,5,vip,13787,2026-01-27 06:30:25,2026-01-27 06:30:25,1
10389770,house,4,sale,Dimosiografika (Ekali),38.116142,23.833069,1100,0,10,6,vip,5654,2026-01-27 06:30:25,2026-01-27 06:30:25,1
10721411,house,4,sale,Lathouriza (Vari - Varkiza),37.824032,23.797867,325,3,4,4,vip,3288,2026-01-27 06:30:22,2026-01-27 06:30:22,1
10755422,house,1,sale,Metaxourgeio (Athens - Center),37.984909,23.72237,88,3,2,1,vip,10299,2026-01-27 06:30:18,2026-01-27 06:30:18,1
10843798,house,1,sale,Lykavittos (Kolonaki - Lykavittos),37.98621,23.74375,38,3,1,1,vip,7240,2026-01-27 06:30:20,2026-01-27 06:30:20,1
11291588,house,1,sale,Paleo Psichiko (Athens - North),38.000961,23.767771,158,6,3,2,vip,17102,2026-01-27 06:30:22,2026-01-27 06:30:22,1
11319134,house,4,sale,Paleo Psichiko (Athens - North),38.012486,23.781185,680,3,5,4,vip,17102,2026-01-27 06:30:23,2026-01-27 06:30:23,1
11364019,house,3,sale,Filothei (Athens - North),38.021152,23.784271,187,3,3,2,vip,17102,2026-01-27 06:30:22,2026-01-27 06:30:22,1
11378358,house,4,sale,Paleo Psichiko (Athens - North),38.017143,23.77327,600,3,4,5,vip,17102,2026-01-27 06:30:22,2026-01-27 06:30:22,1
11632421,house,4,sale,Filothei (Athens - North),38.021664,23.773209,130,3,3,0,vip,17102,2026-01-27 06:30:23,2026-01-27 06:30:23,1
11879462,house,3,sale,Efkalyptoi - Ano Faros (Paleo Psichiko),38.005974,23.772144,230,3,3,2,vip,3155,2026-01-27 06:30:25,2026-01-27 06:30:25,1
12348613,house,4,sale,Center (Penteli),38.045998,23.868425,550,3,6,6,vip,3155,2026-01-27 06:30:25,2026-01-27 06:30:25,1
12587866,house,4,sale,Dikigorika (Voula),37.85257,23.769871,600,3,5,0,vip,10796,2026-01-27 06:30:22,2026-01-27 06:30:22,1
12628711,house,3,sale,Filothei (Athens - North),38.027519,23.775227,222,7,3,3,vip,17102,2026-01-27 06:30:22,2026-01-27 06:30:22,1
12748584,house,1,sale,Pedion Areos (Athens - Center),37.993778,23.732786,600,11,5,4,vip,4989,2026-01-27 06:30:18,2026-01-27 06:30:18,1
12825807,house,3,sale,Ano Cholargos (Cholargos),37.996677,23.802706,165,10,4,3,vip,3155,2026-01-27 06:30:23,2026-01-27 06:30:23,1
12928884,house,1,sale,Center (Voula),37.840801,23.762644,192,8,3,1,vip,4594,2026-01-27 06:30:23,2026-01-27 06:30:23,1
13008020,house,4,sale,Miladeza (Vari - Varkiza),37.834282,23.805927,208,3,3,2,vip,15785,2026-01-27 06:30:18,2026-01-27 06:30:18,1
13082806,house,1,sale,Exarcheia (Athens - Center),37.984665,23.737204,72,9,2,1,vip,10234,2026-01-27 06:30:25,2026-01-27 06:30:25,1
13086696,house,4,sale,Zoni Chondremporiou (Krioneri),38.125969,23.831629,430,3,6,4,vip,5011,2026-01-27 01:18:02,2026-01-27 01:18:02,1
13113947,house,3,sale,Agia Paraskevi (Athens - North),38.003654,23.816278,121,10,3,1,vip,17102,2026-01-27 06:30:23,2026-01-27 06:30:23,1
13135967,house,4,sale,Politeia (Kifisia),38.083351,23.822966,392,3,4,4,vip,3155,2026-01-27 06:30:22,2026-01-27 06:30:22,1
13161585,house,4,sale,Center (Dionisos),38.100269,23.87248,345,3,4,3,vip,3868,2026-01-27 01:18:02,2026-01-27 01:18:02,1
13217154,house,1,sale,Papagou (Athens - North),37.980618,23.794287,148,6,3,2,vip,17102,2026-01-27 06:30:23,2026-01-27 06:30:23,1
13331743,house,1,sale,Ano Glyfada (Glyfada),37.872326,23.760654,137,7,4,2,vip,6779,2026-01-27 06:30:25,2026-01-27 06:30:25,1
13366544,house,3,sale,Dimokratias Sqr (Cholargos),37.998833,23.794992,215,10,4,3,vip,3155,2026-01-27 06:30:23,2026-01-27 06:30:23,1
13366579,house,1,sale,Agia Sofia (Neo Psychiko),38.003448,23.777472,156,6,3,1,vip,3155,2026-01-27 06:30:25,2026-01-27 06:30:25,1
13470649,house,10,sale,Kalymniotika (Voula),37.841927,23.777472,650,3,6,5,vip,10796,2026-01-27 06:30:22,2026-01-27 06:30:22,1
13541827,house,4,sale,Panorama (Voula),37.856678,23.778511,500,3,5,5,vip,3288,2026-01-27 06:30:22,2026-01-27 06:30:22,1
13564757,house,4,sale,Anoixi (Athens - North),38.121357,23.842041,300,3,4,3,vip,8796,2026-01-27 06:30:22,2026-01-27 06:30:22,1
13590465,house,4,sale,Center (Vouliagmeni),37.813667,23.785368,200,3,3,2,vip,3155,2026-01-27 01:18:02,2026-01-27 01:18:02,1
13780264,house,4,sale,Center (Dionisos),38.09391,23.88302,540,3,5,5,vip,3868,2026-01-27 01:18:02,2026-01-27 01:18:02,1
13816381,house,6,sale,Exarcheia (Athens - Center),37.986607,23.73757,465,3,7,3,vip,10234,2026-01-27 06:30:25,2026-01-27 06:30:25,1
13832041,house,3,sale,Kalamaki (Alimos),37.910309,23.714283,190,10,4,4,vip,17650,2026-01-27 06:30:25,2026-01-27 06:30:25,1
13871588,house,10,sale,Dikastika (Marathonas),38.161354,24.056152,280,3,3,3,vip,10299,2026-01-27 06:30:18,2026-01-27 06:30:18,1
13895081,house,4,sale,Dioni (Pikermi),38.02916,23.936674,375,3,4,4,vip,5011,2026-01-27 01:18:02,2026-01-27 01:18:02,1
13935565,house,4,sale,Center (Dionisos),38.109108,23.871758,750,3,4,4,vip,3155,2026-01-27 06:30:18,2026-01-27 06:30:18,1
13952112,house,1,sale,Lykavittos (Kolonaki - Lykavittos),37.986008,23.745876,86,3,2,1,vip,7722,2026-01-27 06:30:25,2026-01-27 06:30:25,1
13967778,house,3,sale,Agia Paraskevi (Athens - North),38.010227,23.832382,190,10,4,2,vip,17102,2026-01-27 06:30:22,2026-01-27 06:30:22,1
13976602,house,1,sale,Paleo Psichiko (Athens - North),38.01733,23.768993,136,6,2,2,vip,17102,2026-01-27 06:30:22,2026-01-27 06:30:22,1
13984918,house,1,sale,Ekali (Athens - North),38.111389,23.838675,144,8,2,2,vip,6895,2026-01-27 06:30:18,2026-01-27 06:30:18,1
13996345,house,4,sale,Paleo Psichiko (Athens - North),38.00848,23.777065,530,3,4,3,vip,17102,2026-01-27 06:30:22,2026-01-27 06:30:22,1
14009987,house,3,sale,Ano Vrilissia (Vrilissia),38.043224,23.840879,240,3,3,2,vip,3155,2026-01-27 06:30:25,2026-01-27 06:30:25,1
14110544,house,1,sale,Glyfada (Athens - South),37.87344,23.763178,109,7,3,1,vip,4594,2026-01-27 06:30:23,2026-01-27 06:30:23,1
14122737,house,1,sale,Agia Paraskevi (Athens - North),38.009182,23.828274,125,7,3,0,vip,17102,2026-01-27 06:30:23,2026-01-27 06:30:23,1
14174497,house,4,sale,Kato Halandri (Chalandri),38.009022,23.791302,450,3,4,3,vip,3155,2026-01-27 06:30:18,2026-01-27 06:30:18,1
14184351,house,3,sale,Center (Voula),37.844521,23.758118,350,3,4,5,vip,10796,2026-01-27 06:30:22,2026-01-27 06:30:22,1
14185361,house,1,sale,Kolonaki (Kolonaki - Lykavittos),37.978359,23.739227,102,8,3,1,vip,10234,2026-01-27 06:30:25,2026-01-27 06:30:25,1
14195297,house,3,sale,Kolonaki (Kolonaki - Lykavittos),37.97905,23.743376,160,11,3,2,vip,3155,2026-01-27 06:30:23,2026-01-27 06:30:23,1
14243700,house,1,sale,Agios Georgios (Athens - Center),37.995628,23.734091,110,6,2,1,vip,13827,2026-01-27 06:30:18,2026-01-27 06:30:18,1
14245591,house,4,sale,Aixoni (Glyfada),37.86438,23.769686,310,3,4,3,vip,5349,2026-01-27 01:18:02,2026-01-27 01:18:02,1
14286662,house,4,sale,Ano Ekali (Ekali),38.106777,23.836792,840,3,6,5,vip,5654,2026-01-27 06:30:22,2026-01-27 06:30:22,1
14301117,house,1,sale,Center (Kifisia),38.077209,23.815657,212,3,4,3,vip,5654,2026-01-27 06:30:22,2026-01-27 06:30:22,1
14409661,house,4,sale,Profitis Ilias (Kifisia),38.068836,23.807011,390,3,3,3,vip,6703,2026-01-27 06:30:18,2026-01-27 06:30:18,1
14410918,house,4,sale,Glyfada - center (Glyfada),37.855202,23.76483,350,3,5,4,vip,1303,2026-01-27 06:30:18,2026-01-27 06:30:18,1
14538804,house,3,sale,Glyfada - center (Glyfada),37.861099,23.756489,159,6,3,3,vip,5349,2026-01-27 01:18:02,2026-01-27 01:18:02,1
14570195,house,4,sale,Nea Erithraia (Athens - North),38.089863,23.82703,365,0,0,0,vip,7414,2026-01-27 06:30:25,2026-01-27 06:30:25,1
14574830,house,1,sale,Glyfada - center (Glyfada),37.864727,23.756569,156,7,3,3,vip,5349,2026-01-27 01:18:02,2026-01-27 01:18:02,1
14627269,house,3,sale,Dikigorika (Voula),37.849064,23.772781,164,3,3,3,vip,5349,2026-01-27 01:18:02,2026-01-27 01:18:02,1
14700359,house,3,sale,Glyfada - center (Glyfada),37.859924,23.758139,174,3,3,2,vip,5349,2026-01-27 01:18:02,2026-01-27 01:18:02,1
14740319,house,1,sale,Neo Terma (Marousi),38.053329,23.794809,113,9,3,2,vip,3155,2026-01-27 06:30:23,2026-01-27 06:30:23,1
14777232,house,3,sale,Center (Gerakas),38.008415,23.857727,89,6,2,1,vip,20325,2026-01-27 06:30:25,2026-01-27 06:30:25,1
14777270,house,1,sale,Center (Pallini),38.005074,23.88344,60,7,1,1,vip,20325,2026-01-27 06:30:25,2026-01-27 06:30:25,1
14777271,house,1,sale,Center (Pallini),38.005039,23.883076,79,8,2,1,vip,20325,2026-01-27 06:30:25,2026-01-27 06:30:25,1
14781626,house,1,sale,Varkiza (Vari - Varkiza),37.820473,23.803307,51,3,2,0,vip,14140,2026-01-27 06:30:23,2026-01-27 06:30:23,1
14788316,house,3,sale,Center (Pallini),38.001778,23.876616,144,8,3,2,vip,20325,2026-01-27 06:30:25,2026-01-27 06:30:25,1
14798865,house,1,sale,Dikigorika (Voula),37.850632,23.773951,170,8,4,2,vip,9199,2026-01-27 06:30:23,2026-01-27 06:30:23,1
14809790,house,6,sale,Center (Marathonas),38.145458,23.987591,650,7,4,4,vip,13827,2026-01-27 06:30:18,2026-01-27 06:30:18,1
14868891,house,3,sale,Golf (Glyfada),37.87434,23.752895,170,3,3,1,vip,5349,2026-01-27 01:18:02,2026-01-27 01:18:02,1
14875061,house,1,sale,Plateia Mavili (Athens - Center),37.982845,23.756828,270,10,3,3,vip,10234,2026-01-27 06:30:25,2026-01-27 06:30:25,1
14884075,house,1,sale,Centre (Palaio Faliro),37.931591,23.693209,200,13,3,2,vip,3155,2026-01-27 06:30:23,2026-01-27 06:30:23,1
14921389,house,3,sale,Ano Filothei (Filothei),38.027306,23.773417,214,7,3,2,vip,3155,2026-01-27 06:30:23,2026-01-27 06:30:23,1
14951278,house,1,sale,Kato Halandri (Chalandri),38.010612,23.78994,146,6,3,2,vip,3155,2026-01-27 06:30:25,2026-01-27 06:30:25,1
15013301,house,1,sale,Edem (Palaio Faliro),37.921974,23.699419,155,10,3,0,vip,10796,2026-01-27 06:30:22,2026-01-27 06:30:22,1
15065995,house,4,sale,Orio Vrilission (Marousi),38.039352,23.82234,300,3,4,3,vip,3155,2026-01-27 06:30:18,2026-01-27 06:30:18,1
15089076,house,3,sale,Center (Alimos),37.908424,23.716457,236,11,3,3,vip,3155,2026-01-27 06:30:23,2026-01-27 06:30:23,1
15114683,house,1,sale,Panagitsa (Palaio Faliro),37.922401,23.70406,78,10,2,2,vip,9393,2026-01-27 06:30:18,2026-01-27 06:30:18,1
15114823,house,3,sale,Panagitsa (Palaio Faliro),37.922401,23.70406,112,13,3,3,vip,9393,2026-01-27 06:30:18,2026-01-27 06:30:18,1
15114842,house,3,sale,Sourmena (Elliniko),37.89069,23.749941,160,3,3,2,vip,9393,2026-01-27 06:30:18,2026-01-27 06:30:18,1
15114877,house,3,sale,Sourmena (Elliniko),37.89069,23.749941,138,8,3,3,vip,9393,2026-01-27 06:30:18,2026-01-27 06:30:18,1
15114894,house,1,sale,Sourmena (Elliniko),37.89069,23.749941,92,8,2,2,vip,9393,2026-01-27 06:30:18,2026-01-27 06:30:18,1
15114944,house,3,sale,Sourmena (Elliniko),37.89069,23.749941,124,11,3,2,vip,9393,2026-01-27 06:30:18,2026-01-27 06:30:18,1
15114956,house,3,sale,Sourmena (Elliniko),37.89069,23.749941,150,11,3,3,vip,9393,2026-01-27 06:30:18,2026-01-27 06:30:18,1
15166176,house,3,sale,Gargittos (Gerakas),38.024338,23.847134,250,3,4,2,vip,3155,2026-01-27 06:30:22,2026-01-27 06:30:22,1
15219992,house,3,sale,Kastri - Politeia (Nea Erithraia),38.09396,23.827917,240,3,4,3,vip,3868,2026-01-27 01:18:02,2026-01-27 01:18:02,1
15233745,house,1,sale,Kato Kifisia (Kifisia),38.076145,23.805763,140,8,3,2,vip,3155,2026-01-27 06:30:18,2026-01-27 06:30:18,1
15282734,house,4,sale,Ano Cholargos (Cholargos),37.996128,23.811665,240,3,6,4,vip,3155,2026-01-27 06:30:23,2026-01-27 06:30:23,1
15290598,house,1,sale,Drosopoulou (Filothei),38.017101,23.782837,145,6,3,2,vip,3155,2026-01-27 06:30:18,2026-01-27 06:30:18,1
15299328,house,1,sale,Koukaki - Pediki Chara (Koukaki - Makrygianni),37.963631,23.717369,70,6,1,1,vip,10299,2026-01-27 06:30:18,2026-01-27 06:30:18,1
15365862,house,1,sale,Mets (Athens - Center),37.967968,23.735085,140,8,3,1,vip,10234,2026-01-27 06:30:25,2026-01-27 06:30:25,1
15374798,house,3,sale,Center (Chalandri),38.018665,23.799068,105,10,3,2,vip,20325,2026-01-27 06:30:25,2026-01-27 06:30:25,1
15378548,house,1,sale,Chalandri (Athens - North),38.026272,23.797283,88,8,2,1,vip,8796,2026-01-27 06:30:22,2026-01-27 06:30:22,1
15406478,house,4,sale,Center (Penteli),38.045151,23.874319,570,3,8,6,vip,3155,2026-01-27 06:30:23,2026-01-27 06:30:23,1
15406993,house,4,sale,Lagonisi (Kalivia Thorikou),37.802315,23.885712,225,6,5,2,vip,4594,2026-01-27 06:30:23,2026-01-27 06:30:23,1
15426121,house,4,sale,Lagonisi (Kalivia Thorikou),37.803059,23.896784,340,3,5,3,vip,4594,2026-01-27 06:30:23,2026-01-27 06:30:23,1
15437915,house,1,sale,Kastri - Politeia (Nea Erithraia),38.091488,23.833994,340,0,5,4,vip,13244,2026-01-27 06:30:18,2026-01-27 06:30:18,1
15449307,house,1,sale,Tzitzifies (Kallithea),37.943596,23.688175,98,7,3,2,vip,4650,2026-01-27 06:30:23,2026-01-27 06:30:23,1
15459304,house,1,sale,Pagkrati Center (Athens - Center),37.970879,23.750458,150,10,4,2,vip,3155,2026-01-27 06:30:25,2026-01-27 06:30:25,1
15464743,house,1,sale,Agia Paraskevi (Athens - North),38.006386,23.829031,135,9,3,2,vip,17102,2026-01-27 06:30:22,2026-01-27 06:30:22,1
15470081,house,1,sale,Filothei (Athens - North),38.016659,23.783684,147,6,3,2,vip,17102,2026-01-27 06:30:22,2026-01-27 06:30:22,1
15470257,house,1,sale,Soutsou (Athens - Center),37.985825,23.75633,135,9,2,1,vip,10234,2026-01-27 06:30:25,2026-01-27 06:30:25,1
15485312,house,3,sale,Stavros (Agia Paraskevi),38.010502,23.82762,191,10,4,3,vip,3155,2026-01-27 06:30:23,2026-01-27 06:30:23,1
15492259,house,1,sale,Lofos Sikelias (Kallithea),37.958485,23.714537,150,11,0,2,vip,3155,2026-01-27 01:18:02,2026-01-27 01:18:02,1
15510054,house,4,sale,Ntrafi (Pikermi),38.016125,23.907848,390,3,5,3,vip,3155,2026-01-27 06:30:23,2026-01-27 06:30:23,1
15526834,house,3,sale,Airport Olympic Venues (Elliniko),37.88525,23.742796,143,8,2,2,vip,5349,2026-01-27 01:18:02,2026-01-27 01:18:02,1
15550119,house,1,sale,Exarcheia (Athens - Center),37.986198,23.737904,160,6,3,2,vip,10234,2026-01-27 06:30:25,2026-01-27 06:30:25,1
15557138,house,1,sale,Profitis Ilias (Athens - Center),37.963448,23.745647,86,9,2,1,vip,5011,2026-01-27 01:18:02,2026-01-27 01:18:02,1
15574492,house,1,sale,Golf (Glyfada),37.886494,23.748901,175,9,3,1,vip,5011,2026-01-27 01:18:02,2026-01-27 01:18:02,1
15575061,house,3,sale,Ano Glyfada (Glyfada),37.874321,23.75795,104,8,2,2,vip,17121,2026-01-27 06:30:18,2026-01-27 06:30:18,1
15575213,house,3,sale,Ano Glyfada (Glyfada),37.874321,23.75795,104,8,2,2,vip,17121,2026-01-27 06:30:18,2026-01-27 06:30:18,1
15575250,house,3,sale,Ano Glyfada (Glyfada),37.874321,23.75795,175,8,3,3,vip,17121,2026-01-27 06:30:18,2026-01-27 06:30:18,1
15575275,house,1,sale,Ano Glyfada (Glyfada),37.874321,23.75795,121,7,3,2,vip,17121,2026-01-27 06:30:18,2026-01-27 06:30:18,1
15638581,house,1,sale,Ano Glyfada (Glyfada),37.883759,23.764721,175,8,3,2,vip,4650,2026-01-27 06:30:23,2026-01-27 06:30:23,1
15645820,house,3,sale,Kithirion - Pani (Alimos),37.9105,23.727112,227,10,4,4,vip,3155,2026-01-27 06:30:18,2026-01-27 06:30:18,1
15648639,house,1,sale,Lykavittos (Kolonaki - Lykavittos),37.986401,23.746189,142,6,2,1,vip,10234,2026-01-27 06:30:23,2026-01-27 06:30:23,1
15654414,house,3,sale,Agios Stefanos (Athens - North),38.142139,23.856714,157,3,4,3,vip,4650,2026-01-27 06:30:23,2026-01-27 06:30:23,1
15738823,house,3,sale,Glyfada - center (Glyfada),37.860909,23.76202,227,8,4,3,vip,9393,2026-01-27 06:30:18,2026-01-27 06:30:18,1
15744278,house,4,sale,Lathouriza (Vari - Varkiza),37.827023,23.799175,260,3,4,4,vip,14140,2026-01-27 06:30:23,2026-01-27 06:30:23,1
15747639,house,1,sale,Ano Kipseli (Athens - Center),38.003796,23.737177,50,4,1,1,vip,5011,2026-01-27 01:18:02,2026-01-27 01:18:02,1
15753342,house,4,sale,Center (Chalandri),38.025063,23.804789,600,3,10,10,vip,3155,2026-01-27 06:30:25,2026-01-27 06:30:25,1
15769145,house,10,sale,Kalymniotika (Voula),37.843563,23.780466,400,3,7,6,vip,10796,2026-01-27 06:30:22,2026-01-27 06:30:22,1
15778216,house,3,sale,Glyfada - center (Glyfada),37.857128,23.75606,252,8,3,3,vip,5349,2026-01-27 01:18:02,2026-01-27 01:18:02,1
15793744,house,4,sale,Panorama (Voula),37.854351,23.776779,775,3,4,5,vip,3155,2026-01-27 01:18:02,2026-01-27 01:18:02,1
15793793,house,3,sale,Polidroso (Chalandri),38.027031,23.807983,294,3,5,5,vip,3155,2026-01-27 06:30:23,2026-01-27 06:30:23,1
15844608,house,1,sale,Varkiza (Vari - Varkiza),37.818535,23.798416,120,6,3,1,vip,4594,2026-01-27 06:30:23,2026-01-27 06:30:23,1
15856572,house,1,sale,akadimia Platonos (Kolonos - Kolokynthous),37.988415,23.712763,32,4,1,1,vip,5011,2026-01-27 01:18:02,2026-01-27 01:18:02,1
15892372,house,1,sale,Pagkrati Center (Athens - Center),37.966724,23.750298,68,8,2,1,vip,5011,2026-01-27 01:18:02,2026-01-27 01:18:02,1
15928420,house,1,sale,Neo Faliro (Piraeus),37.950001,23.670452,82,6,2,1,vip,17224,2026-01-27 06:30:18,2026-01-27 06:30:18,1
15935392,house,4,sale,Paleo Psichiko (Athens - North),38.006786,23.765553,313,3,3,4,vip,17102,2026-01-27 06:30:22,2026-01-27 06:30:22,1
15935470,house,3,sale,Paleo Psichiko (Athens - North),38.006786,23.765553,185,3,2,3,vip,17102,2026-01-27 06:30:22,2026-01-27 06:30:22,1
15935588,house,1,sale,Exarcheia (Athens - Center),37.98539,23.734459,43,6,1,1,vip,10234,2026-01-27 06:30:25,2026-01-27 06:30:25,1
15939609,house,1,sale,Leoforos Patision - Leoforos Acharnon (Athens - Center),38.016811,23.725004,84,7,2,1,vip,15785,2026-01-27 06:30:18,2026-01-27 06:30:18,1
15976657,house,6,sale,Kallithea (Athens - South),37.96048,23.718521,360,3,0,8,vip,15785,2026-01-27 06:30:18,2026-01-27 06:30:18,1
15992011,house,1,sale,Lykavittos (Kolonaki - Lykavittos),37.987232,23.745895,225,8,4,2,vip,10234,2026-01-27 06:30:25,2026-01-27 06:30:25,1
16008278,house,4,sale,Aiginitissa (Aegina),37.70335,23.469812,180,3,3,2,vip,4650,2026-01-27 06:30:23,2026-01-27 06:30:23,1
16016978,house,1,sale,Kapandriti (Kapandriti),38.225555,23.885277,282,0,5,4,vip,13244,2026-01-27 06:30:18,2026-01-27 06:30:18,1
16034044,house,4,sale,Exarcheia (Athens - Center),37.984455,23.738031,270,3,5,2,vip,10234,2026-01-27 06:30:25,2026-01-27 06:30:25,1
16044035,house,1,sale,Politeia (Kifisia),38.083473,23.823883,210,7,3,2,vip,3155,2026-01-27 06:30:23,2026-01-27 06:30:23,1
16048886,house,1,sale,Kinosargous (Athens - Center),37.962429,23.727896,45,2,1,1,vip,5011,2026-01-27 01:18:02,2026-01-27 01:18:02,1
16051518,house,1,sale,Kolonaki (Kolonaki - Lykavittos),37.978256,23.750154,40,3,1,1,vip,10234,2026-01-27 06:30:25,2026-01-27 06:30:25,1
16064267,house,3,sale,Pefkakia (Agia Paraskevi),38.019535,23.843176,167,7,4,3,vip,20325,2026-01-27 06:30:25,2026-01-27 06:30:25,1
16070435,house,1,sale,Tzitzifies (Kallithea),37.949547,23.69125,50,7,1,1,vip,5011,2026-01-27 01:18:02,2026-01-27 01:18:02,1
16092506,house,1,sale,Filothei (Athens - North),38.025284,23.779383,142,6,3,1,vip,17102,2026-01-27 06:30:22,2026-01-27 06:30:22,1
16104734,house,1,sale,Profitis Ilias (Kifisia),38.070656,23.80901,190,7,3,2,vip,5654,2026-01-27 06:30:22,2026-01-27 06:30:22,1
16116399,house,1,sale,Faros (Neo Psychiko),38.001541,23.774586,154,11,3,1,vip,17102,2026-01-27 06:30:22,2026-01-27 06:30:22,1
16127227,house,1,sale,Makrygianni (Koukaki - Makrygianni),37.966679,23.727278,100,9,3,2,vip,10234,2026-01-27 06:30:18,2026-01-27 06:30:18,1
16134204,house,10,sale,Varkiza (Vari - Varkiza),37.823338,23.799267,380,3,4,3,vip,10796,2026-01-27 06:30:22,2026-01-27 06:30:22,1
16153206,house,1,sale,Edem (Palaio Faliro),37.920856,23.701235,170,13,3,2,vip,3155,2026-01-27 06:30:22,2026-01-27 06:30:22,1
16162149,house,1,sale,Pagkrati Center (Athens - Center),37.970211,23.75152,140,9,3,1,vip,19379,2026-01-27 06:30:23,2026-01-27 06:30:23,1
16188060,house,1,sale,Edem (Palaio Faliro),37.922367,23.697771,150,6,3,2,vip,3155,2026-01-27 06:30:23,2026-01-27 06:30:23,1
16213902,house,1,sale,Fokionos Negri (Athens - Center),38.001705,23.733892,165,10,3,1,vip,15785,2026-01-27 06:30:18,2026-01-27 06:30:18,1
16233063,house,3,sale,Aixoni (Glyfada),37.85704,23.770142,128,6,3,2,vip,6895,2026-01-27 06:30:23,2026-01-27 06:30:23,1
16253927,house,1,sale,Osios Loukas (Athens - Center),38.013985,23.734852,107,8,3,1,vip,6512,2026-01-27 06:30:23,2026-01-27 06:30:23,1
16263456,house,1,sale,Nea Kipseli (Athens - Center),38.000141,23.74778,126,6,3,1,vip,6340,2026-01-27 06:30:25,2026-01-27 06:30:25,1
16265862,house,1,sale,Dikigorika (Voula),37.848793,23.773046,221,8,3,3,vip,5349,2026-01-27 01:18:02,2026-01-27 01:18:02,1
16265976,house,2,sale,Lykavittos (Kolonaki - Lykavittos),37.985828,23.743868,33,3,1,1,vip,10234,2026-01-27 06:30:25,2026-01-27 06:30:25,1
16317108,house,1,sale,Center (Zografou),37.979824,23.769524,71,6,2,1,vip,5011,2026-01-27 01:18:02,2026-01-27 01:18:02,1
16329674,house,1,sale,Neapoli Exarcheion (Athens - Center),37.98605,23.740988,97,6,2,2,vip,13787,2026-01-27 06:30:25,2026-01-27 06:30:25,1
16337039,house,10,sale,Lagonisi (Kalivia Thorikou),37.776512,23.904013,270,3,4,2,vip,10234,2026-01-27 06:30:25,2026-01-27 06:30:25,1
16348668,house,1,sale,Kolonaki (Kolonaki - Lykavittos),37.977459,23.74531,98,10,2,2,vip,10234,2026-01-27 06:30:23,2026-01-27 06:30:23,1
16349328,house,1,sale,Agios Ioannis (Agia Paraskevi),38.007416,23.824657,168,3,4,2,vip,3155,2026-01-27 06:30:23,2026-01-27 06:30:23,1
16350846,house,4,sale,Lagonisi (Kalivia Thorikou),37.781368,23.901138,315,6,2,1,vip,4594,2026-01-27 06:30:23,2026-01-27 06:30:23,1
16354701,house,4,sale,Thiseio (Athens - Center),37.976631,23.717449,150,3,3,2,vip,3155,2026-01-27 06:30:23,2026-01-27 06:30:23,1
16365363,house,4,sale,Ano Patima (Chalandri),38.040985,23.854151,640,3,6,4,vip,3155,2026-01-27 06:30:18,2026-01-27 06:30:18,1
16372076,house,1,sale,Kontopefko (Agia Paraskevi),38.016029,23.826784,180,8,3,2,vip,3155,2026-01-27 06:30:23,2026-01-27 06:30:23,1
16372138,house,4,sale,Ano Ekali (Ekali),38.107086,23.841644,480,3,4,5,vip,3155,2026-01-27 06:30:18,2026-01-27 06:30:18,1
16372269,house,1,sale,Palaio Faliro (Athens - South),37.921822,23.697617,172,8,3,1,vip,15785,2026-01-27 06:30:18,2026-01-27 06:30:18,1
16391001,house,3,sale,Dimokratias Sqr (Cholargos),37.997559,23.792112,170,3,3,2,vip,3155,2026-01-27 06:30:23,2026-01-27 06:30:23,1
16395386,house,4,sale,Kato Pefki (Pefki),38.053143,23.790705,127,3,3,2,vip,3155,2026-01-27 06:30:25,2026-01-27 06:30:25,1
16396487,house,1,sale,Terpsithea (Glyfada),37.900566,23.766989,111,8,3,1,vip,4594,2026-01-27 06:30:23,2026-01-27 06:30:23,1
16396730,house,4,sale,Drapetsona (Piraeus suburbs),37.944996,23.625078,100,3,2,1,vip,695,2026-01-27 06:30:23,2026-01-27 06:30:23,1
16405414,house,3,sale,Tzitzifies (Kallithea),37.943596,23.688175,83,10,2,2,vip,4650,2026-01-27 06:30:23,2026-01-27 06:30:23,1
16422196,house,3,sale,Golf (Glyfada),37.880405,23.74468,190,7,4,2,vip,6779,2026-01-27 06:30:25,2026-01-27 06:30:25,1
16439146,house,1,sale,Kolonaki (Kolonaki - Lykavittos),37.978966,23.739529,102,11,2,1,vip,15785,2026-01-27 06:30:18,2026-01-27 06:30:18,1
16439155,house,1,sale,Ampelokipoi (Athens - Center),37.99519,23.754251,147,7,3,1,vip,15785,2026-01-27 06:30:18,2026-01-27 06:30:18,1
16453306,house,1,sale,Evelpidon - Dikastiria (Athens - Center),37.996315,23.736168,113,6,2,1,vip,10234,2026-01-27 06:30:25,2026-01-27 06:30:25,1
16474714,house,3,sale,Center (Penteli),38.051712,23.854618,540,3,5,4,vip,13787,2026-01-27 06:30:25,2026-01-27 06:30:25,1
16493086,house,1,sale,Glyfada - center (Glyfada),37.872211,23.75008,71,3,1,1,vip,3288,2026-01-27 06:30:22,2026-01-27 06:30:22,1
16520503,house,7,sale,Agios Petros (Acharnes),38.094105,23.729948,428,0,7,3,vip,21311,2026-01-27 06:30:25,2026-01-27 06:30:25,1
16529423,house,1,sale,Ano Chalandri (Chalandri),38.031487,23.8151,112,6,3,2,vip,3155,2026-01-27 06:30:23,2026-01-27 06:30:23,1
16534959,house,4,sale,Lagonisi (Kalivia Thorikou),37.812412,23.881571,194,3,4,2,vip,5011,2026-01-27 01:18:02,2026-01-27 01:18:02,1
16536621,house,1,sale,Golf (Glyfada),37.883457,23.743095,135,7,3,2,vip,3155,2026-01-27 06:30:22,2026-01-27 06:30:22,1
16551464,house,3,sale,Panorama (Voula),37.850273,23.779009,225,3,4,3,vip,3155,2026-01-27 01:18:02,2026-01-27 01:18:02,1
16557099,house,1,sale,Nisida (Nea Philadelfia),38.046154,23.735443,50,7,1,1,vip,5011,2026-01-27 01:18:02,2026-01-27 01:18:02,1
16564922,house,1,sale,Nikaia (Piraeus suburbs),37.966019,23.643385,102,7,3,1,vip,5496,2026-01-27 01:18:02,2026-01-27 01:18:02,1
16567487,house,2,sale,Kato Patisia (Athens - Center),38.013504,23.732058,39,7,1,1,vip,5011,2026-01-27 01:18:02,2026-01-27 01:18:02,1
16568299,house,4,sale,Politeia (Kifisia),38.082886,23.826809,680,3,5,5,vip,5654,2026-01-27 06:30:25,2026-01-27 06:30:25,1
16572442,house,3,sale,Porto Rafti (Markopoulo),37.888157,24.007467,220,2,3,2,vip,5011,2026-01-27 01:18:02,2026-01-27 01:18:02,1
16573617,house,4,sale,Miladeza (Vari - Varkiza),37.834785,23.824057,300,3,5,3,vip,22592,2026-01-27 06:30:23,2026-01-27 06:30:23,1
16574246,house,1,sale,Fix (Koukaki - Makrygianni),37.964401,23.723185,72,10,2,1,vip,15785,2026-01-27 06:30:18,2026-01-27 06:30:18,1
16577942,house,1,sale,Kolonaki (Kolonaki - Lykavittos),37.978832,23.73942,104,11,2,2,vip,3155,2026-01-27 06:30:23,2026-01-27 06:30:23,1
16582865,house,1,sale,Ano Nea Smyrni (Nea Smyrni),37.942757,23.726128,88,7,2,1,vip,5011,2026-01-27 01:18:02,2026-01-27 01:18:02,1
16597761,house,3,sale,Varkiza (Vari - Varkiza),37.823463,23.79229,400,3,4,4,vip,10796,2026-01-27 06:30:22,2026-01-27 06:30:22,1
16604438,house,3,sale,Politeia (Kifisia),38.087234,23.83024,425,3,4,2,vip,3155,2026-01-27 06:30:23,2026-01-27 06:30:23,1
16618367,house,1,sale,Ano Petralona (Athens - Center),37.9683,23.714287,95,7,3,1,vip,15785,2026-01-27 06:30:18,2026-01-27 06:30:18,1
16619388,house,4,sale,Paleo Psichiko (Athens - North),38.009434,23.773617,700,3,6,6,vip,17102,2026-01-27 06:30:22,2026-01-27 06:30:22,1
16626420,house,1,sale,Mortero (Nea Erithraia),38.099331,23.824202,200,6,4,2,vip,5011,2026-01-27 01:18:02,2026-01-27 01:18:02,1
16636467,house,10,sale,Center (Spetses),37.261963,23.159245,300,3,5,3,vip,10299,2026-01-27 06:30:18,2026-01-27 06:30:18,1
16638244,house,1,sale,Paleo Psichiko (Athens - North),38.006657,23.764883,127,3,2,2,vip,17102,2026-01-27 06:30:22,2026-01-27 06:30:22,1
16652267,house,4,sale,Panorama (Voula),37.853718,23.781181,550,3,6,6,vip,5349,2026-01-27 01:18:02,2026-01-27 01:18:02,1
16653953,house,4,sale,Ano Pefki (Pefki),38.066349,23.797796,306,3,5,5,vip,3155,2026-01-27 06:30:25,2026-01-27 06:30:25,1
16673391,house,4,sale,Center (Penteli),38.050228,23.866772,400,3,4,5,vip,13787,2026-01-27 06:30:25,2026-01-27 06:30:25,1
16673980,house,3,sale,Golf (Glyfada),37.867123,23.744783,230,6,3,3,vip,5349,2026-01-27 01:18:02,2026-01-27 01:18:02,1
16696800,house,1,sale,Ano Elliniko (Elliniko),37.890137,23.746468,106,8,3,1,vip,4594,2026-01-27 06:30:23,2026-01-27 06:30:23,1
16699323,house,1,sale,Nea Elvetia (Vironas),37.959,23.765221,89,7,2,1,vip,18182,2026-01-27 06:30:18,2026-01-27 06:30:18,1
16700787,house,4,sale,Kato Ekali (Ekali),38.112453,23.841118,1150,3,8,8,vip,3155,2026-01-27 06:30:22,2026-01-27 06:30:22,1
16700790,house,4,sale,Ano Ekali (Ekali),38.099228,23.829901,1200,3,5,5,vip,3155,2026-01-27 06:30:18,2026-01-27 06:30:18,1
16704954,house,1,sale,Nea Elvetia (Vironas),37.959,23.765221,92,9,2,1,vip,18182,2026-01-27 06:30:18,2026-01-27 06:30:18,1
16707406,house,1,sale,Papagou (Athens - North),37.980968,23.794685,127,6,3,2,vip,17102,2026-01-27 06:30:22,2026-01-27 06:30:22,1
16711292,house,3,sale,Golf (Glyfada),37.886353,23.749748,194,8,4,4,vip,2900,2026-01-27 06:30:22,2026-01-27 06:30:22,1
16717085,house,1,sale,Kefalari (Kifisia),38.078491,23.827984,155,6,3,2,vip,3155,2026-01-27 06:30:22,2026-01-27 06:30:22,1
16729908,house,1,sale,Stathmos Larisis (Kolonos - Kolokynthous),37.988529,23.71747,34,6,1,1,vip,14420,2026-01-27 01:18:02,2026-01-27 01:18:02,1
16738051,house,1,sale,Floisvos (Palaio Faliro),37.922752,23.694223,250,6,3,3,vip,3155,2026-01-27 06:30:25,2026-01-27 06:30:25,1
16740967,house,1,sale,Neapoli Exarcheion (Athens - Center),37.986122,23.742266,105,6,2,1,vip,10234,2026-01-27 06:30:25,2026-01-27 06:30:25,1
16752518,house,1,sale,Neo Psychiko (Athens - North),38.006897,23.783659,128,7,3,1,vip,17102,2026-01-27 06:30:22,2026-01-27 06:30:22,1
16764408,house,1,sale,Filothei (Athens - North),38.02438,23.786226,200,7,3,2,vip,17102,2026-01-27 06:30:22,2026-01-27 06:30:22,1
16782409,house,3,sale,Golf (Glyfada),37.871094,23.739792,230,6,3,3,vip,10796,2026-01-27 06:30:22,2026-01-27 06:30:22,1
16788716,house,1,sale,Akadimia (Athens - Center),37.978024,23.735577,160,9,5,1,vip,10234,2026-01-27 06:30:25,2026-01-27 06:30:25,1
16796903,house,3,sale,Center (Athens - Center),37.954033,23.719074,117,10,2,1,vip,5011,2026-01-27 01:18:02,2026-01-27 01:18:02,1
16797545,house,3,sale,Voula (Athens - South),37.840317,23.762527,230,9,4,4,vip,3288,2026-01-27 06:30:22,2026-01-27 06:30:22,1
16800788,house,3,sale,Palaio Faliro (Athens - South),37.93856,23.702871,88,8,2,1,vip,4474,2026-01-27 06:30:20,2026-01-27 06:30:20,1
16802302,house,3,sale,Airport Olympic Venues (Elliniko),37.895538,23.722715,310,3,4,4,vip,4474,2026-01-27 06:30:20,2026-01-27 06:30:20,1
16810997,house,1,sale,Kolonaki (Kolonaki - Lykavittos),37.977482,23.737507,175,8,3,1,vip,10234,2026-01-27 06:30:25,2026-01-27 06:30:25,1
16833862,house,1,sale,Ano Pefki (Pefki),38.062065,23.796259,113,10,2,1,vip,7437,2026-01-27 06:30:23,2026-01-27 06:30:23,1
16834242,house,10,sale,Lathouriza (Vari - Varkiza),37.827541,23.798708,385,3,4,3,vip,5349,2026-01-27 01:18:02,2026-01-27 01:18:02,1
16835098,house,3,sale,Aixoni (Glyfada),37.8619,23.766825,168,3,4,2,vip,7437,2026-01-27 06:30:25,2026-01-27 06:30:25,1
16841156,house,4,sale,Center (Chalandri),38.021671,23.806728,260,3,6,3,vip,3155,2026-01-27 06:30:18,2026-01-27 06:30:18,1
16846792,house,3,sale,Center (Nea Erithraia),38.092548,23.817989,120,9,2,2,vip,21311,2026-01-27 06:30:25,2026-01-27 06:30:25,1
16851035,house,1,sale,Gkrava (Athens - Center),38.009041,23.73786,89,7,2,1,vip,14721,2026-01-27 06:30:18,2026-01-27 06:30:18,1
16855583,house,3,sale,Nea Erithraia (Athens - North),38.092564,23.826782,278,3,4,2,vip,8796,2026-01-27 06:30:22,2026-01-27 06:30:22,1
16879651,house,1,sale,Kastella (Kastella - Passalimani),37.943977,23.656706,77,9,2,1,vip,5011,2026-01-27 01:18:02,2026-01-27 01:18:02,1
16883718,house,4,sale,Anavyssos (Rest of Attica),37.727924,23.909998,550,3,5,3,vip,15785,2026-01-27 06:30:18,2026-01-27 06:30:18,1
16885395,house,3,sale,Glyfada - center (Glyfada),37.872967,23.755011,300,3,10,4,vip,5011,2026-01-27 01:18:02,2026-01-27 01:18:02,1
16903905,house,3,sale,Glyfada - center (Glyfada),37.857178,23.755659,260,8,4,5,vip,5349,2026-01-27 01:18:02,2026-01-27 01:18:02,1
16915524,house,3,sale,Elliniko (Athens - South),37.890713,23.750107,160,3,2,1,vip,16259,2026-01-27 06:30:18,2026-01-27 06:30:18,1
16922497,house,4,sale,Filothei (Athens - North),38.022659,23.774578,300,3,4,0,vip,17102,2026-01-27 06:30:23,2026-01-27 06:30:23,1
16940500,house,3,sale,Kantza (Pallini),37.988056,23.852074,123,3,2,2,vip,20325,2026-01-27 06:30:25,2026-01-27 06:30:25,1
16950138,house,1,sale,Ampelokipoi (Athens - Center),37.989368,23.76012,44,2,2,1,vip,21311,2026-01-27 06:30:25,2026-01-27 06:30:25,1
16952720,house,1,sale,Toufa (Chalandri),38.02853,23.82272,135,7,3,1,vip,3155,2026-01-27 06:30:18,2026-01-27 06:30:18,1
16952751,house,4,sale,Lykavittos (Kolonaki - Lykavittos),37.985508,23.742889,210,3,3,2,vip,10234,2026-01-27 06:30:23,2026-01-27 06:30:23,1
16955131,house,4,sale,Saronida (Rest of Attica),37.745872,23.916588,340,3,5,2,vip,4594,2026-01-27 06:30:23,2026-01-27 06:30:23,1
16956597,house,2,sale,Plaka (Athens - Center),37.974148,23.732126,28,10,1,1,vip,10234,2026-01-27 06:30:25,2026-01-27 06:30:25,1
16958545,house,1,sale,Faneromeni (Cholargos),37.999596,23.79668,94,6,3,1,vip,3155,2026-01-27 06:30:23,2026-01-27 06:30:23,1
16958546,house,1,sale,Dimokratias Sqr (Cholargos),37.99881,23.79496,94,7,3,1,vip,3155,2026-01-27 06:30:25,2026-01-27 06:30:25,1
16958547,house,1,sale,Faneromeni (Cholargos),37.999859,23.796379,94,9,3,1,vip,3155,2026-01-27 06:30:25,2026-01-27 06:30:25,1
16958554,house,3,sale,Ano Chalandri (Chalandri),38.02552,23.815165,142,7,3,2,vip,3155,2026-01-27 06:30:23,2026-01-27 06:30:23,1
16958574,house,3,sale,Ano Chalandri (Chalandri),38.026787,23.817354,131,10,3,2,vip,3155,2026-01-27 06:30:25,2026-01-27 06:30:25,1
16966741,house,3,sale,Kastritsa (Nea Erithraia),38.106262,23.822432,350,3,5,4,vip,5654,2026-01-27 06:30:25,2026-01-27 06:30:25,1
16983160,house,4,sale,Center (Penteli),38.048649,23.85709,200,3,4,2,vip,3155,2026-01-27 06:30:23,2026-01-27 06:30:23,1
16983167,house,4,sale,Nea Penteli Center (Nea Penteli),38.062927,23.85792,350,3,4,3,vip,3155,2026-01-27 06:30:25,2026-01-27 06:30:25,1
17008944,house,1,sale,Kolonaki (Kolonaki - Lykavittos),37.978485,23.736841,69,10,2,1,vip,10234,2026-01-27 06:30:18,2026-01-27 06:30:18,1
17010829,house,1,sale,Faneromeni (Cholargos),38.004032,23.803854,132,6,3,1,vip,7620,2026-01-27 06:30:22,2026-01-27 06:30:22,1
17012917,house,1,sale,Neapoli Exarcheion (Athens - Center),37.988411,23.74634,50,7,1,1,vip,11237,2026-01-27 06:30:18,2026-01-27 06:30:18,1
17013320,house,3,sale,Glyfada (Athens - South),37.862831,23.765947,162,9,3,2,vip,3288,2026-01-27 06:30:22,2026-01-27 06:30:22,1
17018515,house,4,sale,Kallimarmaro (Athens - Center),37.966827,23.739588,420,3,7,5,vip,3155,2026-01-27 06:30:18,2026-01-27 06:30:18,1
17018548,house,1,sale,Ano Papagou (Papagou),37.990582,23.794523,154,3,2,2,vip,3155,2026-01-27 06:30:18,2026-01-27 06:30:18,1
17054761,house,3,sale,Varkiza (Vari - Varkiza),37.818306,23.801987,31,3,1,1,vip,5349,2026-01-27 01:18:02,2026-01-27 01:18:02,1
17057058,house,3,sale,Glyfada - center (Glyfada),37.866077,23.747688,161,8,4,3,vip,9199,2026-01-27 06:30:23,2026-01-27 06:30:23,1
17057351,house,3,sale,Agios Georgios (Neo Psychiko),38.002697,23.785782,120,6,3,2,vip,5654,2026-01-27 01:18:02,2026-01-27 01:18:02,1
17057543,house,1,sale,Glyfada - center (Glyfada),37.86393,23.752733,146,8,3,2,vip,5349,2026-01-27 01:18:02,2026-01-27 01:18:02,1
17066666,house,1,sale,Golf (Glyfada),37.876404,23.734524,77,7,2,1,vip,3155,2026-01-27 06:30:25,2026-01-27 06:30:25,1
17070675,house,4,sale,Center (Dionisos),38.093784,23.892109,1700,1,9,8,vip,7437,2026-01-27 06:30:23,2026-01-27 06:30:23,1
17071035,house,3,sale,Kantza (Pallini),37.98122,23.860331,140,4,3,2,vip,21311,2026-01-27 06:30:25,2026-01-27 06:30:25,1
17081119,house,3,sale,Glyfada - center (Glyfada),37.872124,23.752371,160,8,3,3,vip,3155,2026-01-27 06:30:23,2026-01-27 06:30:23,1
17085064,house,1,sale,Agia Paraskevi (Athens - North),38.01461,23.832125,135,9,3,1,vip,17102,2026-01-27 06:30:22,2026-01-27 06:30:22,1
17088090,house,1,sale,Floisvos (Palaio Faliro),37.926971,23.692659,96,7,3,2,vip,23110,2026-01-27 06:30:23,2026-01-27 06:30:23,1
17093247,house,4,sale,Kalivia Thorikou (Rest of Attica),37.801414,23.89345,240,6,3,2,vip,4594,2026-01-27 06:30:23,2026-01-27 06:30:23,1
17099439,house,1,sale,Neo Chalandri (Chalandri),38.018349,23.812571,125,8,3,2,vip,3155,2026-01-27 06:30:25,2026-01-27 06:30:25,1
17102233,house,1,sale,Exarcheia (Athens - Center),37.985821,23.732958,95,7,2,1,vip,10234,2026-01-27 06:30:25,2026-01-27 06:30:25,1
17106100,house,3,sale,Ano Papagou (Papagou),37.989246,23.799702,127,6,3,2,vip,3155,2026-01-27 06:30:23,2026-01-27 06:30:23,1
17106102,house,3,sale,Kokkinia (Marousi),38.049854,23.813845,120,10,3,2,vip,13787,2026-01-27 06:30:18,2026-01-27 06:30:18,1
17110400,house,7,sale,Glyfada - center (Glyfada),37.876301,23.754919,732,0,13,13,vip,23572,2026-01-27 06:30:18,2026-01-27 06:30:18,1
17119390,house,1,sale,Poligono (Athens - Center),37.995285,23.752548,105,8,3,1,vip,17224,2026-01-27 06:30:18,2026-01-27 06:30:18,1
17126131,house,3,sale,Nea Kifisia (Kifisia),38.092453,23.802427,310,3,5,4,vip,5654,2026-01-27 06:30:22,2026-01-27 06:30:22,1
17139527,house,1,sale,Paleo Psichiko (Athens - North),38.01786,23.768564,170,6,3,2,vip,17102,2026-01-27 06:30:22,2026-01-27 06:30:22,1
17144122,house,1,sale,Glyfada - center (Glyfada),37.859177,23.757992,111,7,3,2,vip,3155,2026-01-27 06:30:23,2026-01-27 06:30:23,1
17147687,house,4,sale,Adames Oikismos Grammos - Foinikas (Kifisia),38.092918,23.789761,110,3,3,1,vip,21311,2026-01-27 06:30:25,2026-01-27 06:30:25,1
17155233,house,3,sale,Amalia Flemingk (Melissia),38.053127,23.828981,185,10,3,1,vip,7437,2026-01-27 06:30:25,2026-01-27 06:30:25,1
17162215,house,3,sale,Center (Voula),37.849262,23.763819,117,3,3,2,vip,3155,2026-01-27 06:30:25,2026-01-27 06:30:25,1
17162216,house,3,sale,Center (Voula),37.84919,23.764141,124,9,3,2,vip,3155,2026-01-27 06:30:23,2026-01-27 06:30:23,1
17162220,house,3,sale,Center (Voula),37.84457,23.764988,134,3,3,3,vip,3155,2026-01-27 06:30:25,2026-01-27 06:30:25,1
17162235,house,3,sale,Glyfada - center (Glyfada),37.859741,23.757639,147,9,3,3,vip,3155,2026-01-27 01:18:02,2026-01-27 01:18:02,1
17162289,house,4,sale,Kamaras (Paleo Psichiko),38.012459,23.781124,225,3,4,2,vip,3155,2026-01-27 06:30:25,2026-01-27 06:30:25,1
17162328,house,3,sale,Nea Kifisia (Kifisia),38.08976,23.800188,180,3,4,2,vip,3155,2026-01-27 06:30:23,2026-01-27 06:30:23,1
17167066,house,1,sale,Agios Ioannis (Agia Paraskevi),38.004066,23.821701,150,8,3,2,vip,3155,2026-01-27 06:30:23,2026-01-27 06:30:23,1
17190376,house,1,sale,Gargittos (Gerakas),38.024895,23.843761,119,6,3,2,vip,18423,2026-01-27 06:30:25,2026-01-27 06:30:25,1
17190522,house,3,sale,Lathouriza (Vari - Varkiza),37.825325,23.800522,188,3,4,4,vip,5349,2026-01-27 01:18:02,2026-01-27 01:18:02,1
17194668,house,1,sale,Center (Vouliagmeni),37.815777,23.783215,44,6,1,1,vip,5349,2026-01-27 01:18:02,2026-01-27 01:18:02,1
17194714,house,3,sale,Varkiza (Vari - Varkiza),37.820019,23.79487,140,9,3,1,vip,4594,2026-01-27 06:30:23,2026-01-27 06:30:23,1
17195601,house,1,sale,Center (Gerakas),38.018925,23.856262,116,3,3,1,vip,18423,2026-01-27 06:30:25,2026-01-27 06:30:25,1
17199819,house,1,sale,Agios Ioannis (Agia Paraskevi),38.007755,23.824308,95,8,2,1,vip,3155,2026-01-27 06:30:25,2026-01-27 06:30:25,1
17199839,house,1,sale,Faneromeni (Cholargos),38.004654,23.798719,148,9,4,2,vip,3155,2026-01-27 06:30:22,2026-01-27 06:30:22,1
17200128,house,4,sale,Politeia (Kifisia),38.087982,23.830589,470,3,3,3,vip,3155,2026-01-27 06:30:23,2026-01-27 06:30:23,1
17206768,house,1,sale,Plateia Kipselis (Athens - Center),38.003323,23.739857,42,7,1,1,vip,17224,2026-01-27 06:30:18,2026-01-27 06:30:18,1
17212866,house,1,sale,Skopeftirio (Kaisariani),37.965496,23.757524,67,3,1,1,vip,17642,2026-01-27 06:30:22,2026-01-27 06:30:22,1
17215657,house,3,sale,Mortero (Nea Erithraia),38.09972,23.815228,362,3,7,5,vip,10234,2026-01-27 06:30:25,2026-01-27 06:30:25,1
17219890,house,3,sale,Voula (Athens - South),37.840073,23.773514,210,3,3,2,vip,4474,2026-01-27 06:30:20,2026-01-27 06:30:20,1
17220725,house,3,sale,Aixoni (Glyfada),37.854809,23.767103,156,9,3,2,vip,4474,2026-01-27 06:30:20,2026-01-27 06:30:20,1
17231138,house,1,sale,Alimos (Athens - South),37.90575,23.723673,140,7,3,2,vip,3288,2026-01-27 06:30:22,2026-01-27 06:30:22,1
17235618,house,1,sale,Eleftherias square (Korydallos),37.977951,23.64768,167,8,3,1,vip,21311,2026-01-27 06:30:25,2026-01-27 06:30:25,1
17244654,house,1,sale,Chrisaki (Nea Smyrni),37.946789,23.706778,95,6,2,1,vip,1799,2026-01-27 06:30:25,2026-01-27 06:30:25,1
17246260,house,1,sale,Nea Filothei (Marousi),38.029121,23.785664,130,3,3,2,vip,3155,2026-01-27 06:30:25,2026-01-27 06:30:25,1
17246262,house,1,sale,Nea Filothei (Marousi),38.027618,23.786083,90,8,2,2,vip,3155,2026-01-27 06:30:23,2026-01-27 06:30:23,1
17246264,house,3,sale,Nea Filothei (Marousi),38.026821,23.78717,140,9,3,2,vip,3155,2026-01-27 06:30:25,2026-01-27 06:30:25,1
17246265,house,1,sale,Nea Filothei (Marousi),38.026806,23.787128,134,9,3,2,vip,3155,2026-01-27 06:30:25,2026-01-27 06:30:25,1
17246803,house,1,sale,Center (Athens - Center),37.954002,23.724922,102,8,3,1,vip,15785,2026-01-27 06:30:18,2026-01-27 06:30:18,1
17246873,house,1,sale,Agia Varvara (Chalandri),38.011806,23.788208,135,8,3,1,vip,3155,2026-01-27 06:30:23,2026-01-27 06:30:23,1
17253628,house,1,sale,Glyfada - center (Glyfada),37.864464,23.751278,167,8,3,2,vip,3155,2026-01-27 06:30:25,2026-01-27 06:30:25,1
17253715,house,3,sale,Agios Ioannis (Agia Paraskevi),38.007866,23.824051,200,7,5,3,vip,3155,2026-01-27 06:30:23,2026-01-27 06:30:23,1
17258557,house,1,sale,Plateia Gkizi (Athens - Center),37.992828,23.748569,100,9,2,1,vip,5011,2026-01-27 01:18:02,2026-01-27 01:18:02,1
17259126,house,1,sale,Ano Glyfada (Glyfada),37.875427,23.759045,133,7,3,1,vip,5349,2026-01-27 01:18:02,2026-01-27 01:18:02,1
17268629,house,5,sale,Filopapou (Athens - Center),37.965385,23.714764,377,0,0,0,vip,15785,2026-01-27 06:30:18,2026-01-27 06:30:18,1
17268657,house,1,sale,Kallithea (Athens - South),37.954254,23.711308,160,9,3,1,vip,15785,2026-01-27 06:30:18,2026-01-27 06:30:18,1
17271249,house,3,sale,Golf (Glyfada),37.884129,23.750469,186,3,4,4,vip,4474,2026-01-27 06:30:20,2026-01-27 06:30:20,1
17271251,house,3,sale,Golf (Glyfada),37.884129,23.750469,186,3,4,4,vip,4474,2026-01-27 06:30:20,2026-01-27 06:30:20,1
17271319,house,1,sale,Golf (Glyfada),37.884129,23.750469,126,6,3,2,vip,4474,2026-01-27 06:30:20,2026-01-27 06:30:20,1
17271330,house,1,sale,Golf (Glyfada),37.884129,23.750469,126,7,3,2,vip,4474,2026-01-27 06:30:20,2026-01-27 06:30:20,1
17271340,house,3,sale,Golf (Glyfada),37.884129,23.750469,194,8,4,4,vip,4474,2026-01-27 06:30:20,2026-01-27 06:30:20,1
17297619,house,1,sale,Eleftherias square (Korydallos),37.980232,23.65099,125,6,2,2,vip,17224,2026-01-27 06:30:18,2026-01-27 06:30:18,1
17298256,house,1,sale,Lathea (Acharnes),38.09375,23.745029,90,6,2,1,vip,5011,2026-01-27 01:18:02,2026-01-27 01:18:02,1
17300149,house,1,sale,Terpsithea (Glyfada),37.892441,23.77215,126,8,3,1,vip,3155,2026-01-27 06:30:23,2026-01-27 06:30:23,1
17300307,house,1,sale,Tzitzifies (Kallithea),37.945179,23.68936,93,9,2,1,vip,21711,2026-01-27 06:30:23,2026-01-27 06:30:23,1
17305854,house,3,sale,Ano Papagou (Papagou),37.985378,23.796877,300,3,3,2,vip,3155,2026-01-27 06:30:22,2026-01-27 06:30:22,1
17308904,house,3,sale,Glyfada (Athens - South),37.881081,23.747944,215,3,4,3,vip,4474,2026-01-27 06:30:20,2026-01-27 06:30:20,1
17310533,house,3,sale,Glyfada (Athens - South),37.854832,23.763884,160,9,3,3,vip,4474,2026-01-27 06:30:20,2026-01-27 06:30:20,1
17310853,house,1,sale,Center (Chalandri),38.021919,23.813488,147,8,3,1,vip,3155,2026-01-27 06:30:22,2026-01-27 06:30:22,1
17315582,house,1,sale,Center (Chalandri),38.021626,23.812523,147,7,3,1,vip,3155,2026-01-27 06:30:23,2026-01-27 06:30:23,1
17318133,house,1,sale,Nea Filothei (Marousi),38.029179,23.782364,89,6,2,1,vip,20325,2026-01-27 06:30:25,2026-01-27 06:30:25,1
17318178,house,1,sale,Nea Filothei (Marousi),38.029179,23.782364,101,6,2,1,vip,20325,2026-01-27 06:30:25,2026-01-27 06:30:25,1
17318385,house,3,sale,Nea Filothei (Marousi),38.030094,23.782139,157,9,5,3,vip,20325,2026-01-27 06:30:25,2026-01-27 06:30:25,1
17321282,house,4,sale,Psirri (Athens - Center),37.978951,23.724611,270,0,3,3,vip,15785,2026-01-27 06:30:18,2026-01-27 06:30:18,1
17324144,house,1,sale,Exarcheia (Athens - Center),37.985725,23.733173,116,7,3,1,vip,10234,2026-01-27 06:30:25,2026-01-27 06:30:25,1
17331668,house,1,sale,Trocadero (Palaio Faliro),37.930302,23.690031,85,7,2,1,vip,10234,2026-01-27 06:30:25,2026-01-27 06:30:25,1
17331755,house,1,sale,Pasalimani (Kastella - Passalimani),37.936684,23.653585,81,8,2,1,vip,4162,2026-01-27 01:18:02,2026-01-27 01:18:02,1
17333274,house,1,sale,Kalamaki (Alimos),37.909519,23.714027,165,7,3,1,vip,3155,2026-01-27 06:30:22,2026-01-27 06:30:22,1
17335962,house,1,sale,Center (Agios Dimitrios),37.944328,23.7344,95,9,2,2,vip,23844,2026-01-27 06:30:18,2026-01-27 06:30:18,1
17336244,house,3,sale,Center (Agios Dimitrios),37.944328,23.7344,167,11,4,3,vip,23844,2026-01-27 06:30:18,2026-01-27 06:30:18,1
17338978,house,3,sale,Politeia (Kifisia),38.084785,23.832415,320,3,5,4,vip,5654,2026-01-27 01:18:02,2026-01-27 01:18:02,1
17341188,house,4,sale,Kalisia (Penteli),38.044781,23.881163,350,3,3,4,vip,3155,2026-01-27 06:30:18,2026-01-27 06:30:18,1
17357787,house,1,sale,Plaka (Athens - Center),37.971352,23.731215,66,8,1,1,vip,10234,2026-01-27 06:30:25,2026-01-27 06:30:25,1
17366208,house,1,sale,Kalamaki (Alimos),37.915787,23.712934,115,6,3,1,vip,5011,2026-01-27 01:18:02,2026-01-27 01:18:02,1
17374575,house,1,sale,Center (Kifisia),38.076778,23.815908,191,6,3,2,vip,5654,2026-01-27 06:30:25,2026-01-27 06:30:25,1
17375091,house,1,sale,Kato Dafni (Dafni),37.946327,23.742407,108,4,3,1,vip,5011,2026-01-27 01:18:02,2026-01-27 01:18:02,1
17375093,house,1,sale,Highway - Makrygianni (Moschato),37.953812,23.680723,74,10,2,1,vip,5011,2026-01-27 01:18:02,2026-01-27 01:18:02,1
17378007,house,1,sale,Kalamaki (Alimos),37.91293,23.712234,155,3,3,2,vip,3155,2026-01-27 06:30:23,2026-01-27 06:30:23,1
17378010,house,1,sale,Amfithea (Palaio Faliro),37.940762,23.704556,125,8,3,2,vip,3155,2026-01-27 06:30:25,2026-01-27 06:30:25,1
17384640,house,1,sale,Ano Glyfada (Glyfada),37.878067,23.761976,150,7,3,1,vip,3155,2026-01-27 06:30:25,2026-01-27 06:30:25,1
17384666,house,4,sale,Center (Nea Erithraia),38.096058,23.818235,334,3,3,3,vip,3155,2026-01-27 06:30:23,2026-01-27 06:30:23,1
17387556,house,1,sale,Center (Nea Smyrni),37.939461,23.715792,130,6,3,2,vip,7437,2026-01-27 06:30:23,2026-01-27 06:30:23,1
17388069,house,3,sale,Ekteloniston - Eforiakon (Alimos),37.925938,23.740021,115,6,2,2,vip,4474,2026-01-27 06:30:20,2026-01-27 06:30:20,1
17395500,house,1,sale,Vari (Vari - Varkiza),37.834232,23.803364,90,7,2,2,vip,4594,2026-01-27 06:30:23,2026-01-27 06:30:23,1
17398261,house,1,sale,Ano Glyfada (Glyfada),37.887032,23.764191,111,7,2,1,vip,10234,2026-01-27 06:30:25,2026-01-27 06:30:25,1
17422127,house,3,sale,Palaio Faliro (Athens - South),37.938229,23.7048,245,12,6,4,vip,4474,2026-01-27 06:30:20,2026-01-27 06:30:20,1
17429999,house,3,sale,Lagonisi (Kalivia Thorikou),37.788673,23.903858,240,3,6,0,vip,10796,2026-01-27 06:30:22,2026-01-27 06:30:22,1
17437102,house,6,sale,Neo Psychiko (Athens - North),38.001049,23.773947,325,3,0,0,vip,17102,2026-01-27 06:30:22,2026-01-27 06:30:22,1
17437476,house,6,sale,Center (Athens - Center),37.986229,23.727947,1143,3,0,0,vip,4474,2026-01-27 06:30:20,2026-01-27 06:30:20,1
17447670,house,1,sale,Politechneio (Athens - Center),37.988064,23.733313,110,9,3,2,vip,10234,2026-01-27 06:30:25,2026-01-27 06:30:25,1
17452272,house,1,sale,Piraeus - Center (Center - Port),37.94352,23.648737,49,3,1,1,vip,695,2026-01-27 06:30:23,2026-01-27 06:30:23,1
17473178,house,3,sale,Nea Kifisia (Kifisia),38.089108,23.794821,212,3,3,2,vip,5654,2026-01-27 06:30:22,2026-01-27 06:30:22,1
17477107,house,3,sale,Panorama (Voula),37.850643,23.782488,330,8,3,3,vip,4594,2026-01-27 06:30:23,2026-01-27 06:30:23,1
17483743,house,4,sale,Center (Palaia Fokaia),37.715828,23.946592,320,3,6,4,vip,6779,2026-01-27 06:30:25,2026-01-27 06:30:25,1
17486346,house,1,sale,Polidroso (Chalandri),38.029552,23.811317,128,6,3,2,vip,3155,2026-01-27 06:30:25,2026-01-27 06:30:25,1
17491178,house,1,sale,Nea Zoi (Agia Paraskevi),38.009853,23.823015,167,8,4,2,vip,3155,2026-01-27 06:30:25,2026-01-27 06:30:25,1
17491853,house,4,sale,Lagonisi (Kalivia Thorikou),37.804657,23.871534,310,3,3,2,vip,4594,2026-01-27 06:30:23,2026-01-27 06:30:23,1
17495012,house,1,sale,Nea Filothei (Marousi),38.027927,23.784113,91,8,2,1,vip,5654,2026-01-27 01:18:02,2026-01-27 01:18:02,1
17499991,house,3,sale,Nea Filothei (Marousi),38.03371,23.782455,158,9,3,2,vip,5654,2026-01-27 01:18:02,2026-01-27 01:18:02,1
17507614,house,1,sale,Pigadakia (Voula),37.82901,23.775124,120,6,3,1,vip,5349,2026-01-27 01:18:02,2026-01-27 01:18:02,1
17508112,house,3,sale,Ano Ekali (Ekali),38.106617,23.838776,464,3,4,3,vip,3155,2026-01-27 06:30:25,2026-01-27 06:30:25,1
17508119,house,3,sale,Kato Kifisia (Kifisia),38.076363,23.805008,260,3,5,3,vip,3155,2026-01-27 06:30:22,2026-01-27 06:30:22,1
17513822,house,6,sale,Kipseli (Athens - Center),37.99696,23.739155,417,0,0,0,vip,15785,2026-01-27 06:30:18,2026-01-27 06:30:18,1
17516350,house,6,sale,Palaio Faliro (Athens - South),37.92926,23.695976,270,3,7,4,vip,4474,2026-01-27 06:30:20,2026-01-27 06:30:20,1
17516885,house,1,sale,Kato Patisia (Athens - Center),38.010895,23.731283,78,8,2,1,vip,3155,2026-01-27 01:18:02,2026-01-27 01:18:02,1
17517574,house,6,sale,Kipseli (Athens - Center),37.997017,23.739744,417,3,11,11,vip,20351,2026-01-27 06:30:23,2026-01-27 06:30:23,1
17532451,house,1,sale,Palaio Faliro (Athens - South),37.934731,23.702127,102,8,3,2,vip,7414,2026-01-27 06:30:25,2026-01-27 06:30:25,1
17533148,house,4,sale,Nea Penteli (Athens - North),38.051735,23.852663,390,3,5,3,vip,24018,2026-01-27 06:30:22,2026-01-27 06:30:22,1
17555770,house,1,sale,Chalandri (Athens - North),38.025749,23.800192,143,6,3,2,vip,13244,2026-01-27 06:30:18,2026-01-27 06:30:18,1
17556957,house,4,sale,Ekali (Athens - North),38.112293,23.855782,355,3,6,3,vip,13787,2026-01-27 06:30:25,2026-01-27 06:30:25,1
17557256,house,1,sale,Plateia Kipselis (Athens - Center),38.002773,23.739996,75,8,2,1,vip,20351,2026-01-27 06:30:23,2026-01-27 06:30:23,1
17567649,house,3,sale,Ano Ekali (Ekali),38.114262,23.857067,257,3,4,2,vip,1799,2026-01-27 06:30:25,2026-01-27 06:30:25,1
17577877,house,3,sale,Kalymniotika (Voula),37.838596,23.7733,220,8,3,2,vip,10796,2026-01-27 06:30:22,2026-01-27 06:30:22,1
17578284,house,1,sale,Nea Kipseli (Athens - Center),37.997879,23.74299,37,1,1,1,vip,14721,2026-01-27 06:30:18,2026-01-27 06:30:18,1
17579504,house,4,sale,Ntrafi (Pikermi),38.016148,23.907806,575,3,6,5,vip,3155,2026-01-27 06:30:22,2026-01-27 06:30:22,1
17598038,house,1,sale,Kolonaki (Kolonaki - Lykavittos),37.978088,23.749571,161,9,3,2,vip,3155,2026-01-27 06:30:25,2026-01-27 06:30:25,1
17600852,house,1,sale,Elinoroson (Athens - Center),37.999298,23.773413,92,7,2,1,vip,18423,2026-01-27 06:30:25,2026-01-27 06:30:25,1
17601682,house,3,sale,Ano Elliniko (Elliniko),37.889843,23.746763,265,9,4,3,vip,4594,2026-01-27 06:30:23,2026-01-27 06:30:23,1
17602831,house,1,sale,Evryali (Voula),37.850685,23.755037,105,7,2,1,vip,10796,2026-01-27 06:30:22,2026-01-27 06:30:22,1
17604619,house,3,sale,Nea Kifisia (Kifisia),38.08997,23.796043,200,0,4,2,vip,5654,2026-01-27 06:30:22,2026-01-27 06:30:22,1
17608670,house,1,sale,Erithros (Athens - Center),37.992851,23.771446,72,7,2,1,vip,15785,2026-01-27 06:30:18,2026-01-27 06:30:18,1
17608770,house,1,sale,Center (Nea Smyrni),37.945923,23.716499,165,7,4,1,vip,7437,2026-01-27 06:30:23,2026-01-27 06:30:23,1
17615072,house,3,sale,Neo Chalandri (Chalandri),38.015678,23.803782,150,8,4,2,vip,24018,2026-01-27 06:30:22,2026-01-27 06:30:22,1
17615359,house,1,sale,Chaidari (Athens - West),38.015205,23.645653,130,9,3,2,vip,13244,2026-01-27 06:30:18,2026-01-27 06:30:18,1
17629292,house,1,sale,Agia Kiriaki (Kifisia),38.071289,23.801109,90,6,2,1,vip,21311,2026-01-27 06:30:25,2026-01-27 06:30:25,1
17636242,house,4,sale,Kefalari (Kifisia),38.077953,23.82641,520,3,5,5,vip,5654,2026-01-27 06:30:22,2026-01-27 06:30:22,1
17637296,house,4,sale,Strofili (Kifisia),38.074337,23.809525,430,3,5,4,vip,3155,2026-01-27 06:30:22,2026-01-27 06:30:22,1
17646801,house,1,sale,Ano Kipseli (Athens - Center),38.004463,23.735594,137,10,2,1,vip,5011,2026-01-27 01:18:02,2026-01-27 01:18:02,1
17647374,house,1,sale,Fokionos Negri (Athens - Center),38.000778,23.738962,20,11,1,1,vip,5011,2026-01-27 01:18:02,2026-01-27 01:18:02,1
17649703,house,1,sale,Sepolia - Skouze (Athens - Center),38.001339,23.720058,74,7,2,1,vip,8796,2026-01-27 06:30:23,2026-01-27 06:30:23,1
17659602,house,3,sale,Dikigorika (Voula),37.843327,23.773458,150,3,3,3,vip,4594,2026-01-27 06:30:23,2026-01-27 06:30:23,1
17663688,house,1,sale,Pagkrati Center (Athens - Center),37.96648,23.753439,55,0,2,1,vip,3786,2026-01-27 06:30:18,2026-01-27 06:30:18,1
17666831,house,1,sale,Ano Glyfada (Glyfada),37.879303,23.768782,193,7,3,2,vip,5011,2026-01-27 01:18:02,2026-01-27 01:18:02,1
17666934,house,1,sale,Pagkrati (Athens - Center),37.96809,23.748535,51,9,1,1,vip,8796,2026-01-27 06:30:22,2026-01-27 06:30:22,1
17674442,house,1,sale,Polidroso (Chalandri),38.029415,23.806278,119,9,3,1,vip,24018,2026-01-27 06:30:22,2026-01-27 06:30:22,1
17683112,house,1,sale,Kallithea (Athens - South),37.945103,23.698418,47,8,1,1,vip,8796,2026-01-27 06:30:22,2026-01-27 06:30:22,1
17683881,house,3,sale,Kolonaki (Kolonaki - Lykavittos),37.980057,23.744883,107,3,3,2,vip,3155,2026-01-27 06:30:23,2026-01-27 06:30:23,1
17691403,house,1,sale,Pagkrati Center (Athens - Center),37.973068,23.746819,110,8,2,1,vip,3155,2026-01-27 06:30:23,2026-01-27 06:30:23,1
17714042,house,1,sale,Kallithea (Athens - South),37.959072,23.716946,43,6,1,1,vip,8796,2026-01-27 06:30:23,2026-01-27 06:30:23,1
17714257,house,1,sale,Nea Filothei (Marousi),38.027668,23.786564,117,9,3,2,vip,5654,2026-01-27 01:18:02,2026-01-27 01:18:02,1
17716832,house,4,sale,Lagonisi (Kalivia Thorikou),37.774429,23.90201,395,3,4,3,vip,4594,2026-01-27 06:30:23,2026-01-27 06:30:23,1
17717052,house,1,sale,Glyfada - center (Glyfada),37.861378,23.754026,176,7,3,3,vip,4594,2026-01-27 06:30:23,2026-01-27 06:30:23,1
17721910,house,1,sale,Neo Faliro (Piraeus),37.945473,23.66806,121,9,2,1,vip,15785,2026-01-27 06:30:18,2026-01-27 06:30:18,1
17725271,house,6,sale,Ano Kipseli (Athens - Center),38.005508,23.74135,496,0,7,6,vip,14420,2026-01-27 01:18:02,2026-01-27 01:18:02,1
17727258,house,1,sale,Center (Voula),37.841282,23.762945,163,9,3,2,vip,5349,2026-01-27 01:18:02,2026-01-27 01:18:02,1
17737285,house,1,sale,Kolonaki (Kolonaki - Lykavittos),37.982311,23.736465,300,6,5,3,vip,3155,2026-01-27 06:30:25,2026-01-27 06:30:25,1
17743232,house,3,sale,Varkiza (Vari - Varkiza),37.820366,23.793779,440,3,4,3,vip,5349,2026-01-27 01:18:02,2026-01-27 01:18:02,1
17747699,house,3,sale,Alimos (Athens - South),37.904888,23.72459,175,9,3,3,vip,4474,2026-01-27 06:30:20,2026-01-27 06:30:20,1
17747878,house,1,sale,Glyfada - center (Glyfada),37.864422,23.757576,137,6,3,3,vip,4474,2026-01-27 06:30:20,2026-01-27 06:30:20,1
17749856,house,1,sale,Center (Kifisia),38.077572,23.817682,150,6,3,2,vip,5654,2026-01-27 06:30:25,2026-01-27 06:30:25,1
17758130,house,1,sale,Gkrava (Athens - Center),38.014622,23.737965,83,8,2,1,vip,21801,2026-01-27 06:30:25,2026-01-27 06:30:25,1
17759251,house,3,sale,Glyfada - center (Glyfada),37.864422,23.757576,147,8,3,3,vip,4474,2026-01-27 06:30:20,2026-01-27 06:30:20,1
17762864,house,3,sale,Neo Faliro center (Neo Faliro),37.946781,23.669128,150,13,3,3,vip,3155,2026-01-27 01:18:02,2026-01-27 01:18:02,1
17764004,house,1,sale,Menidiatika (Galatsi),38.011292,23.757519,97,6,2,2,vip,24018,2026-01-27 06:30:22,2026-01-27 06:30:22,1
17771072,house,1,sale,Center (Gerakas),38.018787,23.852476,79,3,2,1,vip,20325,2026-01-27 06:30:25,2026-01-27 06:30:25,1
17777673,house,1,sale,Menidiatika (Galatsi),38.010162,23.758408,99,8,2,2,vip,24018,2026-01-27 06:30:22,2026-01-27 06:30:22,1
17786148,house,1,sale,Ilion (Athens - West),38.03574,23.690727,72,7,2,1,vip,13244,2026-01-27 06:30:18,2026-01-27 06:30:18,1
17786663,house,3,sale,Panorama (Voula),37.855446,23.781382,298,3,4,2,vip,4594,2026-01-27 06:30:23,2026-01-27 06:30:23,1
17786932,house,1,sale,Lathea (Acharnes),38.092548,23.743162,104,7,3,1,vip,5011,2026-01-27 01:18:02,2026-01-27 01:18:02,1
17789364,house,3,sale,Agios Georgios (Neo Psychiko),38.007236,23.784729,190,9,4,3,vip,24018,2026-01-27 06:30:22,2026-01-27 06:30:22,1
17792356,house,1,sale,Floisvos (Palaio Faliro),37.924694,23.693991,138,6,3,1,vip,15785,2026-01-27 06:30:18,2026-01-27 06:30:18,1
17800594,house,7,sale,Akropoli (Athens - Center),37.967999,23.725451,450,3,7,5,vip,7921,2026-01-27 01:18:02,2026-01-27 01:18:02,1
17801001,house,1,sale,Center (Vrilissia),38.03603,23.829525,165,9,3,1,vip,3155,2026-01-27 06:30:25,2026-01-27 06:30:25,1
17809500,house,1,sale,Center (Argyroupoli),37.908569,23.755831,118,7,3,1,vip,8027,2026-01-27 06:30:20,2026-01-27 06:30:20,1
17810013,house,4,sale,Center (Dionisos),38.106552,23.878887,550,3,7,5,vip,6532,2026-01-27 06:30:20,2026-01-27 06:30:20,1
17810305,house,4,sale,Center (Dionisos),38.108036,23.883978,300,3,4,3,vip,6532,2026-01-27 06:30:20,2026-01-27 06:30:20,1
17810370,house,4,sale,Dionisos (Athens - North),38.100956,23.893541,735,3,11,4,vip,6532,2026-01-27 06:30:20,2026-01-27 06:30:20,1
17810723,house,3,sale,Kastritsa (Nea Erithraia),38.101273,23.824581,300,3,4,3,vip,6532,2026-01-27 06:30:20,2026-01-27 06:30:20,1
17810794,house,4,sale,Ano Drossia (Drossia),38.118214,23.864872,600,3,7,4,vip,6532,2026-01-27 06:30:20,2026-01-27 06:30:20,1
17811079,house,4,sale,Ekali (Athens - North),38.110722,23.84967,220,3,4,2,vip,6532,2026-01-27 06:30:22,2026-01-27 06:30:22,1
17811090,house,4,sale,Anoixi (Athens - North),38.118484,23.842367,330,3,4,4,vip,6532,2026-01-27 06:30:20,2026-01-27 06:30:20,1
17811372,house,3,sale,Ekali (Athens - North),38.110191,23.852541,520,3,5,4,vip,6532,2026-01-27 06:30:20,2026-01-27 06:30:20,1
17811404,house,3,sale,Rea (Drossia),38.104004,23.864985,400,3,5,3,vip,6532,2026-01-27 06:30:20,2026-01-27 06:30:20,1
17811496,house,4,sale,Ekali (Athens - North),38.105656,23.847195,350,3,4,4,vip,6532,2026-01-27 06:30:20,2026-01-27 06:30:20,1
17811513,house,3,sale,Agios Artemios (Athens - Center),37.957901,23.739178,74,9,2,2,vip,6532,2026-01-27 06:30:20,2026-01-27 06:30:20,1
17811568,house,3,sale,Politeia (Kifisia),38.082577,23.827095,376,3,6,6,vip,6532,2026-01-27 06:30:20,2026-01-27 06:30:20,1
17811581,house,1,sale,Politeia (Kifisia),38.083637,23.824486,140,7,3,2,vip,6532,2026-01-27 06:30:20,2026-01-27 06:30:20,1
17811586,house,3,sale,Kastri - Politeia (Nea Erithraia),38.090511,23.824543,252,7,3,3,vip,6532,2026-01-27 06:30:20,2026-01-27 06:30:20,1
17811631,house,1,sale,Zirineio (Kifisia),38.069206,23.819948,159,3,3,3,vip,6532,2026-01-27 06:30:20,2026-01-27 06:30:20,1
17811664,house,1,sale,Drossia (Athens - North),38.105827,23.865128,102,7,2,1,vip,6532,2026-01-27 06:30:20,2026-01-27 06:30:20,1
17811707,house,1,sale,Kipriadou - Ano Patisia (Athens - Center),38.018467,23.73888,115,6,3,2,vip,6532,2026-01-27 06:30:20,2026-01-27 06:30:20,1
17811766,house,1,sale,Kipriadou - Ano Patisia (Athens - Center),38.018467,23.73888,117,10,3,2,vip,6532,2026-01-27 06:30:20,2026-01-27 06:30:20,1
17811855,house,4,sale,Penteli (Athens - North),38.039902,23.857754,640,3,7,5,vip,6532,2026-01-27 06:30:20,2026-01-27 06:30:20,1
17811860,house,3,sale,Center (Kifisia),38.076752,23.817505,211,3,5,4,vip,6532,2026-01-27 06:30:20,2026-01-27 06:30:20,1
17811865,house,3,sale,Center (Kifisia),38.076923,23.818686,203,7,4,3,vip,6532,2026-01-27 06:30:20,2026-01-27 06:30:20,1
17811885,house,4,sale,Drossia center (Drossia),38.110249,23.863335,365,3,4,3,vip,6532,2026-01-27 06:30:20,2026-01-27 06:30:20,1
17811918,house,3,sale,Dionisos (Athens - North),38.096172,23.886225,400,3,5,4,vip,6532,2026-01-27 06:30:20,2026-01-27 06:30:20,1
17811943,house,4,sale,Agios Stefanos (Athens - North),38.147362,23.857138,290,3,4,3,vip,6532,2026-01-27 06:30:20,2026-01-27 06:30:20,1
17811945,house,1,sale,Kato Pefki (Pefki),38.057011,23.790979,112,6,3,1,vip,6532,2026-01-27 06:30:20,2026-01-27 06:30:20,1
17811960,house,3,sale,Ekali (Athens - North),38.112865,23.842155,600,3,6,4,vip,6532,2026-01-27 06:30:20,2026-01-27 06:30:20,1
17811985,house,3,sale,Neo Psychiko (Athens - North),38.008366,23.783976,208,9,4,4,vip,6532,2026-01-27 06:30:20,2026-01-27 06:30:20,1
17812011,house,1,sale,Nea Kifisia (Kifisia),38.098827,23.809435,150,7,3,2,vip,6532,2026-01-27 06:30:20,2026-01-27 06:30:20,1
17812051,house,1,sale,Kato Pefki (Pefki),38.05727,23.791775,112,9,3,1,vip,6532,2026-01-27 06:30:20,2026-01-27 06:30:20,1
17812054,house,1,sale,Kato Pefki (Pefki),38.057285,23.79184,87,10,2,1,vip,6532,2026-01-27 06:30:20,2026-01-27 06:30:20,1
17812164,house,1,sale,Agia Kiriaki (Kifisia),38.073788,23.805485,97,8,3,2,vip,6532,2026-01-27 06:30:20,2026-01-27 06:30:20,1
17812198,house,3,sale,Kastri - Politeia (Nea Erithraia),38.09053,23.82955,360,3,4,4,vip,6532,2026-01-27 06:30:20,2026-01-27 06:30:20,1
17812207,house,4,sale,Mortero (Nea Erithraia),38.10006,23.823938,450,3,5,4,vip,6532,2026-01-27 06:30:20,2026-01-27 06:30:20,1
17812225,house,1,sale,Melissia (Athens - North),38.060757,23.842541,163,6,3,2,vip,6532,2026-01-27 06:30:20,2026-01-27 06:30:20,1
17812308,house,3,sale,Center (Nea Erithraia),38.092205,23.820526,200,10,3,2,vip,6532,2026-01-27 06:30:20,2026-01-27 06:30:20,1
17812345,house,4,sale,Ekali (Athens - North),38.106949,23.838041,530,3,6,6,vip,6532,2026-01-27 06:30:20,2026-01-27 06:30:20,1
17812384,house,3,sale,Ekali (Athens - North),38.113701,23.851843,400,3,4,3,vip,6532,2026-01-27 06:30:20,2026-01-27 06:30:20,1
17812392,house,3,sale,Kato Kifisia (Kifisia),38.075924,23.805761,250,3,4,3,vip,6532,2026-01-27 06:30:20,2026-01-27 06:30:20,1
17812423,house,1,sale,Neo Terma (Marousi),38.056679,23.802023,108,8,3,2,vip,6532,2026-01-27 06:30:20,2026-01-27 06:30:20,1
17812437,house,4,sale,Dionisos (Athens - North),38.111565,23.874205,450,3,4,2,vip,6532,2026-01-27 06:30:20,2026-01-27 06:30:20,1
17812477,house,1,sale,Drossia center (Drossia),38.114655,23.865051,93,3,2,2,vip,6532,2026-01-27 06:30:20,2026-01-27 06:30:20,1
17812492,house,3,sale,Drossia center (Drossia),38.112072,23.863808,127,7,3,2,vip,6532,2026-01-27 06:30:20,2026-01-27 06:30:20,1
17812561,house,4,sale,Ekali (Athens - North),38.116512,23.840397,800,3,5,6,vip,6532,2026-01-27 06:30:20,2026-01-27 06:30:20,1
17812589,house,1,sale,Drossia center (Drossia),38.112476,23.864408,112,3,3,1,vip,6532,2026-01-27 06:30:20,2026-01-27 06:30:20,1
17812625,house,1,sale,Ethnikiston kai Anapiron Polemou (Nea Erithraia),38.094601,23.810188,120,3,3,2,vip,6532,2026-01-27 06:30:20,2026-01-27 06:30:20,1
17812674,house,3,sale,Center (Dionisos),38.105816,23.885525,200,3,4,2,vip,6532,2026-01-27 06:30:20,2026-01-27 06:30:20,1
17812782,house,3,sale,Politeia (Kifisia),38.085159,23.82118,550,3,6,4,vip,6532,2026-01-27 06:30:20,2026-01-27 06:30:20,1
17812833,house,3,sale,Center (Nea Erithraia),38.091511,23.81949,189,3,3,2,vip,6532,2026-01-27 06:30:20,2026-01-27 06:30:20,1
17812838,house,3,sale,Neo Chalandri (Chalandri),38.016193,23.804539,130,8,3,1,vip,6532,2026-01-27 06:30:20,2026-01-27 06:30:20,1
17812850,house,3,sale,Kastritsa (Nea Erithraia),38.106068,23.827011,280,3,3,1,vip,6532,2026-01-27 06:30:20,2026-01-27 06:30:20,1
17812892,house,3,sale,Drossia center (Drossia),38.111382,23.863838,243,6,4,3,vip,6532,2026-01-27 06:30:20,2026-01-27 06:30:20,1
17812914,house,1,sale,Kastri - Politeia (Nea Erithraia),38.08643,23.825422,140,6,3,2,vip,6532,2026-01-27 06:30:20,2026-01-27 06:30:20,1
17812926,house,3,sale,Ekali (Athens - North),38.11414,23.855169,370,3,4,3,vip,6532,2026-01-27 06:30:20,2026-01-27 06:30:20,1
17812944,house,4,sale,Dionisos (Athens - North),38.092686,23.890347,1600,3,9,8,vip,6532,2026-01-27 06:30:20,2026-01-27 06:30:20,1
17812947,house,1,sale,Center (Vrilissia),38.035255,23.839481,115,7,3,1,vip,6532,2026-01-27 06:30:20,2026-01-27 06:30:20,1
17812949,house,4,sale,Ekali (Athens - North),38.108444,23.843582,650,3,7,6,vip,6532,2026-01-27 06:30:20,2026-01-27 06:30:20,1
17812969,house,1,sale,Kastri - Politeia (Nea Erithraia),38.092522,23.822998,140,6,2,2,vip,6532,2026-01-27 06:30:20,2026-01-27 06:30:20,1
17812973,house,4,sale,Ekali (Athens - North),38.114658,23.845032,800,3,6,7,vip,6532,2026-01-27 06:30:20,2026-01-27 06:30:20,1
17812990,house,4,sale,Adames Oikismos Grammos - Foinikas (Kifisia),38.094589,23.790005,360,3,5,3,vip,6532,2026-01-27 06:30:20,2026-01-27 06:30:20,1
17812998,house,4,sale,Dionisos (Athens - North),38.104744,23.847803,500,3,5,2,vip,6532,2026-01-27 06:30:20,2026-01-27 06:30:20,1
17813087,house,1,sale,Politeia (Kifisia),38.082558,23.819424,200,6,4,2,vip,6532,2026-01-27 06:30:20,2026-01-27 06:30:20,1
17816840,house,1,sale,Plateia Amerikis (Athens - Center),38.00098,23.732399,94,6,2,1,vip,6532,2026-01-27 06:30:20,2026-01-27 06:30:20,1
17818629,house,1,sale,Nea Filothei (Marousi),38.027996,23.786327,101,6,3,1,vip,5654,2026-01-27 01:18:02,2026-01-27 01:18:02,1
17819302,house,4,sale,Ano Glyfada (Glyfada),37.885559,23.764629,230,3,5,2,vip,22585,2026-01-27 06:30:18,2026-01-27 06:30:18,1
17819390,house,6,sale,Kalymniotika (Voula),37.838127,23.78129,390,3,7,1,vip,5349,2026-01-27 01:18:02,2026-01-27 01:18:02,1
17819491,house,3,sale,Kalymniotika (Voula),37.838425,23.780195,130,8,3,2,vip,5349,2026-01-27 01:18:02,2026-01-27 01:18:02,1
17819856,house,1,sale,Lykavittos (Kolonaki - Lykavittos),37.984268,23.743587,200,9,4,2,vip,3155,2026-01-27 06:30:23,2026-01-27 06:30:23,1
17820817,house,3,sale,Faneromeni (Cholargos),38.002148,23.796499,138,9,3,2,vip,3155,2026-01-27 06:30:18,2026-01-27 06:30:18,1
17829726,house,4,sale,Ano Patima (Chalandri),38.04277,23.852779,236,9,3,3,vip,24018,2026-01-27 06:30:22,2026-01-27 06:30:22,1
17832505,house,1,sale,Center (Gerakas),38.019135,23.853523,82,3,2,1,vip,20325,2026-01-27 06:30:25,2026-01-27 06:30:25,1
17837048,house,3,sale,Voula (Athens - South),37.825504,23.776432,168,7,0,0,vip,3288,2026-01-27 06:30:22,2026-01-27 06:30:22,1
17840116,house,1,sale,Center (Pallini),38.001728,23.874903,54,3,1,1,vip,18423,2026-01-27 06:30:25,2026-01-27 06:30:25,1
17841854,house,3,sale,Vouliagmeni (Athens - South),37.821278,23.783802,286,7,4,4,vip,3288,2026-01-27 06:30:22,2026-01-27 06:30:22,1
17841899,house,3,sale,Ano Glyfada (Glyfada),37.878223,23.761625,111,3,3,2,vip,22592,2026-01-27 06:30:23,2026-01-27 06:30:23,1
17843703,house,3,sale,Lagonisi (Kalivia Thorikou),37.797436,23.889015,340,3,3,3,vip,5011,2026-01-27 01:18:02,2026-01-27 01:18:02,1
17845808,house,1,sale,Agios Georgios (Athens - Center),37.99995,23.733967,107,12,2,2,vip,10234,2026-01-27 06:30:25,2026-01-27 06:30:25,1
17845829,house,1,sale,Kato Elliniko (Elliniko),37.883484,23.73138,258,3,3,3,vip,4474,2026-01-27 06:30:20,2026-01-27 06:30:20,1
17846399,house,1,sale,Alimos (Athens - South),37.908798,23.725182,140,8,3,3,vip,5496,2026-01-27 01:18:02,2026-01-27 01:18:02,1
17852880,house,1,sale,Kalamaki (Alimos),37.914577,23.719482,92,8,2,1,vip,3868,2026-01-27 01:18:02,2026-01-27 01:18:02,1
17853910,house,4,sale,Saronida (Rest of Attica),37.751614,23.921709,250,3,6,2,vip,15785,2026-01-27 06:30:18,2026-01-27 06:30:18,1
17854084,house,3,sale,Voula (Athens - South),37.82539,23.776323,225,3,5,4,vip,3288,2026-01-27 06:30:22,2026-01-27 06:30:22,1
17858955,house,1,sale,Chatzikyriakeio (Piraiki - Chatzikyriakio),37.931721,23.631981,50,8,1,1,vip,21711,2026-01-27 06:30:23,2026-01-27 06:30:23,1
17861263,house,1,sale,Kolonaki (Kolonaki - Lykavittos),37.980358,23.73917,90,7,2,1,vip,3155,2026-01-27 06:30:23,2026-01-27 06:30:23,1
17865021,house,4,sale,Agia Paraskevi - Katsouli (Salamina),37.937496,23.482506,127,0,4,2,vip,515,2026-01-27 06:30:25,2026-01-27 06:30:25,1
17865240,house,1,sale,Kinosargous (Athens - Center),37.962143,23.727581,48,2,1,1,vip,5011,2026-01-27 01:18:02,2026-01-27 01:18:02,1
17888000,house,1,sale,Polidroso (Chalandri),38.028446,23.805454,112,6,3,2,vip,24018,2026-01-27 06:30:22,2026-01-27 06:30:22,1
17891104,house,1,sale,Paleo Irakleio (Iraklio),38.064037,23.773632,130,8,3,1,vip,5011,2026-01-27 01:18:02,2026-01-27 01:18:02,1
17892922,house,4,sale,Lagonisi (Kalivia Thorikou),37.795189,23.904314,200,3,4,3,vip,4594,2026-01-27 06:30:23,2026-01-27 06:30:23,1
17894493,house,4,sale,Center (Vouliagmeni),37.821335,23.780689,300,3,4,3,vip,3155,2026-01-27 06:30:23,2026-01-27 06:30:23,1
17896700,house,1,sale,Ano Ilioupoli (Ilioupoli),37.941185,23.763382,69,9,2,1,vip,19919,2026-01-27 06:30:18,2026-01-27 06:30:18,1
17900498,house,3,sale,Center (Voula),37.84185,23.761196,330,3,4,3,vip,5349,2026-01-27 01:18:02,2026-01-27 01:18:02,1
17900509,house,3,sale,Nea Kifisia (Kifisia),38.0886,23.795443,264,3,4,2,vip,18543,2026-01-27 06:30:25,2026-01-27 06:30:25,1
17901845,house,1,sale,Exarcheia (Athens - Center),37.985729,23.737602,56,6,1,1,vip,10234,2026-01-27 06:30:18,2026-01-27 06:30:18,1
17904874,house,1,sale,Kipseli (Athens - Center),38.001423,23.73423,93,10,2,1,vip,6532,2026-01-27 06:30:20,2026-01-27 06:30:20,1
17904885,house,1,sale,Kipseli (Athens - Center),38.001423,23.73423,64,6,2,1,vip,6532,2026-01-27 06:30:20,2026-01-27 06:30:20,1
17907390,house,1,sale,Agios Georgios (Athens - Center),37.997002,23.73373,74,3,2,1,vip,14721,2026-01-27 06:30:18,2026-01-27 06:30:18,1
17914498,house,3,sale,Glyfada - center (Glyfada),37.86689,23.748116,265,3,3,4,vip,5349,2026-01-27 01:18:02,2026-01-27 01:18:02,1
17919468,house,3,sale,Voula (Athens - South),37.84647,23.759211,433,3,4,4,vip,3288,2026-01-27 06:30:22,2026-01-27 06:30:22,1
17923197,house,1,sale,Kanapitsa (Metamorfosi),38.057713,23.757702,90,7,2,1,vip,5011,2026-01-27 01:18:02,2026-01-27 01:18:02,1
17930724,house,1,sale,Centre (Glika Nera),37.979488,23.85194,77,3,2,1,vip,20325,2026-01-27 06:30:25,2026-01-27 06:30:25,1
17931938,house,3,sale,Centre (Glika Nera),37.979488,23.85194,163,6,4,3,vip,20325,2026-01-27 06:30:25,2026-01-27 06:30:25,1
17932128,house,1,sale,College (Agia Paraskevi),38.007298,23.830751,135,9,3,2,vip,24018,2026-01-27 06:30:22,2026-01-27 06:30:22,1
17935791,house,1,sale,Balana (Gerakas),38.003624,23.855133,106,6,3,1,vip,20325,2026-01-27 06:30:25,2026-01-27 06:30:25,1
17935802,house,1,sale,Balana (Gerakas),38.003624,23.855133,108,7,3,1,vip,20325,2026-01-27 06:30:25,2026-01-27 06:30:25,1
17935890,house,1,sale,Balana (Gerakas),38.003624,23.855133,86,6,2,1,vip,20325,2026-01-27 06:30:25,2026-01-27 06:30:25,1
17936336,house,1,sale,Balana (Gerakas),38.003624,23.855133,80,6,2,1,vip,20325,2026-01-27 06:30:25,2026-01-27 06:30:25,1
17936349,house,1,sale,Balana (Gerakas),38.003624,23.855133,80,7,2,1,vip,20325,2026-01-27 06:30:25,2026-01-27 06:30:25,1
17936368,house,1,sale,Balana (Gerakas),38.003624,23.855133,106,6,3,1,vip,20325,2026-01-27 06:30:25,2026-01-27 06:30:25,1
17936378,house,1,sale,Balana (Gerakas),38.003624,23.855133,106,7,3,1,vip,20325,2026-01-27 06:30:25,2026-01-27 06:30:25,1
17937537,house,1,sale,Erithros (Athens - Center),37.99271,23.772551,53,9,1,1,vip,21270,2026-01-27 06:30:18,2026-01-27 06:30:18,1
17938963,house,1,sale,Balana (Gerakas),37.99918,23.855879,86,6,2,1,vip,21408,2026-01-27 06:30:25,2026-01-27 06:30:25,1
17943899,house,3,sale,Vari (Vari - Varkiza),37.833405,23.808039,255,3,4,4,vip,22592,2026-01-27 06:30:18,2026-01-27 06:30:18,1
17943943,house,1,sale,Voula (Athens - South),37.844917,23.764597,185,6,3,3,vip,3288,2026-01-27 06:30:22,2026-01-27 06:30:22,1
17945445,house,1,sale,Marousi (Athens - North),38.058216,23.798275,105,8,3,2,vip,6532,2026-01-27 06:30:20,2026-01-27 06:30:20,1
17954545,house,1,sale,Agios Georgios (Keratsini),37.962238,23.620037,80,6,2,1,vip,695,2026-01-27 06:30:23,2026-01-27 06:30:23,1
17960817,house,1,sale,Kolonaki (Kolonaki - Lykavittos),37.978497,23.744272,40,11,1,1,vip,13787,2026-01-27 06:30:25,2026-01-27 06:30:25,1
17960878,house,1,sale,Kolonaki (Kolonaki - Lykavittos),37.977947,23.742638,48,7,1,1,vip,13787,2026-01-27 06:30:18,2026-01-27 06:30:18,1
17962486,house,1,sale,Varkiza (Vari - Varkiza),37.811413,23.798214,90,7,2,2,vip,4594,2026-01-27 06:30:23,2026-01-27 06:30:23,1
17964389,house,1,sale,Thimarakia (Athens - Center),38.004738,23.725264,103,6,2,1,vip,21270,2026-01-27 06:30:18,2026-01-27 06:30:18,1
17968830,house,4,sale,Spetses (Argosaronikos islands),37.271492,23.147123,1000,3,8,9,vip,6532,2026-01-27 06:30:20,2026-01-27 06:30:20,1
17970854,house,1,sale,Gkrava (Athens - Center),38.011723,23.738935,72,6,2,1,vip,21270,2026-01-27 06:30:18,2026-01-27 06:30:18,1
17973934,house,3,sale,Center (Voula),37.851158,23.76581,160,4,3,3,vip,21752,2026-01-27 06:30:22,2026-01-27 06:30:22,1
17975964,house,1,sale,Panagitsa (Palaio Faliro),37.924744,23.699291,110,7,3,1,vip,3155,2026-01-27 06:30:23,2026-01-27 06:30:23,1
17975969,house,1,sale,Panagitsa (Palaio Faliro),37.924438,23.699924,110,8,3,1,vip,3155,2026-01-27 01:18:02,2026-01-27 01:18:02,1
17975974,house,1,sale,Panagitsa (Palaio Faliro),37.925919,23.696329,110,9,3,1,vip,3155,2026-01-27 06:30:22,2026-01-27 06:30:22,1
17975982,house,1,sale,Panagitsa (Palaio Faliro),37.923992,23.699043,110,10,3,1,vip,3155,2026-01-27 06:30:23,2026-01-27 06:30:23,1
17980678,house,1,sale,Pasalimani (Kastella - Passalimani),37.938274,23.653805,91,9,2,1,vip,17224,2026-01-27 06:30:18,2026-01-27 06:30:18,1
17986265,house,1,sale,Gargittos (Gerakas),38.024681,23.855297,82,3,2,2,vip,20325,2026-01-27 06:30:25,2026-01-27 06:30:25,1
17986307,house,1,sale,Gargittos (Gerakas),38.024807,23.855116,81,7,2,1,vip,20325,2026-01-27 06:30:25,2026-01-27 06:30:25,1
17992267,house,1,sale,Ano Papagou (Papagou),37.979538,23.796227,148,6,3,2,vip,3155,2026-01-27 06:30:25,2026-01-27 06:30:25,1
17993076,house,1,sale,Tzitzifies (Kallithea),37.949394,23.694464,95,6,2,1,vip,24290,2026-01-27 06:30:20,2026-01-27 06:30:20,1
17993694,house,1,sale,Varnava (Athens - Center),37.966904,23.747589,51,9,1,1,vip,13787,2026-01-27 06:30:18,2026-01-27 06:30:18,1
17998190,house,3,sale,Glyfada - center (Glyfada),37.866528,23.748892,258,8,4,4,vip,5349,2026-01-27 01:18:02,2026-01-27 01:18:02,1
18008876,house,1,sale,Attiki (Athens - Center),37.994312,23.72666,108,9,3,1,vip,5496,2026-01-27 01:18:02,2026-01-27 01:18:02,1
18011052,house,3,sale,Vouliagmeni (Athens - South),37.819328,23.780025,239,3,4,4,vip,3288,2026-01-27 06:30:22,2026-01-27 06:30:22,1
18011080,house,3,sale,Kefalari (Kifisia),38.077732,23.825794,166,3,3,2,vip,3155,2026-01-27 06:30:23,2026-01-27 06:30:23,1
18017018,house,4,sale,Neapoli (Nikaia),37.974243,23.633022,113,3,3,2,vip,8606,2026-01-27 06:30:22,2026-01-27 06:30:22,1
18025063,house,4,sale,Porto Rafti (Markopoulo),37.904659,23.983841,540,3,6,5,vip,4989,2026-01-27 06:30:18,2026-01-27 06:30:18,1
18032634,house,1,sale,Pagkrati Center (Athens - Center),37.96767,23.751499,88,9,3,1,vip,14721,2026-01-27 06:30:18,2026-01-27 06:30:18,1
18036827,house,1,sale,Thimarakia (Athens - Center),38.003086,23.727282,52,7,1,1,vip,20312,2026-01-27 06:30:22,2026-01-27 06:30:22,1
18040661,house,4,sale,Neos Kouvaras - Peta (Kouvaras),37.82428,23.955151,66,3,2,1,vip,4594,2026-01-27 06:30:23,2026-01-27 06:30:23,1
18047438,house,1,sale,Kolonaki (Kolonaki - Lykavittos),37.978294,23.750565,150,9,3,2,vip,10234,2026-01-27 06:30:25,2026-01-27 06:30:25,1
18047512,house,1,sale,Kolonaki (Kolonaki - Lykavittos),37.978355,23.741756,50,10,1,1,vip,10234,2026-01-27 06:30:25,2026-01-27 06:30:25,1
18050987,house,1,sale,Vouliagmeni (Athens - South),37.819881,23.778931,52,6,1,1,vip,15785,2026-01-27 06:30:18,2026-01-27 06:30:18,1
18053369,house,1,sale,Golf (Glyfada),37.883228,23.749445,223,7,4,2,vip,4474,2026-01-27 06:30:20,2026-01-27 06:30:20,1
18060441,house,1,sale,Center (Voula),37.849136,23.762081,100,6,2,1,vip,10234,2026-01-27 06:30:22,2026-01-27 06:30:22,1
18060807,house,3,sale,Stavros Geraka (Gerakas),38.009628,23.855417,225,3,3,3,vip,3155,2026-01-27 01:18:02,2026-01-27 01:18:02,1
18084701,house,1,sale,Pagkrati (Athens - Center),37.967979,23.747252,115,8,2,1,vip,15785,2026-01-27 06:30:18,2026-01-27 06:30:18,1
18084761,house,1,sale,Chatzikyriakeio (Piraiki - Chatzikyriakio),37.936577,23.630606,87,6,2,1,vip,695,2026-01-27 06:30:23,2026-01-27 06:30:23,1
18093572,house,1,sale,Kallithea (Athens - South),37.946377,23.699383,83,7,2,2,vip,19634,2026-01-27 06:30:22,2026-01-27 06:30:22,1
18093574,house,3,sale,Kallithea (Athens - South),37.946712,23.69964,84,11,2,1,vip,19634,2026-01-27 06:30:22,2026-01-27 06:30:22,1
18093586,house,1,sale,Neapoli (Nikaia),37.984085,23.635557,75,6,2,1,vip,19634,2026-01-27 06:30:22,2026-01-27 06:30:22,1
18093589,house,1,sale,Nikaia (Piraeus suburbs),37.969872,23.640495,56,6,1,1,vip,19634,2026-01-27 06:30:22,2026-01-27 06:30:22,1
18093648,house,3,sale,Neapoli (Nikaia),37.984085,23.635557,137,12,3,3,vip,19634,2026-01-27 06:30:22,2026-01-27 06:30:22,1
18093652,house,3,sale,Kato Aigaleo - Estavromenou (Aigaleo),37.991051,23.681526,155,11,4,2,vip,19634,2026-01-27 06:30:22,2026-01-27 06:30:22,1
18093669,house,1,sale,Drapetsona (Piraeus suburbs),37.947323,23.624027,103,9,3,2,vip,19634,2026-01-27 06:30:22,2026-01-27 06:30:22,1
18093718,house,3,sale,Agios Dimitrios (Athens - South),37.921257,23.731037,119,11,3,2,vip,19634,2026-01-27 06:30:22,2026-01-27 06:30:22,1
18093737,house,3,sale,Neapoli (Nikaia),37.984692,23.634777,124,11,3,2,vip,19634,2026-01-27 06:30:22,2026-01-27 06:30:22,1
18098232,house,1,sale,Pagkrati Center (Athens - Center),37.972618,23.74991,52,3,1,1,vip,21711,2026-01-27 06:30:23,2026-01-27 06:30:23,1
18098505,house,4,sale,Porto Rafti (Markopoulo),37.899326,24.014423,178,3,3,2,vip,4594,2026-01-27 06:30:23,2026-01-27 06:30:23,1
18102012,house,1,sale,Ampelokipoi (Athens - Center),37.989254,23.762709,89,4,2,1,vip,3155,2026-01-27 01:18:02,2026-01-27 01:18:02,1
18102294,house,1,sale,Pasalimani (Kastella - Passalimani),37.937775,23.653467,91,9,2,1,vip,3155,2026-01-27 06:30:25,2026-01-27 06:30:25,1
18102311,house,3,sale,Chatzikyriakeio (Piraiki - Chatzikyriakio),37.931793,23.632471,150,8,3,1,vip,3155,2026-01-27 06:30:23,2026-01-27 06:30:23,1
18102695,house,1,sale,Agios Vasileios (Kallipoli - Freattida),37.928474,23.642256,78,10,2,1,vip,3155,2026-01-27 06:30:23,2026-01-27 06:30:23,1
18103457,house,3,sale,Kalymniotika (Voula),37.838116,23.778147,177,8,3,2,vip,4594,2026-01-27 06:30:23,2026-01-27 06:30:23,1
18111696,house,1,sale,Pagkrati (Athens - Center),37.966061,23.749739,95,8,3,1,vip,5496,2026-01-27 01:18:02,2026-01-27 01:18:02,1
18113019,house,1,sale,Centre (Palaio Faliro),37.930149,23.69816,57,8,2,1,vip,21311,2026-01-27 06:30:25,2026-01-27 06:30:25,1
18125951,house,3,sale,Agios Georgios (Keratsini),37.960789,23.620478,120,6,3,1,vip,695,2026-01-27 06:30:23,2026-01-27 06:30:23,1
18127004,house,1,sale,Glyfada - center (Glyfada),37.85424,23.761078,70,7,2,1,vip,4474,2026-01-27 06:30:20,2026-01-27 06:30:20,1
18133523,house,4,sale,Vari - Varkiza (Athens - South),37.820469,23.802654,300,3,5,1,vip,4594,2026-01-27 06:30:23,2026-01-27 06:30:23,1
18134954,house,1,sale,Agiou Meletiou - Victorias Square - Marni (Athens - Center),37.998821,23.73246,62,7,2,1,vip,18220,2026-01-27 06:30:22,2026-01-27 06:30:22,1
18135135,house,3,sale,Strofili (Kifisia),38.074169,23.810099,240,3,3,3,vip,3155,2026-01-27 06:30:23,2026-01-27 06:30:23,1
18135307,house,1,sale,Center (Peristeri),38.012203,23.695719,70,7,2,2,vip,13714,2026-01-27 06:30:23,2026-01-27 06:30:23,1
18147546,house,1,sale,Center (Gerakas),38.018925,23.853148,117,3,3,2,vip,20325,2026-01-27 06:30:25,2026-01-27 06:30:25,1
18153099,house,1,sale,Kolonaki (Kolonaki - Lykavittos),37.977318,23.742393,97,6,2,1,vip,10234,2026-01-27 06:30:23,2026-01-27 06:30:23,1
18158293,house,1,sale,Nea Zoi (Agia Paraskevi),38.008495,23.812551,80,6,2,1,vip,13787,2026-01-27 06:30:25,2026-01-27 06:30:25,1
18165955,house,1,sale,Plateia Amerikis (Athens - Center),38.003269,23.733999,105,11,2,1,vip,7921,2026-01-27 01:18:02,2026-01-27 01:18:02,1
18166887,house,4,sale,Ano Chalandri (Chalandri),38.027859,23.816311,87,3,2,1,vip,17404,2026-01-27 06:30:22,2026-01-27 06:30:22,1
18167150,house,1,sale,Ano Cholargos (Cholargos),37.99609,23.808924,159,10,3,2,vip,13787,2026-01-27 06:30:25,2026-01-27 06:30:25,1
18167242,house,3,sale,Ano Papagou (Papagou),37.988148,23.797852,307,3,5,3,vip,2900,2026-01-27 06:30:22,2026-01-27 06:30:22,1
18167529,house,1,sale,Kolonaki (Kolonaki - Lykavittos),37.979313,23.745699,73,8,2,1,vip,2900,2026-01-27 06:30:22,2026-01-27 06:30:22,1
18167542,house,3,sale,Vironas (Athens - South),37.961727,23.760462,114,7,2,2,vip,2900,2026-01-27 06:30:22,2026-01-27 06:30:22,1
18170419,house,3,sale,Ano Glyfada (Glyfada),37.87183,23.763231,98,9,2,1,vip,5349,2026-01-27 01:18:02,2026-01-27 01:18:02,1
18171102,house,1,sale,Chrisaki (Kallithea),37.950016,23.704292,86,7,2,1,vip,24018,2026-01-27 06:30:22,2026-01-27 06:30:22,1
18171369,house,6,sale,Alimos (Athens - South),37.909515,23.714483,534,3,5,3,vip,2992,2026-01-27 06:30:25,2026-01-27 06:30:25,1
18171659,house,3,sale,Kato Ekali (Ekali),38.115879,23.852186,400,3,3,3,vip,5654,2026-01-27 06:30:22,2026-01-27 06:30:22,1
18172705,house,4,sale,Agia Paraskevi (Athens - North),38.022488,23.840599,233,3,4,4,vip,5496,2026-01-27 01:18:02,2026-01-27 01:18:02,1
18173424,house,1,sale,Evryali (Voula),37.850105,23.756327,104,7,2,2,vip,4650,2026-01-27 06:30:23,2026-01-27 06:30:23,1
18177944,house,1,sale,Lofos Sikelias (Kallithea),37.958996,23.71739,47,7,1,1,vip,3786,2026-01-27 06:30:18,2026-01-27 06:30:18,1
18179409,house,1,sale,Chatzikyriakeio (Piraiki - Chatzikyriakio),37.93528,23.633924,100,7,2,1,vip,1799,2026-01-27 06:30:25,2026-01-27 06:30:25,1
18179813,house,3,sale,Agios Thomas (Marousi),38.0415,23.791119,200,3,3,2,vip,2900,2026-01-27 06:30:22,2026-01-27 06:30:22,1
18180340,house,4,sale,Alsos Ktimatos Siggrou (Marousi),38.05616,23.822802,245,3,4,1,vip,3155,2026-01-27 06:30:23,2026-01-27 06:30:23,1
18180361,house,1,sale,Paradeisos (Marousi),38.034462,23.810839,140,9,3,2,vip,3155,2026-01-27 06:30:23,2026-01-27 06:30:23,1
18184265,house,1,sale,Sourmena (Elliniko),37.894264,23.754025,130,8,3,2,vip,1799,2026-01-27 06:30:25,2026-01-27 06:30:25,1
18185290,house,3,sale,Terpsithea (Glyfada),37.896786,23.765509,78,9,2,2,vip,6895,2026-01-27 06:30:23,2026-01-27 06:30:23,1
18186331,house,1,sale,Ano Petralona (Athens - Center),37.964397,23.709673,87,8,2,1,vip,24290,2026-01-27 06:30:20,2026-01-27 06:30:20,1
18187406,house,3,sale,Ano Pefki (Pefki),38.066513,23.793367,204,3,5,2,vip,5011,2026-01-27 01:18:02,2026-01-27 01:18:02,1
18187535,house,1,sale,Agios Nikolaos (Athens - Center),38.006863,23.729422,111,8,3,2,vip,8606,2026-01-27 06:30:22,2026-01-27 06:30:22,1
18187702,house,1,sale,Profitis Ilias (Athens - Center),37.964527,23.747404,117,7,2,1,vip,5011,2026-01-27 01:18:02,2026-01-27 01:18:02,1
18188133,house,1,sale,Faneromeni (Cholargos),38.002926,23.798983,127,7,3,2,vip,3155,2026-01-27 06:30:23,2026-01-27 06:30:23,1
18190412,house,1,sale,Kastella (Kastella - Passalimani),37.941261,23.658066,82,6,2,1,vip,695,2026-01-27 06:30:23,2026-01-27 06:30:23,1
18191114,house,1,sale,Kolonaki (Kolonaki - Lykavittos),37.980228,23.7439,134,7,2,2,vip,10234,2026-01-27 06:30:25,2026-01-27 06:30:25,1
18203935,house,1,sale,Nea Erithraia (Athens - North),38.094463,23.827536,240,6,4,2,vip,6532,2026-01-27 06:30:20,2026-01-27 06:30:20,1
18204544,house,1,sale,Pedion Areos (Athens - Center),37.99535,23.732861,130,10,3,2,vip,21311,2026-01-27 06:30:25,2026-01-27 06:30:25,1
18206885,house,4,sale,Studio Alfa (Marousi),38.050781,23.82987,450,3,6,4,vip,24018,2026-01-27 06:30:22,2026-01-27 06:30:22,1
18207093,house,3,sale,Kato Ekali (Ekali),38.111355,23.839169,290,3,3,3,vip,3155,2026-01-27 06:30:23,2026-01-27 06:30:23,1
18209449,house,1,sale,Alimos (Athens - South),37.915627,23.710701,137,9,3,1,vip,15785,2026-01-27 06:30:18,2026-01-27 06:30:18,1
18213998,house,1,sale,Paradeisos (Agia Paraskevi),38.014305,23.835354,90,6,2,1,vip,3155,2026-01-27 06:30:23,2026-01-27 06:30:23,1
18213999,house,1,sale,Paradeisos (Agia Paraskevi),38.015842,23.832394,88,3,2,1,vip,3155,2026-01-27 06:30:23,2026-01-27 06:30:23,1
18214001,house,1,sale,Pefkakia (Agia Paraskevi),38.020214,23.840815,94,6,2,1,vip,3155,2026-01-27 06:30:25,2026-01-27 06:30:25,1
18214003,house,3,sale,Pefkakia (Agia Paraskevi),38.020214,23.840858,138,8,3,2,vip,3155,2026-01-27 06:30:23,2026-01-27 06:30:23,1
18214056,house,3,sale,Faneromeni (Cholargos),38.004669,23.800673,172,9,3,3,vip,3155,2026-01-27 06:30:22,2026-01-27 06:30:22,1
18214133,house,1,sale,Ano Kipseli (Athens - Center),38.007393,23.737679,146,11,3,2,vip,20325,2026-01-27 06:30:25,2026-01-27 06:30:25,1
18214647,house,4,sale,Ano Ekali (Ekali),38.103401,23.84457,325,3,6,5,vip,6532,2026-01-27 06:30:20,2026-01-27 06:30:20,1
18216763,house,1,sale,Panorama (Voula),37.852413,23.780041,105,6,2,1,vip,4594,2026-01-27 06:30:23,2026-01-27 06:30:23,1
18219373,house,1,sale,Pasalimani (Kastella - Passalimani),37.936745,23.653307,73,7,2,1,vip,4162,2026-01-27 01:18:02,2026-01-27 01:18:02,1
18222467,house,6,sale,Centre (Kallithea),37.959267,23.704588,935,3,0,5,vip,14067,2026-01-27 06:30:25,2026-01-27 06:30:25,1
18226149,house,1,sale,Anavrita (Marousi),38.05315,23.820295,110,6,3,2,vip,20325,2026-01-27 06:30:25,2026-01-27 06:30:25,1
18226161,house,1,sale,Anavrita (Marousi),38.05315,23.820295,110,9,3,2,vip,20325,2026-01-27 06:30:25,2026-01-27 06:30:25,1
18229020,house,1,sale,Agios Panteleimonas (Keratsini),37.962822,23.624632,83,6,2,1,vip,695,2026-01-27 06:30:23,2026-01-27 06:30:23,1
18229486,house,1,sale,Tampouria (Tabouria - Agia Sofia),37.962807,23.629791,40,3,1,1,vip,17224,2026-01-27 06:30:18,2026-01-27 06:30:18,1
18235736,house,1,sale,Kolonaki (Kolonaki - Lykavittos),37.977436,23.744057,78,4,1,1,vip,13787,2026-01-27 06:30:18,2026-01-27 06:30:18,1
18240683,house,1,sale,Neo Psychiko (Athens - North),38.006462,23.779829,222,9,4,2,vip,17102,2026-01-27 06:30:22,2026-01-27 06:30:22,1
18241617,house,1,sale,Charokopou (Kallithea),37.956474,23.713093,86,6,2,1,vip,24290,2026-01-27 06:30:20,2026-01-27 06:30:20,1
18241654,house,1,sale,Pagkrati Center (Athens - Center),37.967392,23.750893,108,9,3,2,vip,3155,2026-01-27 06:30:25,2026-01-27 06:30:25,1
18244889,house,3,sale,Agios Georgios (Neo Psychiko),38.002815,23.786688,115,6,3,2,vip,6532,2026-01-27 06:30:20,2026-01-27 06:30:20,1
18245668,house,3,sale,Palaio Faliro (Athens - South),37.930904,23.698078,248,10,3,4,vip,4474,2026-01-27 06:30:20,2026-01-27 06:30:20,1
18249367,house,1,sale,Paradeisos (Agia Paraskevi),38.017605,23.834761,92,3,2,1,vip,4650,2026-01-27 06:30:23,2026-01-27 06:30:23,1
18251808,house,1,sale,Pagkrati Center (Athens - Center),37.969601,23.749458,60,6,1,1,vip,3786,2026-01-27 06:30:18,2026-01-27 06:30:18,1
18252055,house,4,sale,Agia Marina (Koropi),37.815777,23.871845,540,7,8,4,vip,4594,2026-01-27 06:30:23,2026-01-27 06:30:23,1
18254205,house,1,sale,Floisvos (Palaio Faliro),37.925735,23.692123,162,11,3,1,vip,3786,2026-01-27 06:30:18,2026-01-27 06:30:18,1
18256384,house,3,sale,Mortero (Nea Erithraia),38.097576,23.818102,308,3,4,2,vip,3155,2026-01-27 06:30:23,2026-01-27 06:30:23,1
18256864,house,3,sale,Politeia (Kifisia),38.088608,23.832994,500,3,5,3,vip,3155,2026-01-27 06:30:18,2026-01-27 06:30:18,1
18258529,house,3,sale,Agios Nikolaos (Anavyssos),37.723202,23.921083,240,6,4,3,vip,4594,2026-01-27 06:30:23,2026-01-27 06:30:23,1
18259138,house,3,sale,Center (Vouliagmeni),37.822983,23.785837,220,6,4,3,vip,4594,2026-01-27 06:30:23,2026-01-27 06:30:23,1
18259256,house,1,sale,Pigadakia (Voula),37.830158,23.774937,132,9,3,2,vip,4594,2026-01-27 06:30:23,2026-01-27 06:30:23,1
18267589,house,1,sale,Kato Aigaleo - Estavromenou (Aigaleo),37.989353,23.678148,59,6,2,1,vip,12542,2026-01-27 06:30:18,2026-01-27 06:30:18,1
18267590,house,1,sale,Kato Aigaleo - Estavromenou (Aigaleo),37.989353,23.678148,55,6,2,1,vip,12542,2026-01-27 06:30:18,2026-01-27 06:30:18,1
18267597,house,1,sale,Alsoupoli (Nea Ionia),38.037071,23.778961,103,7,2,2,vip,5011,2026-01-27 01:18:02,2026-01-27 01:18:02,1
18269640,house,1,sale,Mitropoli (Nikaia),37.968849,23.63979,82,9,2,1,vip,695,2026-01-27 06:30:23,2026-01-27 06:30:23,1
18278157,house,3,sale,Strofili (Kifisia),38.080265,23.809681,275,3,4,3,vip,3155,2026-01-27 06:30:23,2026-01-27 06:30:23,1
18280357,house,1,sale,Agios Artemios (Athens - Center),37.958981,23.7379,130,9,3,1,vip,21311,2026-01-27 06:30:25,2026-01-27 06:30:25,1
18281004,house,4,sale,Lagonisi (Kalivia Thorikou),37.792496,23.902796,276,3,4,3,vip,13787,2026-01-27 06:30:18,2026-01-27 06:30:18,1
18281913,house,4,sale,Nea Kifisia (Kifisia),38.095222,23.805141,485,3,4,4,vip,5654,2026-01-27 06:30:25,2026-01-27 06:30:25,1
18282496,house,1,sale,Varnava (Athens - Center),37.966,23.744385,52,6,1,1,vip,3786,2026-01-27 06:30:18,2026-01-27 06:30:18,1
18282787,house,1,sale,Center (Marousi),38.063713,23.804873,86,3,2,1,vip,3155,2026-01-27 06:30:23,2026-01-27 06:30:23,1
18282794,house,1,sale,Nea Filothei (Marousi),38.029781,23.784157,106,7,3,1,vip,3155,2026-01-27 06:30:23,2026-01-27 06:30:23,1
18282796,house,1,sale,Nea Filothei (Marousi),38.029713,23.784134,149,10,3,2,vip,3155,2026-01-27 06:30:25,2026-01-27 06:30:25,1
18282892,house,4,sale,Center (Vrilissia),38.037224,23.835407,480,3,5,3,vip,3155,2026-01-27 06:30:18,2026-01-27 06:30:18,1
18282898,house,1,sale,Amalia Flemingk (Melissia),38.05328,23.837757,150,8,3,1,vip,3155,2026-01-27 06:30:23,2026-01-27 06:30:23,1
18283741,house,4,sale,Plateia Gkizi (Athens - Center),37.994034,23.746004,220,3,6,3,vip,20351,2026-01-27 06:30:23,2026-01-27 06:30:23,1
18286243,house,1,sale,Neos Kosmos (Athens - Center),37.96138,23.730618,45,3,1,1,vip,5496,2026-01-27 01:18:02,2026-01-27 01:18:02,1
18287736,house,1,sale,Drossia center (Drossia),38.110519,23.862799,84,3,2,1,vip,6532,2026-01-27 06:30:20,2026-01-27 06:30:20,1
18287737,house,3,sale,Drossia center (Drossia),38.110855,23.862722,127,3,3,1,vip,6532,2026-01-27 06:30:20,2026-01-27 06:30:20,1
18288341,house,1,sale,Hilton (Athens - Center),37.977558,23.753679,108,8,2,2,vip,18870,2026-01-27 06:30:18,2026-01-27 06:30:18,1
18289754,house,1,sale,Panormou (Athens - Center),37.992432,23.76129,103,9,3,1,vip,3155,2026-01-27 06:30:25,2026-01-27 06:30:25,1
18293625,house,1,sale,Panagitsa (Palaio Faliro),37.922401,23.70406,78,11,2,1,vip,9393,2026-01-27 06:30:18,2026-01-27 06:30:18,1
18293734,house,1,sale,Kolonaki (Kolonaki - Lykavittos),37.978237,23.744808,95,10,2,1,vip,10234,2026-01-27 06:30:25,2026-01-27 06:30:25,1
18294373,house,6,sale,Paleo Psichiko (Athens - North),37.999626,23.769846,910,3,0,0,vip,17102,2026-01-27 06:30:22,2026-01-27 06:30:22,1
18295441,house,3,sale,Kastri - Politeia (Nea Erithraia),38.09013,23.831293,750,3,4,4,vip,5654,2026-01-27 06:30:25,2026-01-27 06:30:25,1
18296369,house,3,sale,Ekteloniston - Eforiakon (Alimos),37.920124,23.741156,153,11,3,2,vip,3155,2026-01-27 06:30:25,2026-01-27 06:30:25,1
18299239,house,7,sale,Lofos Finopoulou (Athens - Center),37.991291,23.741119,290,7,7,4,vip,4989,2026-01-27 06:30:18,2026-01-27 06:30:18,1
18299531,house,4,sale,Lagonisi (Kalivia Thorikou),37.798344,23.892921,330,3,5,3,vip,4594,2026-01-27 06:30:23,2026-01-27 06:30:23,1
18303485,house,4,sale,Kastella (Kastella - Passalimani),37.937775,23.657341,150,3,2,2,vip,3155,2026-01-27 06:30:23,2026-01-27 06:30:23,1
18303608,house,1,sale,Mets (Athens - Center),37.967182,23.737185,165,3,2,2,vip,3155,2026-01-27 06:30:18,2026-01-27 06:30:18,1
18303654,house,1,sale,Marousi (Athens - North),38.051804,23.813976,74,6,2,1,vip,2900,2026-01-27 06:30:22,2026-01-27 06:30:22,1
18303656,house,1,sale,Agios Dimitrios (Paleo Psichiko),38.016266,23.766094,160,6,3,2,vip,3155,2026-01-27 06:30:23,2026-01-27 06:30:23,1
18303713,house,1,sale,Ekteloniston - Eforiakon (Alimos),37.919479,23.741116,106,9,3,1,vip,3155,2026-01-27 06:30:23,2026-01-27 06:30:23,1
18303725,house,1,sale,Kithirion - Pani (Alimos),37.911087,23.723904,110,3,3,1,vip,3155,2026-01-27 06:30:22,2026-01-27 06:30:22,1
18307296,house,1,sale,Vrilissia (Athens - North),38.041924,23.829271,50,7,1,1,vip,6532,2026-01-27 06:30:20,2026-01-27 06:30:20,1
18308364,house,3,sale,Nea Erithraia (Athens - North),38.092979,23.83215,245,3,3,0,vip,7565,2026-01-27 06:30:20,2026-01-27 06:30:20,1
18308415,house,4,sale,Dikastika (Marathonas),38.162601,24.064301,632,3,5,0,vip,7565,2026-01-27 06:30:20,2026-01-27 06:30:20,1
18308713,house,1,sale,Cholargos (Athens - North),37.99762,23.79422,215,10,4,1,vip,7565,2026-01-27 06:30:20,2026-01-27 06:30:20,1
18308719,house,1,sale,Agios Tryfonas (Kamatero),38.050621,23.69619,106,7,2,0,vip,18423,2026-01-27 06:30:25,2026-01-27 06:30:25,1
18308725,house,1,sale,Kastri - Politeia (Nea Erithraia),38.08984,23.821381,220,7,3,3,vip,7565,2026-01-27 06:30:20,2026-01-27 06:30:20,1
18308842,house,1,sale,Center (Vrilissia),38.03233,23.834801,125,8,3,1,vip,7565,2026-01-27 06:30:18,2026-01-27 06:30:18,1
18308896,house,3,sale,Politeia (Kifisia),38.084332,23.82513,146,7,3,3,vip,7565,2026-01-27 06:30:20,2026-01-27 06:30:20,1
18308903,house,3,sale,Agios Stefanos (Athens - North),38.142872,23.86244,165,3,4,3,vip,7565,2026-01-27 06:30:20,2026-01-27 06:30:20,1
18308928,house,3,sale,Agios Ioannis (Agia Paraskevi),38.003132,23.81477,140,10,4,2,vip,7565,2026-01-27 06:30:20,2026-01-27 06:30:20,1
18308930,house,3,sale,Agios Ioannis (Agia Paraskevi),38.003132,23.81477,120,10,3,2,vip,7565,2026-01-27 06:30:20,2026-01-27 06:30:20,1
18308931,house,3,sale,Ano Cholargos (Cholargos),37.995209,23.79549,174,3,4,3,vip,7565,2026-01-27 06:30:20,2026-01-27 06:30:20,1
18308954,house,3,sale,Toufa (Chalandri),38.026138,23.826719,141,9,3,3,vip,7565,2026-01-27 06:30:20,2026-01-27 06:30:20,1
18309050,house,4,sale,Orio Kifisias (Melissia),38.064899,23.834641,560,3,5,3,vip,7565,2026-01-27 06:30:20,2026-01-27 06:30:20,1
18309054,house,1,sale,Agios Ioannis (Agia Paraskevi),38.003269,23.817671,120,7,3,1,vip,7565,2026-01-27 06:30:20,2026-01-27 06:30:20,1
18309059,house,1,sale,Papagou (Athens - North),37.97974,23.794109,148,6,3,2,vip,7565,2026-01-27 06:30:20,2026-01-27 06:30:20,1
18309108,house,4,sale,Politeia (Kifisia),38.083462,23.826481,360,3,5,3,vip,7565,2026-01-27 06:30:20,2026-01-27 06:30:20,1
18309111,house,3,sale,Kastri - Politeia (Nea Erithraia),38.089279,23.824631,228,8,3,2,vip,7565,2026-01-27 06:30:20,2026-01-27 06:30:20,1
18309123,house,1,sale,Politeia (Kifisia),38.083801,23.8281,118,6,2,2,vip,7565,2026-01-27 06:30:20,2026-01-27 06:30:20,1
18309208,house,1,sale,Polidroso (Chalandri),38.026669,23.806129,119,9,3,2,vip,7565,2026-01-27 06:30:20,2026-01-27 06:30:20,1
18309323,house,1,sale,Melissia (Athens - North),38.059959,23.83382,123,7,3,2,vip,7565,2026-01-27 06:30:20,2026-01-27 06:30:20,1
18309327,house,1,sale,Patima Vrilission (Vrilissia),38.048061,23.84709,98,6,2,2,vip,7565,2026-01-27 06:30:20,2026-01-27 06:30:20,1
18309331,house,3,sale,Melissia (Athens - North),38.059959,23.83382,95,9,2,2,vip,7565,2026-01-27 06:30:20,2026-01-27 06:30:20,1
18309345,house,3,sale,Marousi (Athens - North),38.041359,23.818769,120,3,2,2,vip,7565,2026-01-27 06:30:20,2026-01-27 06:30:20,1
18309402,house,3,sale,Melissia (Athens - North),38.04855,23.831369,125,3,3,3,vip,7565,2026-01-27 06:30:20,2026-01-27 06:30:20,1
18309419,house,3,sale,Agioi Anargyroi (Marousi),38.052078,23.806129,151,7,4,3,vip,7565,2026-01-27 06:30:20,2026-01-27 06:30:20,1
18309423,house,1,sale,Agioi Anargyroi (Marousi),38.052078,23.806129,100,6,2,2,vip,7565,2026-01-27 06:30:20,2026-01-27 06:30:20,1
18309463,house,4,sale,Strofili (Kifisia),38.084671,23.81328,480,3,7,3,vip,7565,2026-01-27 06:30:20,2026-01-27 06:30:20,1
18309490,house,1,sale,Melissia (Athens - North),38.04855,23.831369,102,6,2,2,vip,7565,2026-01-27 06:30:20,2026-01-27 06:30:20,1
18309511,house,3,sale,Kastritsa (Nea Erithraia),38.107201,23.824511,350,3,4,4,vip,7565,2026-01-27 06:30:18,2026-01-27 06:30:18,1
18309516,house,1,sale,Neo Terma (Marousi),38.05513,23.800159,108,8,3,1,vip,7565,2026-01-27 06:30:20,2026-01-27 06:30:20,1
18309517,house,1,sale,Neo Terma (Marousi),38.05513,23.800159,108,10,3,1,vip,7565,2026-01-27 06:30:20,2026-01-27 06:30:20,1
18309518,house,1,sale,Neo Terma (Marousi),38.05513,23.800159,108,9,3,1,vip,7565,2026-01-27 06:30:20,2026-01-27 06:30:20,1
18309522,house,1,sale,Pefki (Athens - North),38.056999,23.790701,112,9,3,1,vip,7565,2026-01-27 06:30:20,2026-01-27 06:30:20,1
18309529,house,1,sale,Pefki (Athens - North),38.056999,23.790701,112,8,3,1,vip,7565,2026-01-27 06:30:20,2026-01-27 06:30:20,1
18309533,house,3,sale,Kastri - Politeia (Nea Erithraia),38.089359,23.82399,280,3,5,3,vip,7565,2026-01-27 06:30:20,2026-01-27 06:30:20,1
18309540,house,1,sale,Kontopefko (Agia Paraskevi),38.015461,23.81777,89,9,2,1,vip,7565,2026-01-27 06:30:20,2026-01-27 06:30:20,1
18309541,house,1,sale,Kontopefko (Agia Paraskevi),38.015461,23.81777,116,8,3,2,vip,7565,2026-01-27 06:30:20,2026-01-27 06:30:20,1
18309563,house,1,sale,Kato Pefki (Pefki),38.051022,23.79294,124,8,3,2,vip,7565,2026-01-27 06:30:20,2026-01-27 06:30:20,1
18309566,house,1,sale,Kato Pefki (Pefki),38.051022,23.79294,132,8,3,2,vip,7565,2026-01-27 06:30:20,2026-01-27 06:30:20,1
18309574,house,1,sale,Kato Pefki (Pefki),38.051022,23.79294,132,10,3,2,vip,7565,2026-01-27 06:30:20,2026-01-27 06:30:20,1
18309577,house,1,sale,Ano Pefki (Pefki),38.061459,23.795971,127,9,3,1,vip,7565,2026-01-27 06:30:18,2026-01-27 06:30:18,1
18309581,house,3,sale,Ekali (Athens - North),38.110958,23.836651,340,3,4,4,vip,7565,2026-01-27 06:30:18,2026-01-27 06:30:18,1
18309779,house,1,sale,Evryali (Voula),37.852821,23.758995,150,8,3,2,vip,10796,2026-01-27 06:30:22,2026-01-27 06:30:22,1
18309923,house,3,sale,Kontopefko (Agia Paraskevi),38.017509,23.82798,97,10,3,2,vip,7565,2026-01-27 06:30:20,2026-01-27 06:30:20,1
18309924,house,3,sale,Kontopefko (Agia Paraskevi),38.017509,23.82798,113,10,3,2,vip,7565,2026-01-27 06:30:20,2026-01-27 06:30:20,1
18309971,house,3,sale,Cholargos (Athens - North),37.999409,23.79484,104,8,3,2,vip,7565,2026-01-27 06:30:20,2026-01-27 06:30:20,1
18309972,house,3,sale,Cholargos (Athens - North),37.999409,23.79484,104,6,3,2,vip,7565,2026-01-27 06:30:20,2026-01-27 06:30:20,1
18309984,house,1,sale,Rizareios (Chalandri),38.02718,23.797649,97,7,3,1,vip,7565,2026-01-27 06:30:20,2026-01-27 06:30:20,1
18309985,house,1,sale,Rizareios (Chalandri),38.02718,23.797649,97,6,3,1,vip,7565,2026-01-27 06:30:20,2026-01-27 06:30:20,1
18309986,house,3,sale,Kastri - Politeia (Nea Erithraia),38.093842,23.8262,260,3,3,1,vip,7565,2026-01-27 06:30:18,2026-01-27 06:30:18,1
18310002,house,1,sale,Melissia (Athens - North),38.053841,23.830561,91,7,2,2,vip,7565,2026-01-27 06:30:20,2026-01-27 06:30:20,1
18310006,house,3,sale,Melissia (Athens - North),38.053841,23.830561,147,9,3,2,vip,7565,2026-01-27 06:30:20,2026-01-27 06:30:20,1
18310018,house,3,sale,Melissia (Athens - North),38.053841,23.830561,183,9,3,2,vip,7565,2026-01-27 06:30:20,2026-01-27 06:30:20,1
18310021,house,4,sale,Kastri - Politeia (Nea Erithraia),38.090481,23.82848,443,3,6,0,vip,7565,2026-01-27 06:30:20,2026-01-27 06:30:20,1
18310032,house,1,sale,Melissia (Athens - North),38.053841,23.830561,116,8,3,2,vip,7565,2026-01-27 06:30:20,2026-01-27 06:30:20,1
18310034,house,1,sale,Melissia (Athens - North),38.053841,23.830561,114,7,3,2,vip,7565,2026-01-27 06:30:20,2026-01-27 06:30:20,1
18310103,house,1,sale,Tabouria - Agia Sofia (Piraeus),37.96262,23.638861,86,3,3,2,vip,7565,2026-01-27 06:30:20,2026-01-27 06:30:20,1
18310160,house,3,sale,Kastri - Politeia (Nea Erithraia),38.089779,23.83275,500,3,3,3,vip,7565,2026-01-27 06:30:20,2026-01-27 06:30:20,1
18310161,house,3,sale,Kastri - Politeia (Nea Erithraia),38.089779,23.83275,700,3,4,4,vip,7565,2026-01-27 06:30:20,2026-01-27 06:30:20,1
18310218,house,1,sale,Patima (Chalandri),38.025261,23.842211,53,7,1,1,vip,7565,2026-01-27 06:30:20,2026-01-27 06:30:20,1
18310221,house,1,sale,Patima (Chalandri),38.025261,23.842211,53,6,1,1,vip,7565,2026-01-27 06:30:20,2026-01-27 06:30:20,1
18310222,house,3,sale,Mortero (Nea Erithraia),38.10009,23.815399,307,3,3,5,vip,7565,2026-01-27 06:30:20,2026-01-27 06:30:20,1
18310229,house,3,sale,Gerakas (Athens - East),38.030399,23.85178,110,7,2,1,vip,7565,2026-01-27 06:30:20,2026-01-27 06:30:20,1
18310231,house,3,sale,Agia Kiriaki (Kifisia),38.071362,23.79916,138,3,3,1,vip,7565,2026-01-27 06:30:20,2026-01-27 06:30:20,1
18310254,house,1,sale,Chrisaki (Nea Smyrni),37.943329,23.702934,110,7,2,1,vip,18734,2026-01-27 06:30:18,2026-01-27 06:30:18,1
18310374,house,3,sale,Toufa (Chalandri),38.02829,23.826,157,9,3,2,vip,7565,2026-01-27 06:30:20,2026-01-27 06:30:20,1
18310413,house,3,sale,Center (Vrilissia),38.035641,23.826031,190,9,5,3,vip,7565,2026-01-27 06:30:20,2026-01-27 06:30:20,1
18311143,house,1,sale,Tsakos (Agia Paraskevi),38.008293,23.809809,140,9,3,1,vip,3155,2026-01-27 06:30:22,2026-01-27 06:30:22,1
18311175,house,1,sale,Cholargos (Athens - North),37.999409,23.79484,94,7,3,1,vip,7565,2026-01-27 06:30:20,2026-01-27 06:30:20,1
18312885,house,3,sale,Agia Kiriaki (Kifisia),38.072117,23.800714,139,3,3,1,vip,23580,2026-01-27 06:30:22,2026-01-27 06:30:22,1
18315017,house,1,sale,Stavros Geraka (Gerakas),38.015003,23.852915,114,6,3,2,vip,20325,2026-01-27 06:30:25,2026-01-27 06:30:25,1
18316267,house,1,sale,Patima (Chalandri),38.031834,23.846493,114,7,3,1,vip,20325,2026-01-27 06:30:25,2026-01-27 06:30:25,1
18316805,house,1,sale,Golf (Glyfada),37.87569,23.75066,85,7,2,1,vip,3155,2026-01-27 06:30:25,2026-01-27 06:30:25,1
18317732,house,1,sale,Karagianneika (Galatsi),38.009361,23.7505,62,6,2,1,vip,7742,2026-01-27 06:30:23,2026-01-27 06:30:23,1
18320307,house,1,sale,Voula (Athens - South),37.849789,23.758043,79,7,2,1,vip,10796,2026-01-27 06:30:22,2026-01-27 06:30:22,1
18320370,house,4,sale,Paradeisos (Agia Paraskevi),38.01519,23.840996,170,3,2,2,vip,22984,2026-01-27 06:30:18,2026-01-27 06:30:18,1
18320864,house,1,sale,Terpsithea (Glyfada),37.901917,23.769651,71,3,1,1,vip,4117,2026-01-27 01:18:02,2026-01-27 01:18:02,1
18322333,house,1,sale,Pagkrati (Athens - Center),37.970947,23.744806,70,4,1,1,vip,4650,2026-01-27 06:30:23,2026-01-27 06:30:23,1
18322796,house,1,sale,Ilisia (Athens - Center),37.977776,23.757046,110,6,2,1,vip,4874,2026-01-27 06:30:25,2026-01-27 06:30:25,1
18324741,house,1,sale,Evryali (Voula),37.849789,23.75457,85,6,3,2,vip,21152,2026-01-27 06:30:25,2026-01-27 06:30:25,1
18325354,house,1,sale,Ano Glyfada (Glyfada),37.885292,23.753685,52,6,1,1,vip,6779,2026-01-27 06:30:25,2026-01-27 06:30:25,1
18326793,house,3,sale,Agios Dimitrios (Athens - South),37.931114,23.740929,132,3,3,2,vip,695,2026-01-27 06:30:23,2026-01-27 06:30:23,1
18329093,house,1,sale,Lofos Axiomatikon (Peristeri),38.011589,23.68737,80,8,2,1,vip,3462,2026-01-27 06:30:25,2026-01-27 06:30:25,1
18329749,house,3,sale,Paradeisos (Agia Paraskevi),38.014149,23.836767,126,8,4,1,vip,3155,2026-01-27 06:30:25,2026-01-27 06:30:25,1
18332086,house,1,sale,Osios Loukas (Athens - Center),38.009087,23.735941,27,11,1,1,vip,18676,2026-01-27 06:30:18,2026-01-27 06:30:18,1
18332911,house,1,sale,Kolonaki (Kolonaki - Lykavittos),37.979671,23.743807,108,7,3,1,vip,2992,2026-01-27 06:30:25,2026-01-27 06:30:25,1
18333540,house,1,sale,Kato Mpalana (Pallini),37.991982,23.869452,100,7,3,1,vip,8027,2026-01-27 06:30:20,2026-01-27 06:30:20,1
18335567,house,1,sale,Lofos Filaretou (Kallithea),37.951118,23.697918,96,9,2,1,vip,17224,2026-01-27 06:30:18,2026-01-27 06:30:18,1
18337414,house,4,sale,Kastella (Kastella - Passalimani),37.942699,23.659016,215,3,4,2,vip,3155,2026-01-27 01:18:02,2026-01-27 01:18:02,1
18337588,house,3,sale,Ano Vrilissia (Vrilissia),38.044949,23.845879,225,3,3,3,vip,3155,2026-01-27 06:30:18,2026-01-27 06:30:18,1
18337590,house,1,sale,Amalieio Orfanotrofeio (Marousi),38.06432,23.801987,116,10,3,2,vip,3155,2026-01-27 06:30:23,2026-01-27 06:30:23,1
18337594,house,1,sale,Amalieio Orfanotrofeio (Marousi),38.061829,23.802052,85,8,2,1,vip,3155,2026-01-27 06:30:25,2026-01-27 06:30:25,1
18337595,house,1,sale,Amalieio Orfanotrofeio (Marousi),38.062241,23.802212,118,9,3,2,vip,3155,2026-01-27 06:30:23,2026-01-27 06:30:23,1
18337600,house,1,sale,Amalieio Orfanotrofeio (Marousi),38.062267,23.802105,145,9,3,2,vip,3155,2026-01-27 06:30:23,2026-01-27 06:30:23,1
18337602,house,1,sale,Amalieio Orfanotrofeio (Marousi),38.06432,23.801966,116,9,3,2,vip,3155,2026-01-27 06:30:25,2026-01-27 06:30:25,1
18339991,house,1,sale,Terpsithea (Glyfada),37.891804,23.772406,94,10,2,1,vip,5349,2026-01-27 01:18:02,2026-01-27 01:18:02,1
18340789,house,1,sale,Ano Papagou (Papagou),37.981075,23.795992,128,6,3,2,vip,24732,2026-01-27 06:30:22,2026-01-27 06:30:22,1
18341643,house,1,sale,Ano Papagou (Papagou),37.989395,23.794537,55,7,1,1,vip,24732,2026-01-27 06:30:22,2026-01-27 06:30:22,1
18341646,house,3,sale,Ano Papagou (Papagou),37.989304,23.794647,148,9,3,2,vip,24732,2026-01-27 06:30:22,2026-01-27 06:30:22,1
18341648,house,1,sale,Ano Papagou (Papagou),37.989422,23.794579,105,7,3,1,vip,24732,2026-01-27 06:30:22,2026-01-27 06:30:22,1
18341652,house,1,sale,Ano Papagou (Papagou),37.989407,23.794561,55,6,1,1,vip,24732,2026-01-27 06:30:22,2026-01-27 06:30:22,1
18341671,house,3,sale,Ano Papagou (Papagou),37.986645,23.794836,110,8,3,2,vip,24732,2026-01-27 06:30:22,2026-01-27 06:30:22,1
18341718,house,1,sale,Faneromeni (Cholargos),38.00597,23.803507,59,9,1,1,vip,24732,2026-01-27 06:30:22,2026-01-27 06:30:22,1
18342011,house,1,sale,Polidroso (Chalandri),38.026669,23.806129,128,6,3,1,vip,7565,2026-01-27 06:30:20,2026-01-27 06:30:20,1
18342363,house,3,sale,Kato Halandri (Chalandri),38.014202,23.79952,164,3,3,2,vip,7565,2026-01-27 06:30:20,2026-01-27 06:30:20,1
18343068,house,1,sale,Kato Halandri (Chalandri),38.014202,23.79952,96,7,2,1,vip,7565,2026-01-27 06:30:20,2026-01-27 06:30:20,1
18343139,house,3,sale,Kato Halandri (Chalandri),38.014202,23.79952,154,9,3,2,vip,7565,2026-01-27 06:30:20,2026-01-27 06:30:20,1
18343393,house,1,sale,Agios Dimitrios (Athens - South),37.94442,23.736546,95,9,2,1,vip,24732,2026-01-27 06:30:22,2026-01-27 06:30:22,1
18349869,house,1,sale,Center (Argyroupoli),37.910381,23.758551,70,6,2,1,vip,23717,2026-01-27 06:30:25,2026-01-27 06:30:25,1
18350192,house,1,sale,Moschato (Piraeus suburbs),37.947582,23.680025,76,9,2,1,vip,24732,2026-01-27 06:30:23,2026-01-27 06:30:23,1
18350750,house,3,sale,Agioi Anargyroi (Marousi),38.053539,23.803209,152,3,3,2,vip,3155,2026-01-27 06:30:23,2026-01-27 06:30:23,1
18350755,house,1,sale,Agioi Anargyroi (Marousi),38.053921,23.804455,112,9,3,2,vip,3155,2026-01-27 06:30:23,2026-01-27 06:30:23,1
18350759,house,1,sale,Agioi Anargyroi (Marousi),38.053886,23.80438,101,6,3,2,vip,3155,2026-01-27 06:30:25,2026-01-27 06:30:25,1
18351246,house,1,sale,Nea Elvetia (Vironas),37.961079,23.760521,79,8,2,1,vip,5011,2026-01-27 01:18:02,2026-01-27 01:18:02,1
18351883,house,1,sale,Faneromeni (Cholargos),38.006374,23.803682,133,9,3,2,vip,3155,2026-01-27 06:30:25,2026-01-27 06:30:25,1
18351885,house,1,sale,Faneromeni (Cholargos),38.005844,23.803972,133,10,3,2,vip,3155,2026-01-27 06:30:23,2026-01-27 06:30:23,1
18355436,house,4,sale,Ntrafi (Pikermi),38.036854,23.899544,350,3,4,3,vip,3155,2026-01-27 01:18:02,2026-01-27 01:18:02,1
18356780,house,3,sale,Ano Glyfada (Glyfada),37.878353,23.758663,131,9,3,2,vip,22592,2026-01-27 06:30:23,2026-01-27 06:30:23,1
18358941,house,4,sale,Eleftherias (Paleo Psichiko),38.018093,23.768213,480,9,5,3,vip,7437,2026-01-27 06:30:23,2026-01-27 06:30:23,1
18359453,house,1,sale,Glyfada - center (Glyfada),37.867081,23.74939,181,7,3,0,vip,4594,2026-01-27 06:30:23,2026-01-27 06:30:23,1
18362082,house,1,sale,Agios Georgios (Athens - Center),37.996536,23.733795,170,10,3,2,vip,10234,2026-01-27 06:30:25,2026-01-27 06:30:25,1
18362495,house,3,sale,Palaio Faliro (Athens - South),37.931355,23.697237,250,11,3,4,vip,13787,2026-01-27 06:30:25,2026-01-27 06:30:25,1
18364283,house,1,sale,Ano Papagou (Papagou),37.987728,23.79768,142,8,3,2,vip,5972,2026-01-27 06:30:18,2026-01-27 06:30:18,1
18364287,house,1,sale,Ampelokipoi (Athens - Center),37.990597,23.765203,120,12,2,1,vip,3155,2026-01-27 06:30:23,2026-01-27 06:30:23,1
18366705,house,3,sale,Fouresi (Glika Nera),38.004028,23.851936,123,3,3,2,vip,20325,2026-01-27 06:30:25,2026-01-27 06:30:25,1
18366756,house,3,sale,Fouresi (Glika Nera),38.003967,23.851917,134,6,3,2,vip,20325,2026-01-27 06:30:25,2026-01-27 06:30:25,1
18366884,house,3,sale,Fouresi (Glika Nera),38.002758,23.851147,135,6,3,2,vip,20325,2026-01-27 06:30:25,2026-01-27 06:30:25,1
18366974,house,3,sale,Fouresi (Glika Nera),38.0033,23.851168,135,6,3,2,vip,20325,2026-01-27 06:30:25,2026-01-27 06:30:25,1
18368011,house,1,sale,Kato Patisia (Athens - Center),38.014656,23.727114,95,6,2,1,vip,7916,2026-01-27 06:30:18,2026-01-27 06:30:18,1
18368240,house,1,sale,Kastella (Kastella - Passalimani),37.940052,23.654686,78,9,2,1,vip,5011,2026-01-27 01:18:02,2026-01-27 01:18:02,1
18371362,house,4,sale,Studio Alfa (Marousi),38.049305,23.827957,360,3,4,5,vip,20312,2026-01-27 06:30:22,2026-01-27 06:30:22,1
18371510,house,1,sale,Hilton (Athens - Center),37.974731,23.750938,132,6,3,1,vip,3155,2026-01-27 01:18:02,2026-01-27 01:18:02,1
18372502,house,1,sale,Ano Cholargos (Cholargos),37.997231,23.803753,116,8,3,1,vip,3155,2026-01-27 06:30:23,2026-01-27 06:30:23,1
18372503,house,3,sale,Ano Cholargos (Cholargos),37.998325,23.802469,133,9,3,2,vip,3155,2026-01-27 06:30:25,2026-01-27 06:30:25,1
18372504,house,3,sale,Ano Cholargos (Cholargos),37.997185,23.803764,140,9,3,2,vip,3155,2026-01-27 06:30:22,2026-01-27 06:30:22,1
18379694,house,1,sale,Evryali (Voula),37.850842,23.757183,163,7,3,2,vip,3155,2026-01-27 06:30:18,2026-01-27 06:30:18,1
18379724,house,1,sale,Ano Papagou (Papagou),37.982449,23.789703,114,3,3,1,vip,3155,2026-01-27 06:30:25,2026-01-27 06:30:25,1
18379798,house,4,sale,Center (Koropi),37.914803,23.850115,461,3,3,3,vip,10796,2026-01-27 06:30:22,2026-01-27 06:30:22,1
18379805,house,1,sale,Kolonaki (Kolonaki - Lykavittos),37.978691,23.750156,130,9,2,2,vip,3155,2026-01-27 01:18:02,2026-01-27 01:18:02,1
18379900,house,3,sale,Eleftherias (Paleo Psichiko),38.015091,23.771399,250,8,3,3,vip,3155,2026-01-27 06:30:18,2026-01-27 06:30:18,1
18379966,house,1,sale,Pagkrati (Athens - Center),37.965599,23.744869,96,8,3,0,vip,2900,2026-01-27 06:30:22,2026-01-27 06:30:22,1
18380004,house,1,sale,Center (Vrilissia),38.029518,23.830654,110,6,3,2,vip,24018,2026-01-27 06:30:22,2026-01-27 06:30:22,1
18380006,house,1,sale,Center (Vrilissia),38.030651,23.834066,138,6,4,2,vip,24018,2026-01-27 06:30:22,2026-01-27 06:30:22,1
18380007,house,1,sale,Center (Vrilissia),38.030407,23.83482,110,7,3,2,vip,24018,2026-01-27 06:30:22,2026-01-27 06:30:22,1
18381605,house,3,sale,Vouliagmeni (Athens - South),37.825912,23.781467,250,3,2,0,vip,4594,2026-01-27 06:30:23,2026-01-27 06:30:23,1
18381864,house,1,sale,Center (Vouliagmeni),37.81398,23.7862,59,6,1,1,vip,4594,2026-01-27 06:30:23,2026-01-27 06:30:23,1
18384317,house,4,sale,Alimos (Athens - South),37.916138,23.721531,410,3,5,2,vip,4474,2026-01-27 06:30:20,2026-01-27 06:30:20,1
18386019,house,1,sale,Ekteloniston - Eforiakon (Alimos),37.921318,23.741966,100,9,3,2,vip,3155,2026-01-27 06:30:23,2026-01-27 06:30:23,1
18386299,house,3,sale,Tsakos (Agia Paraskevi),38.005001,23.809259,187,10,4,4,vip,24018,2026-01-27 06:30:22,2026-01-27 06:30:22,1
18386371,house,1,sale,Plateia Amerikis (Athens - Center),38.002571,23.733,105,10,3,1,vip,8606,2026-01-27 06:30:22,2026-01-27 06:30:22,1
18386374,house,3,sale,Kato Halandri (Chalandri),38.013287,23.79353,173,9,4,1,vip,24018,2026-01-27 06:30:22,2026-01-27 06:30:22,1
18386428,house,1,sale,Plateia Amerikis (Athens - Center),38.005131,23.730511,65,10,2,1,vip,14721,2026-01-27 06:30:18,2026-01-27 06:30:18,1
18386444,house,3,sale,Center (Vrilissia),38.03368,23.835724,217,10,4,4,vip,24018,2026-01-27 06:30:22,2026-01-27 06:30:22,1
18391464,house,1,sale,Agia Paraskevi (Athens - North),38.006962,23.825289,131,7,3,1,vip,17102,2026-01-27 06:30:22,2026-01-27 06:30:22,1
18391476,house,1,sale,Agia Paraskevi (Athens - North),38.006962,23.825289,131,8,3,1,vip,17102,2026-01-27 06:30:22,2026-01-27 06:30:22,1
18391508,house,1,sale,Agia Paraskevi (Athens - North),38.006962,23.825289,131,10,3,1,vip,17102,2026-01-27 06:30:22,2026-01-27 06:30:22,1
18393158,house,1,sale,Agioi Anargyroi (Marousi),38.049969,23.806677,60,6,1,1,vip,3155,2026-01-27 06:30:25,2026-01-27 06:30:25,1
18395674,house,1,sale,Center (Marousi),38.05983,23.806517,115,8,2,1,vip,13787,2026-01-27 06:30:25,2026-01-27 06:30:25,1
18396518,house,1,sale,Kato Ekali (Ekali),38.111973,23.838755,260,7,4,3,vip,3155,2026-01-27 06:30:23,2026-01-27 06:30:23,1
18397064,house,3,sale,Centre (Glika Nera),37.979488,23.85194,170,6,4,3,vip,20325,2026-01-27 06:30:25,2026-01-27 06:30:25,1
18397116,house,3,sale,Centre (Glika Nera),37.979488,23.85194,164,3,3,2,vip,20325,2026-01-27 06:30:25,2026-01-27 06:30:25,1
18399160,house,1,sale,Kipriadou - Ano Patisia (Athens - Center),38.018116,23.740532,127,8,3,1,vip,10234,2026-01-27 06:30:25,2026-01-27 06:30:25,1
18400405,house,1,sale,Ano Cholargos (Cholargos),37.995518,23.807657,82,6,2,1,vip,24732,2026-01-27 06:30:23,2026-01-27 06:30:23,1
18401428,house,1,sale,Paleo Psichiko (Athens - North),38.016289,23.763548,160,6,3,2,vip,17102,2026-01-27 06:30:22,2026-01-27 06:30:22,1
18401853,house,4,sale,Nea Kifisia (Kifisia),38.100361,23.810293,401,3,6,4,vip,1799,2026-01-27 06:30:25,2026-01-27 06:30:25,1
18402186,house,1,sale,Kallithea (Athens - South),37.956524,23.694448,82,8,2,1,vip,24732,2026-01-27 06:30:23,2026-01-27 06:30:23,1
18402420,house,4,sale,Efxinos Pontos (Stamata),38.129444,23.876209,298,3,6,3,vip,6532,2026-01-27 06:30:20,2026-01-27 06:30:20,1
18403087,house,3,sale,Ano Glyfada (Glyfada),37.887589,23.764999,135,10,3,2,vip,18734,2026-01-27 06:30:18,2026-01-27 06:30:18,1
18403372,house,4,sale,Golf (Glyfada),37.879894,23.749229,371,3,5,2,vip,5349,2026-01-27 01:18:02,2026-01-27 01:18:02,1
18403391,house,1,sale,Moschato (Piraeus suburbs),37.947582,23.680025,107,9,3,2,vip,24732,2026-01-27 06:30:23,2026-01-27 06:30:23,1
18404590,house,1,sale,Politeia (Kifisia),38.082211,23.822195,206,7,3,3,vip,3155,2026-01-27 06:30:18,2026-01-27 06:30:18,1
18406832,house,1,sale,Eleftherias square (Korydallos),37.976002,23.650507,55,7,1,0,vip,14140,2026-01-27 06:30:23,2026-01-27 06:30:23,1
18408655,house,3,sale,Glyfada - center (Glyfada),37.859169,23.753136,260,8,5,4,vip,9199,2026-01-27 06:30:23,2026-01-27 06:30:23,1
18410225,house,4,sale,Voula (Athens - South),37.83498,23.776367,400,3,5,5,vip,3288,2026-01-27 06:30:22,2026-01-27 06:30:22,1
18411067,house,1,sale,Varnava (Athens - Center),37.966732,23.74291,86,6,2,1,vip,3155,2026-01-27 06:30:23,2026-01-27 06:30:23,1
18411843,house,1,sale,Kalamaki (Alimos),37.916428,23.710325,95,10,2,1,vip,3155,2026-01-27 06:30:23,2026-01-27 06:30:23,1
18411847,house,1,sale,Kithirion - Pani (Alimos),37.910069,23.722998,98,8,2,1,vip,3155,2026-01-27 06:30:25,2026-01-27 06:30:25,1
18411869,house,1,sale,Kastri - Politeia (Nea Erithraia),38.094784,23.829346,215,8,3,2,vip,3786,2026-01-27 06:30:18,2026-01-27 06:30:18,1
18411877,house,1,sale,Kalamaki (Alimos),37.90966,23.713797,70,7,1,1,vip,3155,2026-01-27 06:30:23,2026-01-27 06:30:23,1
18414723,house,1,sale,Sotiraki (Aigaleo),37.993092,23.686472,63,3,1,1,vip,5011,2026-01-27 01:18:02,2026-01-27 01:18:02,1
18415468,house,1,sale,Paradeisos (Agia Paraskevi),38.014236,23.833466,90,3,2,1,vip,20325,2026-01-27 06:30:25,2026-01-27 06:30:25,1
18418025,house,1,sale,Soros (Marousi),38.04353,23.81662,115,8,3,2,vip,17698,2026-01-27 06:30:23,2026-01-27 06:30:23,1
18418062,house,1,sale,Soros (Marousi),38.04353,23.81662,97,8,3,2,vip,17698,2026-01-27 06:30:23,2026-01-27 06:30:23,1
18418105,house,1,sale,Soros (Marousi),38.04353,23.81662,84,7,2,1,vip,17698,2026-01-27 06:30:23,2026-01-27 06:30:23,1
18421433,house,1,sale,Agiou Meletiou - Victorias Square - Marni (Athens - Center),37.99371,23.727423,106,10,3,2,vip,3786,2026-01-27 06:30:18,2026-01-27 06:30:18,1
18422227,house,6,sale,Fouresi (Glika Nera),38.008453,23.851276,379,3,4,4,vip,1799,2026-01-27 06:30:25,2026-01-27 06:30:25,1
18430170,house,2,sale,Neo Faliro (Piraeus),37.947849,23.666021,34,9,1,1,vip,24732,2026-01-27 06:30:23,2026-01-27 06:30:23,1
18430171,house,2,sale,Neo Faliro (Piraeus),37.947849,23.666021,42,10,1,1,vip,24732,2026-01-27 06:30:23,2026-01-27 06:30:23,1
18430174,house,2,sale,Neo Faliro (Piraeus),37.947849,23.666021,33,10,1,1,vip,24732,2026-01-27 06:30:23,2026-01-27 06:30:23,1
18430184,house,1,sale,Neo Faliro (Piraeus),37.947849,23.666021,49,10,1,1,vip,24732,2026-01-27 06:30:23,2026-01-27 06:30:23,1
18430187,house,2,sale,Neo Faliro (Piraeus),37.947849,23.666021,34,8,1,1,vip,24732,2026-01-27 06:30:23,2026-01-27 06:30:23,1
18430769,house,1,sale,Ano Papagou (Papagou),37.982109,23.789145,130,3,3,1,vip,3155,2026-01-27 06:30:23,2026-01-27 06:30:23,1
18432337,house,4,sale,Kerameikos (Athens - Center),37.981419,23.716511,81,3,1,1,vip,5011,2026-01-27 01:18:02,2026-01-27 01:18:02,1
18433615,house,1,sale,Glyfada - center (Glyfada),37.867111,23.754169,145,7,3,2,vip,5356,2026-01-27 06:30:22,2026-01-27 06:30:22,1
18435965,house,1,sale,Lagonisi (Kalivia Thorikou),37.811543,23.88073,115,7,3,2,vip,18734,2026-01-27 06:30:18,2026-01-27 06:30:18,1
18437878,house,1,sale,Center (Voula),37.853592,23.764179,136,6,2,1,vip,4117,2026-01-27 06:30:25,2026-01-27 06:30:25,1
18439492,house,1,sale,Varkiza (Vari - Varkiza),37.820538,23.799936,117,6,3,1,vip,5011,2026-01-27 01:18:02,2026-01-27 01:18:02,1
18440393,house,1,sale,Mouseio (Athens - Center),37.989704,23.732851,140,9,2,2,vip,10234,2026-01-27 06:30:25,2026-01-27 06:30:25,1
18441031,house,1,sale,Strofili (Kifisia),38.077541,23.810974,90,1,1,1,vip,6532,2026-01-27 06:30:20,2026-01-27 06:30:20,1
18445155,house,1,sale,Drossia center (Drossia),38.110855,23.863356,103,6,3,1,vip,6532,2026-01-27 06:30:20,2026-01-27 06:30:20,1
18445567,house,1,sale,Alsos Vokou (Nikaia),37.964859,23.637131,97,6,3,1,vip,25167,2026-01-27 06:30:22,2026-01-27 06:30:22,1
18445780,house,1,sale,Alsos Vokou (Nikaia),37.964859,23.637131,97,8,3,1,vip,25167,2026-01-27 06:30:22,2026-01-27 06:30:22,1
18445814,house,1,sale,Neo Faliro (Piraeus),37.947041,23.66663,115,10,3,2,vip,24732,2026-01-27 06:30:22,2026-01-27 06:30:22,1
18446087,house,3,sale,Kalymniotika (Voula),37.842751,23.778963,190,8,3,3,vip,4117,2026-01-27 06:30:25,2026-01-27 06:30:25,1
18448849,house,1,sale,Paradeisos (Marousi),38.034203,23.812319,110,8,3,2,vip,24018,2026-01-27 06:30:22,2026-01-27 06:30:22,1
18449672,house,3,sale,Pigadakia (Voula),37.829216,23.77552,410,3,3,4,vip,10796,2026-01-27 06:30:22,2026-01-27 06:30:22,1
18453992,house,1,sale,Metaxourgeio (Athens - Center),37.98531,23.72031,145,6,3,2,vip,21311,2026-01-27 06:30:25,2026-01-27 06:30:25,1
18454167,house,1,sale,Varnava (Athens - Center),37.966206,23.741549,70,7,1,1,vip,3155,2026-01-27 06:30:25,2026-01-27 06:30:25,1
18456010,house,3,sale,Nea Filothei (Marousi),38.029942,23.786322,157,9,5,3,vip,20325,2026-01-27 06:30:25,2026-01-27 06:30:25,1
18456030,house,3,sale,Nea Filothei (Marousi),38.029957,23.786322,167,9,5,2,vip,20325,2026-01-27 06:30:25,2026-01-27 06:30:25,1
18456251,house,1,sale,Balana (Gerakas),38.007374,23.857531,73,3,2,1,vip,20325,2026-01-27 06:30:25,2026-01-27 06:30:25,1
18456305,house,1,sale,Balana (Gerakas),38.007374,23.857531,75,6,2,1,vip,20325,2026-01-27 06:30:25,2026-01-27 06:30:25,1
18456561,house,4,sale,Chalandri (Athens - North),38.026245,23.819979,303,3,5,3,vip,5496,2026-01-27 01:18:02,2026-01-27 01:18:02,1
18456666,house,4,sale,Kipriadou - Ano Patisia (Athens - Center),38.017567,23.743134,175,6,3,2,vip,15785,2026-01-27 06:30:18,2026-01-27 06:30:18,1
18457533,house,1,sale,Kalamaki (Alimos),37.913719,23.710972,96,7,2,1,vip,15785,2026-01-27 06:30:18,2026-01-27 06:30:18,1
18458482,house,4,sale,Kastella (Kastella - Passalimani),37.938206,23.657249,536,0,0,0,vip,15785,2026-01-27 06:30:18,2026-01-27 06:30:18,1
18459521,house,1,sale,Agios Fanourios (Drapetsona),37.949299,23.63406,70,11,2,1,vip,14721,2026-01-27 06:30:18,2026-01-27 06:30:18,1
18459802,house,1,sale,Skopeftirio (Kaisariani),37.965549,23.756397,60,6,2,1,vip,20312,2026-01-27 06:30:25,2026-01-27 06:30:25,1
18459935,house,1,sale,Nea Kipseli (Athens - Center),37.999325,23.742647,66,4,2,1,vip,20312,2026-01-27 06:30:23,2026-01-27 06:30:23,1
18462572,house,1,sale,Rigilis (Kolonaki - Lykavittos),37.974194,23.741133,85,3,2,2,vip,3155,2026-01-27 06:30:22,2026-01-27 06:30:22,1
18462884,house,1,sale,Orio Vrilission (Melissia),38.05035,23.837208,111,6,3,2,vip,24018,2026-01-27 06:30:22,2026-01-27 06:30:22,1
18463178,house,1,sale,Orio Vrilission (Melissia),38.05035,23.837208,114,6,3,2,vip,24018,2026-01-27 06:30:22,2026-01-27 06:30:22,1
18463309,house,1,sale,Orio Vrilission (Melissia),38.05035,23.837208,114,7,3,2,vip,24018,2026-01-27 06:30:22,2026-01-27 06:30:22,1
18467412,house,4,sale,Mavro Lithari (Anavyssos),37.735813,23.907532,220,3,3,2,vip,18734,2026-01-27 06:30:18,2026-01-27 06:30:18,1
18468682,house,1,sale,Center (Kifisia),38.071861,23.814959,140,7,3,2,vip,4069,2026-01-27 06:30:18,2026-01-27 06:30:18,1
18476615,house,5,sale,Agios Nikolaos (Anavyssos),37.726021,23.918941,1500,0,0,0,vip,15785,2026-01-27 06:30:18,2026-01-27 06:30:18,1
18477480,house,1,sale,Ano Melissia (Melissia),38.064045,23.8512,115,7,3,2,vip,7565,2026-01-27 06:30:20,2026-01-27 06:30:20,1
18477489,house,1,sale,Ano Melissia (Melissia),38.064045,23.8512,114,8,3,2,vip,7565,2026-01-27 06:30:20,2026-01-27 06:30:20,1
18479529,house,1,sale,Center (Voula),37.842045,23.767,168,7,3,2,vip,3155,2026-01-27 06:30:18,2026-01-27 06:30:18,1
18485799,house,1,sale,Nea Filothei (Marousi),38.0294,23.784554,117,8,3,2,vip,3155,2026-01-27 06:30:23,2026-01-27 06:30:23,1
18485800,house,1,sale,Nea Filothei (Marousi),38.029408,23.784672,117,7,3,2,vip,3155,2026-01-27 06:30:25,2026-01-27 06:30:25,1
18485941,house,6,sale,Lioumi (Aigaleo),38.000221,23.673864,600,6,12,10,vip,20351,2026-01-27 06:30:23,2026-01-27 06:30:23,1
18486073,house,10,sale,Agia Marina (Paiania),37.95438,23.859879,850,3,6,6,vip,2900,2026-01-27 06:30:22,2026-01-27 06:30:22,1
18486096,house,1,sale,Profitis Ilias (Athens - Center),37.964684,23.747471,123,10,3,2,vip,2900,2026-01-27 06:30:22,2026-01-27 06:30:22,1
18486106,house,3,sale,Neos Kosmos (Athens - Center),37.954842,23.727556,90,10,2,2,vip,2900,2026-01-27 06:30:22,2026-01-27 06:30:22,1
18486110,house,1,sale,Kolonaki (Kolonaki - Lykavittos),37.976803,23.746738,142,8,3,1,vip,2900,2026-01-27 06:30:22,2026-01-27 06:30:22,1
18486823,house,1,sale,Fokionos Negri (Athens - Center),38.00256,23.735182,76,6,2,1,vip,2900,2026-01-27 06:30:22,2026-01-27 06:30:22,1
18487072,house,4,sale,Paradeisos (Agia Paraskevi),38.015442,23.835501,335,3,4,2,vip,2900,2026-01-27 06:30:22,2026-01-27 06:30:22,1
18487501,house,1,sale,Terpsithea (Glyfada),37.89624,23.764347,86,6,2,1,vip,23580,2026-01-27 06:30:22,2026-01-27 06:30:22,1
18488261,house,1,sale,Parko Stratarchou Papagou (Papagou),37.9949,23.794048,100,6,3,2,vip,24732,2026-01-27 06:30:22,2026-01-27 06:30:22,1
18488500,house,1,sale,Kalymniotika (Voula),37.843044,23.776232,76,8,2,1,vip,4117,2026-01-27 06:30:25,2026-01-27 06:30:25,1
18489012,house,1,sale,Trocadero (Palaio Faliro),37.930611,23.689138,150,9,3,1,vip,5349,2026-01-27 01:18:02,2026-01-27 01:18:02,1
18492332,house,1,sale,Evelpidon - Dikastiria (Athens - Center),37.995911,23.736166,87,10,2,1,vip,3786,2026-01-27 06:30:18,2026-01-27 06:30:18,1
18492493,house,1,sale,Evelpidon - Dikastiria (Athens - Center),37.995995,23.736403,41,9,1,1,vip,3786,2026-01-27 06:30:18,2026-01-27 06:30:18,1
18492729,house,1,sale,Glyfada - center (Glyfada),37.855839,23.759171,72,3,2,1,vip,1303,2026-01-27 06:30:18,2026-01-27 06:30:18,1
18498604,house,1,sale,Votanikos (Athens - Center),37.979404,23.704571,71,7,2,1,vip,4474,2026-01-27 06:30:20,2026-01-27 06:30:20,1
18499746,house,1,sale,Alsos Pagkratiou (Athens - Center),37.968956,23.744444,47,8,1,1,vip,13787,2026-01-27 06:30:25,2026-01-27 06:30:25,1
18500197,house,6,sale,Aigaleo (Athens - West),37.999401,23.674049,600,0,0,0,vip,15785,2026-01-27 06:30:18,2026-01-27 06:30:18,1
18500821,house,1,sale,Kolonaki (Kolonaki - Lykavittos),37.977417,23.746326,193,10,3,3,vip,6532,2026-01-27 06:30:20,2026-01-27 06:30:20,1
18500822,house,3,sale,Kolonaki (Kolonaki - Lykavittos),37.977417,23.746326,237,11,3,4,vip,6532,2026-01-27 06:30:20,2026-01-27 06:30:20,1
18502349,house,1,sale,Kolonaki (Kolonaki - Lykavittos),37.978714,23.750313,193,8,3,3,vip,3155,2026-01-27 06:30:23,2026-01-27 06:30:23,1
18502350,house,1,sale,Kolonaki (Kolonaki - Lykavittos),37.978745,23.750259,193,9,3,3,vip,3155,2026-01-27 06:30:23,2026-01-27 06:30:23,1
18502351,house,1,sale,Kolonaki (Kolonaki - Lykavittos),37.978649,23.750109,193,10,3,3,vip,3155,2026-01-27 06:30:25,2026-01-27 06:30:25,1
18503886,house,1,sale,Kipseli (Athens - Center),38.002632,23.735123,200,6,5,2,vip,2900,2026-01-27 06:30:22,2026-01-27 06:30:22,1
18503985,house,1,sale,Glyfada - center (Glyfada),37.864243,23.750788,89,9,2,1,vip,4594,2026-01-27 06:30:23,2026-01-27 06:30:23,1
18504254,house,3,sale,Ano Papagou (Papagou),37.992405,23.801546,125,3,3,1,vip,6532,2026-01-27 06:30:20,2026-01-27 06:30:20,1
18505061,house,1,sale,Golf (Glyfada),37.875813,23.750145,180,7,3,2,vip,9199,2026-01-27 06:30:23,2026-01-27 06:30:23,1
18506206,house,1,sale,Moschato (Piraeus suburbs),37.94902,23.676495,99,8,2,1,vip,24732,2026-01-27 06:30:22,2026-01-27 06:30:22,1
18507817,house,1,sale,Kato Patisia (Athens - Center),38.014545,23.732416,46,7,1,1,vip,20312,2026-01-27 06:30:25,2026-01-27 06:30:25,1
18508260,house,3,sale,Kithirion - Pani (Alimos),37.90955,23.722733,145,9,3,2,vip,3155,2026-01-27 06:30:18,2026-01-27 06:30:18,1
18510966,house,1,sale,Terpsithea (Glyfada),37.892212,23.763685,105,8,3,1,vip,3155,2026-01-27 06:30:18,2026-01-27 06:30:18,1
18512749,house,1,sale,Stavros Geraka (Gerakas),38.016197,23.852482,77,3,2,1,vip,20325,2026-01-27 06:30:25,2026-01-27 06:30:25,1
18512751,house,1,sale,Stavros Geraka (Gerakas),38.016197,23.852482,81,6,2,1,vip,20325,2026-01-27 06:30:25,2026-01-27 06:30:25,1
18512773,house,1,sale,Balana (Gerakas),38.006187,23.860071,90,3,2,1,vip,20325,2026-01-27 06:30:25,2026-01-27 06:30:25,1
18512774,house,3,sale,Balana (Gerakas),38.006187,23.860071,140,6,3,2,vip,20325,2026-01-27 06:30:25,2026-01-27 06:30:25,1
18513304,house,1,sale,Pagkrati Center (Athens - Center),37.972641,23.7484,57,7,1,1,vip,21711,2026-01-27 06:30:23,2026-01-27 06:30:23,1
18514386,house,1,sale,Moschato (Piraeus suburbs),37.947571,23.680338,80,7,2,1,vip,24732,2026-01-27 06:30:22,2026-01-27 06:30:22,1
18516756,house,1,sale,Leoforos Patision - Leoforos Acharnon (Athens - Center),38.003181,23.734224,90,9,3,2,vip,7565,2026-01-27 06:30:20,2026-01-27 06:30:20,1
18517135,house,1,sale,Center (Voula),37.852543,23.763189,156,8,3,4,vip,5349,2026-01-27 01:18:02,2026-01-27 01:18:02,1
18517313,house,6,sale,Lykavittos (Kolonaki - Lykavittos),37.986343,23.745525,466,3,10,5,vip,14067,2026-01-27 06:30:25,2026-01-27 06:30:25,1
18518138,house,1,sale,Glyfada (Athens - South),37.884266,23.747982,111,8,3,1,vip,17224,2026-01-27 06:30:18,2026-01-27 06:30:18,1
18518471,house,1,sale,Kato Patisia (Athens - Center),38.010429,23.732878,38,7,1,1,vip,20312,2026-01-27 06:30:22,2026-01-27 06:30:22,1
18518788,house,1,sale,Kinosargous (Athens - Center),37.959091,23.73263,87,7,2,1,vip,21711,2026-01-27 06:30:23,2026-01-27 06:30:23,1
18522417,house,1,sale,Gerakas (Athens - East),38.017075,23.862335,96,7,2,2,vip,5496,2026-01-27 01:18:02,2026-01-27 01:18:02,1
18522988,house,1,sale,Anastasi (Keratsini),37.951347,23.626032,83,9,2,1,vip,695,2026-01-27 06:30:23,2026-01-27 06:30:23,1
18523048,house,1,sale,Kastri - Politeia (Nea Erithraia),38.089279,23.824631,178,7,3,2,vip,7565,2026-01-27 06:30:20,2026-01-27 06:30:20,1
18524373,house,1,sale,Patima (Chalandri),38.031849,23.84267,87,7,2,1,vip,7565,2026-01-27 06:30:20,2026-01-27 06:30:20,1
18524379,house,1,sale,Patima (Chalandri),38.031849,23.84267,87,6,2,1,vip,7565,2026-01-27 06:30:20,2026-01-27 06:30:20,1
18524385,house,1,sale,Patima (Chalandri),38.031849,23.84267,81,3,2,1,vip,7565,2026-01-27 06:30:20,2026-01-27 06:30:20,1
18525385,house,1,sale,Edem (Palaio Faliro),37.923401,23.698681,215,11,3,2,vip,25236,2026-01-27 06:30:23,2026-01-27 06:30:23,1
18525504,house,3,sale,Kalymniotika (Voula),37.841377,23.778629,175,6,3,2,vip,5349,2026-01-27 01:18:02,2026-01-27 01:18:02,1
18526133,house,1,sale,Agios Eleftherios (Athens - Center),38.020226,23.732807,71,6,2,1,vip,20312,2026-01-27 06:30:25,2026-01-27 06:30:25,1
18526326,house,1,sale,Kolonaki (Kolonaki - Lykavittos),37.982292,23.753559,111,8,2,2,vip,5011,2026-01-27 01:18:02,2026-01-27 01:18:02,1
18526459,house,1,sale,Voula (Athens - South),37.849205,23.773298,170,7,3,2,vip,3288,2026-01-27 06:30:22,2026-01-27 06:30:22,1
18526856,house,1,sale,Gkazi (Athens - Center),37.978786,23.715303,32,7,1,1,vip,7414,2026-01-27 06:30:25,2026-01-27 06:30:25,1
18526976,house,3,sale,Lathouriza (Vari - Varkiza),37.827549,23.79542,280,3,4,4,vip,25191,2026-01-27 06:30:25,2026-01-27 06:30:25,1
18528824,house,4,sale,Papagou (Athens - North),37.988888,23.797298,235,3,4,3,vip,2900,2026-01-27 06:30:22,2026-01-27 06:30:22,1
18528998,house,1,sale,Center (Kifisia),38.077431,23.819269,204,6,4,3,vip,7565,2026-01-27 06:30:20,2026-01-27 06:30:20,1
18529004,house,1,sale,Center (Kifisia),38.077431,23.819269,217,7,4,2,vip,7565,2026-01-27 06:30:20,2026-01-27 06:30:20,1
18529010,house,1,sale,Center (Kifisia),38.077431,23.819269,211,3,4,4,vip,7565,2026-01-27 06:30:20,2026-01-27 06:30:20,1
18529094,house,4,sale,Kalymniotika (Voula),37.838825,23.77471,270,3,3,3,vip,4117,2026-01-27 06:30:25,2026-01-27 06:30:25,1
18531144,house,1,sale,Anavrita (Marousi),38.056564,23.818792,150,10,4,2,vip,6703,2026-01-27 06:30:18,2026-01-27 06:30:18,1
18531802,house,3,sale,Evryali (Voula),37.851074,23.755203,148,9,3,2,vip,3288,2026-01-27 06:30:22,2026-01-27 06:30:22,1
18531812,house,3,sale,Glyfada - center (Glyfada),37.870789,23.749786,162,3,3,2,vip,5349,2026-01-27 01:18:02,2026-01-27 01:18:02,1
18531925,house,1,sale,Voula (Athens - South),37.850788,23.755381,120,7,3,1,vip,3288,2026-01-27 06:30:22,2026-01-27 06:30:22,1
18531934,house,3,sale,Palaio Faliro (Athens - South),37.921722,23.701532,265,12,4,3,vip,4474,2026-01-27 06:30:20,2026-01-27 06:30:20,1
18532007,house,1,sale,Chrisalida (Nea Chalkidona),38.023319,23.72739,59,6,1,1,vip,5011,2026-01-27 01:18:02,2026-01-27 01:18:02,1
18533400,house,1,sale,Center (Vouliagmeni),37.822208,23.783983,112,9,2,2,vip,10796,2026-01-27 06:30:22,2026-01-27 06:30:22,1
18533530,house,3,sale,Voula (Athens - South),37.850544,23.755552,165,9,3,2,vip,3288,2026-01-27 06:30:22,2026-01-27 06:30:22,1
18533668,house,6,sale,Leoforos Patision - Leoforos Acharnon (Athens - Center),38.004356,23.734411,1040,3,0,0,vip,15785,2026-01-27 06:30:18,2026-01-27 06:30:18,1
18533823,house,3,sale,Voula (Athens - South),37.846134,23.764898,124,9,3,2,vip,3288,2026-01-27 06:30:22,2026-01-27 06:30:22,1
18536083,house,1,sale,Agia Varvara (Palaio Faliro),37.922638,23.719488,134,9,3,2,vip,24018,2026-01-27 06:30:22,2026-01-27 06:30:22,1
18536202,house,3,sale,Ano Papagou (Papagou),37.975594,23.793093,175,9,4,2,vip,24732,2026-01-27 06:30:22,2026-01-27 06:30:22,1
18536387,house,3,sale,Saronida center - beachside area (Saronida),37.744381,23.908251,116,3,3,2,vip,18734,2026-01-27 06:30:18,2026-01-27 06:30:18,1
18540408,house,6,sale,akadimia Platonos (Kolonos - Kolokynthous),37.99617,23.710596,1100,9,10,5,vip,5011,2026-01-27 01:18:02,2026-01-27 01:18:02,1
18540974,house,1,sale,Kolonaki (Kolonaki - Lykavittos),37.980141,23.738258,116,8,2,1,vip,3155,2026-01-27 06:30:23,2026-01-27 06:30:23,1
18541434,house,1,sale,Ano Kipseli (Athens - Center),38.002842,23.737335,75,8,2,1,vip,14721,2026-01-27 06:30:18,2026-01-27 06:30:18,1
18543180,house,1,sale,Ano Papagou (Papagou),37.989849,23.798668,55,7,1,1,vip,24732,2026-01-27 06:30:23,2026-01-27 06:30:23,1
18543728,house,1,sale,Ano Papagou (Papagou),37.9907,23.79995,100,7,2,2,vip,24732,2026-01-27 06:30:23,2026-01-27 06:30:23,1
18543787,house,1,sale,Stavros (Agia Paraskevi),38.007938,23.827709,130,7,3,3,vip,5011,2026-01-27 01:18:02,2026-01-27 01:18:02,1
18544484,house,3,sale,Drossia center (Drossia),38.111862,23.864264,242,6,4,3,vip,6532,2026-01-27 06:30:20,2026-01-27 06:30:20,1
18549141,house,1,sale,Ano Petralona (Athens - Center),37.968666,23.710375,54,3,1,1,vip,8606,2026-01-27 06:30:22,2026-01-27 06:30:22,1
18549226,house,1,sale,Kallipoli (Kallipoli - Freattida),37.928993,23.635433,109,11,2,1,vip,3155,2026-01-27 06:30:25,2026-01-27 06:30:25,1
18552519,house,1,sale,Kithirion - Pani (Alimos),37.90963,23.73369,95,6,2,1,vip,21311,2026-01-27 06:30:25,2026-01-27 06:30:25,1
18552691,house,3,sale,Nea Penteli (Athens - North),38.059036,23.861248,420,3,3,4,vip,13787,2026-01-27 06:30:23,2026-01-27 06:30:23,1
18552742,house,1,sale,Pagkrati (Athens - Center),37.971016,23.750479,49,10,1,1,vip,13787,2026-01-27 06:30:18,2026-01-27 06:30:18,1
18553526,house,3,sale,Voula (Athens - South),37.843452,23.776423,205,7,3,3,vip,3288,2026-01-27 06:30:22,2026-01-27 06:30:22,1
18553867,house,3,sale,Voula (Athens - South),37.841785,23.775669,175,8,3,2,vip,3288,2026-01-27 06:30:22,2026-01-27 06:30:22,1
18556903,house,1,sale,Politechneio (Athens - Center),37.986931,23.73329,73,8,2,1,vip,17723,2026-01-27 06:30:23,2026-01-27 06:30:23,1
18583763,house,3,sale,Voula (Athens - South),37.833672,23.77253,148,8,3,2,vip,5349,2026-01-27 01:18:02,2026-01-27 01:18:02,1
18584358,house,1,sale,Floisvos (Palaio Faliro),37.922699,23.696896,80,6,2,1,vip,5011,2026-01-27 01:18:02,2026-01-27 01:18:02,1
18584530,house,3,sale,Kastri - Politeia (Nea Erithraia),38.089279,23.824631,265,3,5,5,vip,7565,2026-01-27 06:30:20,2026-01-27 06:30:20,1
18586467,house,1,sale,Kato Patisia (Athens - Center),38.013966,23.724867,74,10,2,1,vip,24263,2026-01-27 06:30:25,2026-01-27 06:30:25,1
18587039,house,1,sale,Palaio Faliro (Athens - South),37.926636,23.704098,88,6,2,1,vip,4474,2026-01-27 06:30:20,2026-01-27 06:30:20,1
18590028,house,1,sale,Ano Agios Ioannis (Dafni),37.954746,23.738121,100,8,3,1,vip,5011,2026-01-27 01:18:02,2026-01-27 01:18:02,1
18591979,house,1,sale,Agia Anna (Chalandri),38.01749,23.79072,99,6,2,2,vip,7565,2026-01-27 06:30:20,2026-01-27 06:30:20,1
18591990,house,1,sale,Agia Anna (Chalandri),38.01749,23.79072,99,8,2,2,vip,7565,2026-01-27 06:30:20,2026-01-27 06:30:20,1
18598863,house,1,sale,Nea Elvetia (Vironas),37.959,23.765221,88,8,2,1,vip,25283,2026-01-27 06:30:25,2026-01-27 06:30:25,1
18598901,house,1,sale,Kastri - Politeia (Nea Erithraia),38.09288,23.82383,210,6,3,2,vip,7565,2026-01-27 06:30:20,2026-01-27 06:30:20,1
18599734,house,1,sale,Ano Pefki (Pefki),38.065639,23.794542,104,9,3,1,vip,24018,2026-01-27 06:30:22,2026-01-27 06:30:22,1
18600312,house,1,sale,Ano Glyfada (Glyfada),37.889309,23.767025,149,7,4,2,vip,15785,2026-01-27 06:30:18,2026-01-27 06:30:18,1
18600452,house,1,sale,Golf (Glyfada),37.881603,23.749138,130,7,3,1,vip,15785,2026-01-27 06:30:18,2026-01-27 06:30:18,1
18604538,house,3,sale,Kato Vakalopoulo (Pallini),38.000656,23.906328,115,3,2,2,vip,3155,2026-01-27 01:18:02,2026-01-27 01:18:02,1
18606073,house,3,sale,Kato Vakalopoulo (Pallini),38.000801,23.906712,117,6,2,2,vip,3155,2026-01-27 06:30:25,2026-01-27 06:30:25,1
18609301,house,3,sale,Piraiki (Piraiki - Chatzikyriakio),37.92712,23.631731,171,11,2,2,vip,3155,2026-01-27 06:30:22,2026-01-27 06:30:22,1
18614664,house,1,sale,Asirmatos Alianthou (Vari - Varkiza),37.827396,23.804993,115,7,3,1,vip,4117,2026-01-27 06:30:25,2026-01-27 06:30:25,1
18614870,house,3,sale,Faneromeni (Cholargos),38.001549,23.804132,165,10,4,2,vip,24018,2026-01-27 06:30:22,2026-01-27 06:30:22,1
18619428,house,1,sale,Profitis Ilias (Athens - Center),37.963982,23.748907,54,7,1,1,vip,3155,2026-01-27 06:30:23,2026-01-27 06:30:23,1
18619431,house,1,sale,Hilton (Athens - Center),37.975937,23.756926,102,9,2,1,vip,3155,2026-01-27 06:30:23,2026-01-27 06:30:23,1
18619436,house,1,sale,Hilton (Athens - Center),37.975952,23.756369,102,8,2,1,vip,3155,2026-01-27 06:30:25,2026-01-27 06:30:25,1
18619550,house,1,sale,Fix (Koukaki - Makrygianni),37.965027,23.724073,88,6,2,1,vip,10234,2026-01-27 06:30:25,2026-01-27 06:30:25,1
18619927,house,1,sale,Profitis Ilias (Kifisia),38.067764,23.807041,228,14,3,3,vip,3868,2026-01-27 01:18:02,2026-01-27 01:18:02,1
18623415,house,4,sale,Kato Halandri (Chalandri),38.015724,23.802523,152,3,4,1,vip,5011,2026-01-27 01:18:02,2026-01-27 01:18:02,1
18624168,house,6,sale,Stavros (Agia Paraskevi),38.009502,23.832972,180,3,4,2,vip,7565,2026-01-27 06:30:20,2026-01-27 06:30:20,1
18624172,house,1,sale,Ano Papagou (Papagou),37.986767,23.793985,95,6,2,1,vip,24732,2026-01-27 06:30:22,2026-01-27 06:30:22,1
18624374,house,3,sale,Kato Kifisia (Kifisia),38.084221,23.800331,230,3,4,4,vip,6532,2026-01-27 06:30:20,2026-01-27 06:30:20,1
18625309,house,1,sale,Ano Drossia (Drossia),38.12199,23.868771,136,7,3,1,vip,3967,2026-01-27 06:30:25,2026-01-27 06:30:25,1
18627515,house,3,sale,Ekali (Athens - North),38.106255,23.841812,472,3,3,2,vip,6532,2026-01-27 06:30:20,2026-01-27 06:30:20,1
18627997,house,1,sale,Kallithea (Athens - South),37.950172,23.703476,67,11,2,1,vip,24732,2026-01-27 06:30:22,2026-01-27 06:30:22,1
18628541,house,3,sale,Kato Patisia (Athens - Center),38.015446,23.724688,139,8,3,1,vip,1799,2026-01-27 06:30:23,2026-01-27 06:30:23,1
18628635,house,1,sale,Agios Nikolaos (Athens - Center),38.011345,23.722239,66,7,2,1,vip,20312,2026-01-27 06:30:23,2026-01-27 06:30:23,1
18628846,house,3,sale,Evryali (Voula),37.851406,23.760645,172,8,3,3,vip,3288,2026-01-27 06:30:22,2026-01-27 06:30:22,1
18628958,house,4,sale,Agios Dimitrios (Paleo Psichiko),38.008362,23.773008,345,3,3,2,vip,3155,2026-01-27 06:30:18,2026-01-27 06:30:18,1
18629895,house,1,sale,Center (Chalandri),38.024261,23.8127,135,7,3,1,vip,3967,2026-01-27 06:30:25,2026-01-27 06:30:25,1
18630300,house,1,sale,Palaio Faliro (Athens - South),37.922771,23.697357,85,4,2,2,vip,8796,2026-01-27 06:30:23,2026-01-27 06:30:23,1
18632315,house,1,sale,Kato Petralona (Athens - Center),37.96788,23.708099,35,3,1,1,vip,22585,2026-01-27 06:30:18,2026-01-27 06:30:18,1
18632924,house,3,sale,Ekali (Athens - North),38.113464,23.836567,400,3,3,3,vip,2992,2026-01-27 06:30:25,2026-01-27 06:30:25,1
18646597,house,1,sale,Evryali (Voula),37.850056,23.754421,85,6,3,2,vip,5011,2026-01-27 01:18:02,2026-01-27 01:18:02,1
18647231,house,3,sale,Center (Vrilissia),38.030556,23.828949,150,7,3,2,vip,6532,2026-01-27 06:30:20,2026-01-27 06:30:20,1
18651260,house,1,sale,Toufa (Chalandri),38.024902,23.818253,180,7,3,1,vip,3155,2026-01-27 06:30:25,2026-01-27 06:30:25,1
18651304,house,1,sale,Agioi Anargyroi (Marousi),38.053982,23.804605,185,7,4,2,vip,3155,2026-01-27 06:30:25,2026-01-27 06:30:25,1
18653358,house,1,sale,Pagkrati Center (Athens - Center),37.966286,23.75034,101,9,2,1,vip,10234,2026-01-27 06:30:22,2026-01-27 06:30:22,1
18655680,house,10,sale,Agios Athanasios (Salamina),37.93137,23.480145,140,3,3,2,vip,515,2026-01-27 06:30:25,2026-01-27 06:30:25,1
18655716,house,6,sale,Ano Psalidi (Iraklio),38.05323,23.777601,284,7,5,4,vip,1799,2026-01-27 06:30:23,2026-01-27 06:30:23,1
18656258,house,1,sale,Aixoni (Glyfada),37.865047,23.769646,77,6,2,2,vip,4117,2026-01-27 06:30:25,2026-01-27 06:30:25,1
18672545,house,1,sale,Aspra Chomata (Nikaia),37.970909,23.662365,98,11,3,2,vip,5011,2026-01-27 01:18:02,2026-01-27 01:18:02,1
18677643,house,1,sale,Kaminia (Kaminia - Palaia Kokkinia),37.949959,23.656763,70,7,2,1,vip,5011,2026-01-27 01:18:02,2026-01-27 01:18:02,1
18679035,house,1,sale,Saronida (Rest of Attica),37.745152,23.911949,213,3,3,2,vip,2900,2026-01-27 06:30:22,2026-01-27 06:30:22,1
18679120,house,1,sale,Patima Vrilission (Vrilissia),38.047138,23.849079,150,7,3,1,vip,21311,2026-01-27 06:30:25,2026-01-27 06:30:25,1
18679491,house,1,sale,Center (Nea Smyrni),37.947342,23.710121,78,7,2,2,vip,3155,2026-01-27 06:30:25,2026-01-27 06:30:25,1
18679621,house,3,sale,Voula (Athens - South),37.840088,23.779007,184,3,4,3,vip,3288,2026-01-27 06:30:22,2026-01-27 06:30:22,1
18679741,house,1,sale,Agios Georgios (Neo Psychiko),38.009041,23.782278,165,7,4,2,vip,3155,2026-01-27 06:30:22,2026-01-27 06:30:22,1
18679757,house,4,sale,Fasideri (Anoixi),38.123928,23.843798,340,3,3,2,vip,3155,2026-01-27 06:30:25,2026-01-27 06:30:25,1
18681470,house,1,sale,Polidroso (Chalandri),38.026646,23.799294,108,8,3,1,vip,7565,2026-01-27 06:30:20,2026-01-27 06:30:20,1
18681710,house,4,sale,Agia Marina (Koropi),37.823879,23.843229,78,3,2,1,vip,4117,2026-01-27 06:30:25,2026-01-27 06:30:25,1
18681797,house,1,sale,Kato Kifisia (Kifisia),38.0853,23.806698,91,6,2,1,vip,7565,2026-01-27 06:30:20,2026-01-27 06:30:20,1
18681818,house,1,sale,Kato Kifisia (Kifisia),38.0853,23.806698,121,7,3,2,vip,7565,2026-01-27 06:30:20,2026-01-27 06:30:20,1
18681833,house,3,sale,Kato Kifisia (Kifisia),38.0853,23.806698,179,3,3,2,vip,7565,2026-01-27 06:30:20,2026-01-27 06:30:20,1
18682886,house,1,sale,Agiou Meletiou - Victorias Square - Marni (Athens - Center),37.993465,23.72769,99,3,3,1,vip,11668,2026-01-27 06:30:18,2026-01-27 06:30:18,1
18683090,house,1,sale,Zirineio (Kifisia),38.068359,23.82037,155,3,3,3,vip,7565,2026-01-27 06:30:20,2026-01-27 06:30:20,1
18683139,house,1,sale,Zirineio (Kifisia),38.068359,23.82037,139,6,3,2,vip,7565,2026-01-27 06:30:20,2026-01-27 06:30:20,1
18683201,house,3,sale,Zirineio (Kifisia),38.068359,23.82037,224,7,4,4,vip,7565,2026-01-27 06:30:20,2026-01-27 06:30:20,1
18683568,house,3,sale,Center (Vrilissia),38.030224,23.828768,150,7,3,2,vip,24018,2026-01-27 06:30:22,2026-01-27 06:30:22,1
18684626,house,1,sale,Soutsou (Athens - Center),37.986015,23.756691,58,6,1,1,vip,20325,2026-01-27 06:30:25,2026-01-27 06:30:25,1
18685479,house,1,sale,Neapoli - Thiraiika (Lavrio),37.713943,24.05072,54,7,1,1,vip,8606,2026-01-27 06:30:22,2026-01-27 06:30:22,1
18685978,house,3,sale,Glyfada - center (Glyfada),37.856754,23.758905,266,3,3,3,vip,4117,2026-01-27 06:30:25,2026-01-27 06:30:25,1
18686789,house,1,sale,Agios Panteleimonas (Keratsini),37.96048,23.623072,73,3,2,1,vip,695,2026-01-27 06:30:23,2026-01-27 06:30:23,1
18687251,house,1,sale,Centre (Kallithea),37.954109,23.70878,50,6,1,1,vip,7620,2026-01-27 06:30:23,2026-01-27 06:30:23,1
18693331,house,10,sale,Kalymniotika (Voula),37.84277,23.780283,590,3,5,5,vip,10796,2026-01-27 06:30:22,2026-01-27 06:30:22,1
18695731,house,1,sale,Floisvos (Palaio Faliro),37.922966,23.693785,250,10,3,1,vip,3155,2026-01-27 06:30:18,2026-01-27 06:30:18,1
18695836,house,1,sale,Nea Kipseli (Athens - Center),37.999546,23.745649,83,10,2,1,vip,5011,2026-01-27 01:18:02,2026-01-27 01:18:02,1
18695843,house,1,sale,Floisvos (Palaio Faliro),37.92403,23.69383,207,7,3,2,vip,3155,2026-01-27 06:30:23,2026-01-27 06:30:23,1
18696091,house,1,sale,Ano Glyfada (Glyfada),37.88311,23.755663,192,8,5,4,vip,12542,2026-01-27 06:30:18,2026-01-27 06:30:18,1
18697143,house,1,sale,Micheli (Ilion),38.03706,23.70359,48,6,1,1,vip,11875,2026-01-27 06:30:18,2026-01-27 06:30:18,1
18701708,house,4,sale,Chryssostoumou Smyrnis - Metamorfoseos (Moschato),37.945713,23.679859,130,3,2,1,vip,1799,2026-01-27 06:30:25,2026-01-27 06:30:25,1
18702148,house,1,sale,Pagkrati Center (Athens - Center),37.96912,23.748856,61,3,2,1,vip,1799,2026-01-27 06:30:25,2026-01-27 06:30:25,1
18702315,house,3,sale,Melissia (Athens - North),38.052399,23.84251,116,3,3,1,vip,7565,2026-01-27 06:30:20,2026-01-27 06:30:20,1
18703366,house,1,sale,Kolonaki (Kolonaki - Lykavittos),37.978523,23.749613,79,9,2,2,vip,10234,2026-01-27 06:30:18,2026-01-27 06:30:18,1
18703641,house,1,sale,Profitis Ilias (Kifisia),38.070442,23.809111,228,15,3,3,vip,3155,2026-01-27 06:30:18,2026-01-27 06:30:18,1
18704036,house,1,sale,Ano Petroupoli (Petroupoli),38.045467,23.67675,103,7,3,1,vip,24803,2026-01-27 06:30:25,2026-01-27 06:30:25,1
18704101,house,3,sale,Voula (Athens - South),37.849308,23.772268,222,8,4,4,vip,3288,2026-01-27 06:30:22,2026-01-27 06:30:22,1
18707916,house,1,sale,Skopeftirio (Kaisariani),37.964134,23.759518,75,8,2,1,vip,21801,2026-01-27 06:30:25,2026-01-27 06:30:25,1
18709670,house,1,sale,Glyfada (Athens - South),37.865665,23.751158,105,8,2,2,vip,15785,2026-01-27 06:30:18,2026-01-27 06:30:18,1
18709762,house,1,sale,Orio Vrilission (Melissia),38.048801,23.838564,138,9,3,2,vip,5011,2026-01-27 01:18:02,2026-01-27 01:18:02,1
18709953,house,1,sale,Dikigorika (Voula),37.851643,23.770313,119,7,2,1,vip,4594,2026-01-27 06:30:23,2026-01-27 06:30:23,1
18710161,house,4,sale,Nea Kipseli (Athens - Center),38.000118,23.747311,240,3,4,2,vip,18734,2026-01-27 06:30:18,2026-01-27 06:30:18,1
18710550,house,1,sale,Center (Vouliagmeni),37.816818,23.780787,46,7,1,0,vip,14140,2026-01-27 06:30:23,2026-01-27 06:30:23,1
18710568,house,1,sale,Center (Vouliagmeni),37.81749,23.780348,46,7,1,0,vip,14140,2026-01-27 06:30:23,2026-01-27 06:30:23,1
18710583,house,1,sale,Analipsi (Drapetsona),37.951172,23.628679,80,9,2,1,vip,4970,2026-01-27 06:30:22,2026-01-27 06:30:22,1
18710617,house,1,sale,Palaio Faliro (Athens - South),37.921249,23.698421,188,7,3,3,vip,4474,2026-01-27 06:30:20,2026-01-27 06:30:20,1
18712266,house,1,sale,Center (Zografou),37.97559,23.770681,100,8,2,1,vip,5011,2026-01-27 01:18:02,2026-01-27 01:18:02,1
18712515,house,1,sale,Agia Varvara Dafnis (Dafni),37.950249,23.736759,62,6,2,1,vip,19379,2026-01-27 06:30:23,2026-01-27 06:30:23,1
18713531,house,1,sale,Melissia (Athens - North),38.052467,23.842489,83,6,2,1,vip,7565,2026-01-27 06:30:20,2026-01-27 06:30:20,1
18713549,house,1,sale,Melissia (Athens - North),38.052536,23.842499,90,7,2,1,vip,7565,2026-01-27 06:30:18,2026-01-27 06:30:18,1
18713787,house,1,sale,Edem (Palaio Faliro),37.922974,23.700298,130,10,3,1,vip,4162,2026-01-27 01:18:02,2026-01-27 01:18:02,1
18714432,house,3,sale,Filothei (Athens - North),38.026512,23.7826,200,3,2,4,vip,17102,2026-01-27 06:30:22,2026-01-27 06:30:22,1
18714719,house,1,sale,Perissos (Nea Ionia),38.03104,23.747892,84,7,2,1,vip,17224,2026-01-27 06:30:18,2026-01-27 06:30:18,1
18715519,house,3,sale,Centre (Glika Nera),37.979488,23.85194,173,3,3,2,vip,20325,2026-01-27 06:30:25,2026-01-27 06:30:25,1
18715712,house,1,sale,Ano Cholargos (Cholargos),38.001247,23.805328,129,9,3,1,vip,23580,2026-01-27 06:30:22,2026-01-27 06:30:22,1
18716122,house,1,sale,Agios Artemios (Athens - Center),37.958961,23.743759,100,7,2,1,vip,18734,2026-01-27 06:30:18,2026-01-27 06:30:18,1
18716825,house,1,sale,Golf (Glyfada),37.878632,23.751637,105,7,2,1,vip,3155,2026-01-27 06:30:23,2026-01-27 06:30:23,1
18717187,house,3,sale,Ano Ekali (Ekali),38.114227,23.854683,394,3,4,3,vip,3155,2026-01-27 06:30:23,2026-01-27 06:30:23,1
18718181,house,4,sale,Lagonisi (Kalivia Thorikou),37.812519,23.885262,200,3,4,4,vip,6779,2026-01-27 06:30:25,2026-01-27 06:30:25,1
18719455,house,4,sale,Lagonisi (Kalivia Thorikou),37.784241,23.894159,224,3,0,3,vip,4162,2026-01-27 01:18:02,2026-01-27 01:18:02,1
18719753,house,1,sale,Center (Voula),37.841579,23.769594,67,6,1,1,vip,4650,2026-01-27 01:17:58,2026-01-27 01:17:58,1
18720146,house,1,sale,Psirri (Athens - Center),37.979412,23.725031,160,7,0,1,vip,15785,2026-01-27 06:30:18,2026-01-27 06:30:18,1
18720643,house,1,sale,Piraeus - Center (Center - Port),37.94754,23.653023,99,7,3,1,vip,24018,2026-01-27 06:30:22,2026-01-27 06:30:22,1
18720665,house,1,sale,Palaio Faliro (Athens - South),37.921692,23.709633,75,6,2,1,vip,4474,2026-01-27 06:30:20,2026-01-27 06:30:20,1
18721217,house,1,sale,Center (Iraklio),38.048046,23.768826,103,6,3,1,vip,21270,2026-01-27 06:30:18,2026-01-27 06:30:18,1
18721671,house,3,sale,Glyfada - center (Glyfada),37.857643,23.752785,95,3,2,2,vip,9199,2026-01-27 06:30:23,2026-01-27 06:30:23,1
18722109,house,1,sale,Agia Marina (Koropi),37.819267,23.854977,195,3,3,1,vip,5011,2026-01-27 01:18:02,2026-01-27 01:18:02,1
18722957,house,1,sale,Neo Terma (Marousi),38.056667,23.799788,121,10,2,2,vip,3155,2026-01-27 06:30:23,2026-01-27 06:30:23,1
18723050,house,3,sale,Center (Vrilissia),38.033508,23.829088,192,9,4,2,vip,24018,2026-01-27 06:30:22,2026-01-27 06:30:22,1
18725248,house,1,sale,Kefalari (Kifisia),38.076225,23.83242,125,6,3,2,vip,6532,2026-01-27 06:30:20,2026-01-27 06:30:20,1
18725396,house,3,sale,Agios Artemios (Athens - Center),37.96093,23.74234,135,10,3,2,vip,18734,2026-01-27 06:30:18,2026-01-27 06:30:18,1
18725421,house,1,sale,Balana (Gerakas),38.001305,23.858313,117,6,3,2,vip,20325,2026-01-27 06:30:25,2026-01-27 06:30:25,1
18725547,house,1,sale,Nea Lesvos (Marousi),38.053619,23.824789,148,9,3,2,vip,2900,2026-01-27 06:30:22,2026-01-27 06:30:22,1
18725704,house,1,sale,Chryssostoumou Smyrnis - Metamorfoseos (Moschato),37.94902,23.683289,81,6,2,1,vip,1799,2026-01-27 06:30:23,2026-01-27 06:30:23,1
18726655,house,1,sale,Neo Faliro (Piraeus),37.950527,23.668646,127,8,3,1,vip,5011,2026-01-27 01:18:02,2026-01-27 01:18:02,1
18726806,house,1,sale,Kinosargous (Athens - Center),37.96489,23.731779,90,8,2,1,vip,18734,2026-01-27 06:30:18,2026-01-27 06:30:18,1
18726907,house,4,sale,Drossia center (Drossia),38.111874,23.863764,291,6,4,3,vip,6532,2026-01-27 06:30:20,2026-01-27 06:30:20,1
18727200,house,3,sale,Golf (Glyfada),37.879299,23.75095,230,3,3,2,vip,4117,2026-01-27 06:30:25,2026-01-27 06:30:25,1
18727300,house,4,sale,Agia Marina (Koropi),37.826752,23.84148,267,3,4,3,vip,4117,2026-01-27 06:30:25,2026-01-27 06:30:25,1
18729464,house,1,sale,Center (Voula),37.844467,23.765064,153,6,3,2,vip,3155,2026-01-27 06:30:23,2026-01-27 06:30:23,1
18729556,house,3,sale,Plaka (Athens - Center),37.974812,23.731661,141,9,2,2,vip,7921,2026-01-27 01:18:02,2026-01-27 01:18:02,1
18729909,house,1,sale,Ampelokipoi (Athens - Center),37.994469,23.760801,58,6,1,1,vip,5349,2026-01-27 01:18:02,2026-01-27 01:18:02,1
18729911,house,1,sale,Ampelokipoi (Athens - Center),37.994469,23.760801,45,7,1,1,vip,5349,2026-01-27 01:18:02,2026-01-27 01:18:02,1
18730957,house,3,sale,Stavros Geraka (Gerakas),38.010204,23.854746,160,3,2,3,vip,3155,2026-01-27 06:30:23,2026-01-27 06:30:23,1
18732587,house,4,sale,Glyfada - center (Glyfada),37.867332,23.751402,400,3,5,4,vip,3155,2026-01-27 06:30:25,2026-01-27 06:30:25,1
18733587,house,6,sale,Aixoni (Glyfada),37.861393,23.769821,550,2,5,3,vip,4594,2026-01-27 06:30:23,2026-01-27 06:30:23,1
18734632,house,1,sale,Karagianneika (Galatsi),38.009068,23.753592,68,6,2,1,vip,5011,2026-01-27 01:18:02,2026-01-27 01:18:02,1
18735329,house,1,sale,Alsos Vokou (Nikaia),37.964859,23.637131,97,7,3,1,vip,25167,2026-01-27 06:30:22,2026-01-27 06:30:22,1
18736273,house,1,sale,Neos Kosmos (Athens - Center),37.954681,23.72493,40,6,1,1,vip,24732,2026-01-27 06:30:22,2026-01-27 06:30:22,1
18736766,house,3,sale,Aixoni (Glyfada),37.85656,23.766314,155,3,3,2,vip,5654,2026-01-27 06:30:22,2026-01-27 06:30:22,1
18737374,house,1,sale,Kaminia (Kaminia - Palaia Kokkinia),37.956329,23.658079,82,6,2,1,vip,18734,2026-01-27 06:30:18,2026-01-27 06:30:18,1
18737421,house,1,sale,Alsoupoli (Nea Ionia),38.036739,23.778244,54,4,1,1,vip,5011,2026-01-27 01:18:02,2026-01-27 01:18:02,1
18738065,house,1,sale,Agios Artemios (Athens - Center),37.959579,23.740789,122,10,3,0,vip,14721,2026-01-27 06:30:18,2026-01-27 06:30:18,1
18738116,house,1,sale,Palaio Faliro (Athens - South),37.921223,23.698154,250,10,4,3,vip,4474,2026-01-27 06:30:20,2026-01-27 06:30:20,1
18738244,house,1,sale,Kolonaki (Kolonaki - Lykavittos),37.978691,23.750118,79,10,2,1,vip,3155,2026-01-27 06:30:18,2026-01-27 06:30:18,1
18741570,house,1,sale,Aspra Chomata (Peristeri),38.0242,23.682457,78,8,2,1,vip,8027,2026-01-27 06:30:20,2026-01-27 06:30:20,1
18742384,house,1,sale,Ano Cholargos (Cholargos),37.993931,23.800495,140,8,3,2,vip,7565,2026-01-27 06:30:20,2026-01-27 06:30:20,1
18742743,house,1,sale,Ano Cholargos (Cholargos),37.993931,23.800495,48,3,1,1,vip,7565,2026-01-27 06:30:20,2026-01-27 06:30:20,1
18742958,house,3,sale,Ano Cholargos (Cholargos),37.993931,23.800495,200,9,4,2,vip,7565,2026-01-27 06:30:20,2026-01-27 06:30:20,1
18743743,house,1,sale,Amfithea (Palaio Faliro),37.930607,23.707075,150,9,3,2,vip,4474,2026-01-27 06:30:20,2026-01-27 06:30:20,1
18745125,house,1,sale,Agioi Anargyroi (Marousi),38.048759,23.80571,92,6,2,1,vip,7565,2026-01-27 06:30:20,2026-01-27 06:30:20,1
18745416,house,1,sale,Agioi Anargyroi (Marousi),38.048759,23.80571,92,7,2,1,vip,7565,2026-01-27 06:30:20,2026-01-27 06:30:20,1
18745617,house,1,sale,Floisvos (Palaio Faliro),37.922157,23.696527,85,3,2,2,vip,4474,2026-01-27 06:30:20,2026-01-27 06:30:20,1
18746000,house,3,sale,Agioi Anargyroi (Marousi),38.048759,23.80571,138,9,3,2,vip,7565,2026-01-27 06:30:20,2026-01-27 06:30:20,1
18746098,house,1,sale,Center (Nea Smyrni),37.940876,23.715303,129,8,3,2,vip,24018,2026-01-27 06:30:22,2026-01-27 06:30:22,1
18746847,house,1,sale,Ergatikes Polikatoikies (Marousi),38.048138,23.799084,104,7,3,1,vip,5011,2026-01-27 01:18:02,2026-01-27 01:18:02,1
18748777,house,1,sale,Exarcheia (Athens - Center),37.986771,23.73443,105,8,2,1,vip,7921,2026-01-27 01:18:02,2026-01-27 01:18:02,1
18748988,house,3,sale,Amfithea (Palaio Faliro),37.934464,23.701643,133,9,4,2,vip,12542,2026-01-27 06:30:18,2026-01-27 06:30:18,1
18748990,house,1,sale,Ntamarakia (Aigaleo),37.984985,23.669197,77,6,3,1,vip,8027,2026-01-27 06:30:20,2026-01-27 06:30:20,1
18749982,house,1,sale,Kipoupoli (Petroupoli),38.03405,23.679667,97,6,3,1,vip,24290,2026-01-27 06:30:20,2026-01-27 06:30:20,1
18752251,house,1,sale,Ano Petralona (Athens - Center),37.966167,23.709114,55,3,1,1,vip,24290,2026-01-27 06:30:20,2026-01-27 06:30:20,1
18752465,house,1,sale,Center (Kifisia),38.077496,23.820452,150,6,3,2,vip,6532,2026-01-27 06:30:20,2026-01-27 06:30:20,1
18752517,house,1,sale,Neapoli Exarcheion (Athens - Center),37.988796,23.744995,96,8,3,1,vip,8606,2026-01-27 06:30:22,2026-01-27 06:30:22,1
18752766,house,1,sale,Aspra Chomata (Nikaia),37.971733,23.656799,53,3,1,1,vip,11617,2026-01-27 06:30:20,2026-01-27 06:30:20,1
18752847,house,3,sale,Faneromeni (Cholargos),38.005322,23.802914,172,9,3,3,vip,25239,2026-01-27 06:30:23,2026-01-27 06:30:23,1
18753551,house,1,sale,Kolonaki (Kolonaki - Lykavittos),37.976151,23.742756,150,10,3,1,vip,25239,2026-01-27 06:30:25,2026-01-27 06:30:25,1
18753904,house,4,sale,Miladeza (Vari - Varkiza),37.838219,23.818037,280,3,5,4,vip,10796,2026-01-27 06:30:22,2026-01-27 06:30:22,1
18754434,house,1,sale,Piraiki (Piraiki - Chatzikyriakio),37.929497,23.628593,146,9,2,2,vip,13787,2026-01-27 06:30:18,2026-01-27 06:30:18,1
18757648,house,1,sale,Chrisaki (Kallithea),37.949524,23.699125,79,6,2,2,vip,24018,2026-01-27 06:30:22,2026-01-27 06:30:22,1
18757830,house,1,sale,Floisvos (Palaio Faliro),37.926567,23.696188,138,6,3,1,vip,18676,2026-01-27 06:30:18,2026-01-27 06:30:18,1
18758698,house,4,sale,Girokomeio (Athens - Center),37.998539,23.765074,120,3,4,1,vip,8606,2026-01-27 06:30:22,2026-01-27 06:30:22,1
18758806,house,3,sale,Voula (Athens - South),37.850578,23.764576,28,6,1,1,vip,4117,2026-01-27 06:30:25,2026-01-27 06:30:25,1
18759088,house,1,sale,Ano Ilisia (Zografou),37.974957,23.767462,54,10,1,1,vip,5356,2026-01-27 06:30:22,2026-01-27 06:30:22,1
18759128,house,1,sale,Kato Kifisia (Kifisia),38.077496,23.79583,126,6,3,1,vip,5654,2026-01-27 06:30:25,2026-01-27 06:30:25,1
18759955,house,1,sale,Plateia Amerikis (Athens - Center),38.005344,23.733709,65,9,1,1,vip,8606,2026-01-27 06:30:22,2026-01-27 06:30:22,1
18760244,house,6,sale,Stavros (Agia Paraskevi),38.011398,23.833666,373,6,6,4,vip,2900,2026-01-27 06:30:22,2026-01-27 06:30:22,1
18761858,house,1,sale,Kefalari (Kifisia),38.071983,23.825272,290,3,4,4,vip,6532,2026-01-27 06:30:20,2026-01-27 06:30:20,1
18762528,house,1,sale,Ampelokipoi - Pentagon (Athens - Center),37.990067,23.766752,39,13,1,1,vip,5496,2026-01-27 01:18:02,2026-01-27 01:18:02,1
18763348,house,1,sale,Neapoli Exarcheion (Athens - Center),37.986813,23.738279,50,10,1,1,vip,5011,2026-01-27 01:18:02,2026-01-27 01:18:02,1
18763900,house,1,sale,Amfithea (Palaio Faliro),37.93848,23.705561,105,9,3,1,vip,24732,2026-01-27 06:30:23,2026-01-27 06:30:23,1
18764768,house,1,sale,Ano Glyfada (Glyfada),37.87788,23.766836,135,8,3,1,vip,4117,2026-01-27 06:30:25,2026-01-27 06:30:25,1
18766058,house,1,sale,Pagkrati Center (Athens - Center),37.971203,23.749083,155,8,2,1,vip,3155,2026-01-27 06:30:23,2026-01-27 06:30:23,1
18766296,house,3,sale,Eleftherias (Paleo Psichiko),38.017246,23.766571,195,7,3,2,vip,3155,2026-01-27 06:30:18,2026-01-27 06:30:18,1
18768444,house,4,sale,Asirmatos Alianthou (Vari - Varkiza),37.814255,23.822701,950,3,7,7,vip,4594,2026-01-27 06:30:23,2026-01-27 06:30:23,1
18771716,house,1,sale,Nea Kipseli (Athens - Center),37.997368,23.74552,78,6,2,1,vip,24732,2026-01-27 06:30:22,2026-01-27 06:30:22,1
18772214,house,1,sale,Golf (Glyfada),37.87006,23.741144,200,9,4,3,vip,10234,2026-01-27 06:30:25,2026-01-27 06:30:25,1
18772229,house,1,sale,Edem (Palaio Faliro),37.920498,23.702038,100,12,2,1,vip,4474,2026-01-27 06:30:20,2026-01-27 06:30:20,1
18772452,house,1,sale,Agia Varvara (Chalandri),38.013229,23.785101,165,7,4,2,vip,3155,2026-01-27 06:30:22,2026-01-27 06:30:22,1
18774521,house,1,sale,Agiou Meletiou - Victorias Square - Marni (Athens - Center),37.991806,23.727688,75,6,2,1,vip,25239,2026-01-27 06:30:23,2026-01-27 06:30:23,1
18775586,house,3,sale,Asirmatos Alianthou (Vari - Varkiza),37.823631,23.806923,270,3,4,5,vip,4117,2026-01-27 06:30:25,2026-01-27 06:30:25,1
18776731,house,1,sale,Piraeus - Center (Center - Port),37.946522,23.649328,50,8,1,1,vip,17224,2026-01-27 06:30:18,2026-01-27 06:30:18,1
18776840,house,1,sale,Neos Kosmos (Athens - Center),37.959534,23.729931,50,6,1,1,vip,24732,2026-01-27 06:30:22,2026-01-27 06:30:22,1
18777325,house,4,sale,Center (Dionisos),38.096294,23.873335,240,3,3,2,vip,5654,2026-01-27 06:30:25,2026-01-27 06:30:25,1
18777732,house,3,sale,Adames Oikismos Peloponnision (Kifisia),38.102161,23.803141,155,3,2,1,vip,3155,2026-01-27 06:30:22,2026-01-27 06:30:22,1
18777757,house,4,sale,Kato Kifisia (Kifisia),38.079437,23.804949,447,3,4,3,vip,3155,2026-01-27 06:30:18,2026-01-27 06:30:18,1
18778701,house,1,sale,Agia Sofia - Maniatika (Tabouria - Agia Sofia),37.958164,23.642349,132,8,3,1,vip,695,2026-01-27 06:30:23,2026-01-27 06:30:23,1
18778944,house,1,sale,Tsoukali (Agios Dimitrios),37.931828,23.729153,60,6,2,2,vip,18665,2026-01-27 06:30:23,2026-01-27 06:30:23,1
18779228,house,3,sale,Aixoni (Glyfada),37.859299,23.767353,250,9,4,2,vip,3155,2026-01-27 06:30:23,2026-01-27 06:30:23,1
18781086,house,1,sale,Mortero (Nea Erithraia),38.097603,23.818338,123,12,3,1,vip,7565,2026-01-27 06:30:20,2026-01-27 06:30:20,1
18782301,house,1,sale,Center (Nea Smyrni),37.943371,23.713247,140,10,3,1,vip,24732,2026-01-27 06:30:22,2026-01-27 06:30:22,1
18782584,house,1,sale,Papagou (Athens - North),37.98436,23.785521,134,7,3,1,vip,2900,2026-01-27 06:30:22,2026-01-27 06:30:22,1
18782812,house,6,sale,Center (Chalandri),38.020866,23.803049,260,3,4,2,vip,8606,2026-01-27 06:30:22,2026-01-27 06:30:22,1
18783804,house,3,sale,Ano Pefki (Pefki),38.06649,23.794849,204,3,3,2,vip,21270,2026-01-27 06:30:18,2026-01-27 06:30:18,1
18783899,house,3,sale,Anoixi (Athens - North),38.12125,23.842108,205,3,2,2,vip,8796,2026-01-27 06:30:22,2026-01-27 06:30:22,1
18784988,house,3,sale,Pagkrati Center (Athens - Center),37.967266,23.750999,96,13,2,1,vip,3155,2026-01-27 06:30:25,2026-01-27 06:30:25,1
18785001,house,1,sale,Aixoni (Glyfada),37.860142,23.766914,151,8,2,2,vip,3155,2026-01-27 06:30:18,2026-01-27 06:30:18,1
18785020,house,4,sale,Vari - Varkiza (Athens - South),37.835716,23.817371,280,3,5,4,vip,3288,2026-01-27 06:30:22,2026-01-27 06:30:22,1
18785023,house,1,sale,Sotiraki (Aigaleo),37.994907,23.687601,63,3,1,1,vip,18423,2026-01-27 06:30:25,2026-01-27 06:30:25,1
18785155,house,1,sale,Center (Petroupoli),38.042877,23.686262,76,7,1,1,vip,24290,2026-01-27 06:30:20,2026-01-27 06:30:20,1
18789006,house,3,sale,Nea Kifisia (Kifisia),38.088341,23.795967,200,3,4,3,vip,3155,2026-01-27 06:30:23,2026-01-27 06:30:23,1
18789699,house,1,sale,Kokkinia (Marousi),38.051872,23.812399,127,7,3,1,vip,25239,2026-01-27 06:30:25,2026-01-27 06:30:25,1
18790211,house,3,sale,Palies Koukouvaounes (Metamorfosi),38.06424,23.77107,139,10,3,2,vip,27917,2026-01-27 01:18:02,2026-01-27 01:18:02,1
18791812,house,1,sale,Plateia Attikis (Athens - Center),37.989738,23.726391,48,6,1,1,vip,12424,2026-01-27 06:30:23,2026-01-27 06:30:23,1
18791852,house,1,sale,Saronida (Rest of Attica),37.75024,23.90905,45,7,2,1,vip,4117,2026-01-27 06:30:25,2026-01-27 06:30:25,1
18792482,house,1,sale,Marousi (Athens - North),38.05938,23.828701,130,6,3,1,vip,6532,2026-01-27 06:30:20,2026-01-27 06:30:20,1
18793445,house,3,sale,Kalamaki (Alimos),37.912361,23.712767,106,3,3,1,vip,4474,2026-01-27 06:30:20,2026-01-27 06:30:20,1
18794355,house,1,sale,Center (Voula),37.845039,23.761126,78,7,2,1,vip,9199,2026-01-27 06:30:23,2026-01-27 06:30:23,1
18795528,house,1,sale,Moschato (Piraeus suburbs),37.951412,23.675194,65,6,1,1,vip,24732,2026-01-27 06:30:23,2026-01-27 06:30:23,1
18796152,house,2,sale,Neapoli Exarcheion (Athens - Center),37.987595,23.740175,35,1,1,1,vip,8606,2026-01-27 06:30:22,2026-01-27 06:30:22,1
18797152,house,1,sale,Evelpidon - Dikastiria (Athens - Center),37.995823,23.739395,118,7,2,1,vip,3155,2026-01-27 06:30:23,2026-01-27 06:30:23,1
18797160,house,3,sale,Agios Georgios (Neo Psychiko),38.007931,23.780321,208,10,3,3,vip,3155,2026-01-27 06:30:25,2026-01-27 06:30:25,1
18801464,house,3,sale,Rodopoli (Athens - North),38.114304,23.873259,272,3,4,3,vip,7565,2026-01-27 06:30:20,2026-01-27 06:30:20,1
18801523,house,1,sale,Terpsithea (Glyfada),37.893337,23.77038,90,7,2,1,vip,4117,2026-01-27 01:18:02,2026-01-27 01:18:02,1
18801551,house,3,sale,Rea (Drossia),38.101952,23.86611,220,7,4,4,vip,2900,2026-01-27 06:30:22,2026-01-27 06:30:22,1
18801840,house,3,sale,Ekali (Athens - North),38.115788,23.850418,350,3,4,3,vip,6532,2026-01-27 06:30:20,2026-01-27 06:30:20,1
18801885,house,1,sale,Agia Kiriaki (Kifisia),38.070309,23.803726,124,3,3,0,vip,7565,2026-01-27 06:30:20,2026-01-27 06:30:20,1
18802062,house,3,sale,Ano Glyfada (Glyfada),37.887657,23.753622,145,9,3,3,vip,6895,2026-01-27 06:30:23,2026-01-27 06:30:23,1
18802086,house,3,sale,Ekali (Athens - North),38.112373,23.842251,350,3,4,3,vip,6532,2026-01-27 06:30:20,2026-01-27 06:30:20,1
18802104,house,4,sale,Ekali (Athens - North),38.114208,23.853344,365,3,6,2,vip,6532,2026-01-27 06:30:20,2026-01-27 06:30:20,1
18802709,house,1,sale,Osios Loukas (Athens - Center),38.015507,23.734438,75,8,2,1,vip,24263,2026-01-27 06:30:23,2026-01-27 06:30:23,1
18802741,house,1,sale,Vouliagmeni (Athens - South),37.821697,23.782497,85,0,2,1,vip,15785,2026-01-27 06:30:18,2026-01-27 06:30:18,1
18802998,house,1,sale,Kato Ilisia (Kaisarianis) (Kaisariani),37.974262,23.753428,97,8,2,1,vip,3155,2026-01-27 06:30:23,2026-01-27 06:30:23,1
18804267,house,4,sale,Kalymniotika (Voula),37.843639,23.781988,413,3,4,5,vip,10796,2026-01-27 06:30:22,2026-01-27 06:30:22,1
18806188,house,3,sale,Center (Agios Dimitrios),37.942371,23.730984,105,9,3,2,vip,24018,2026-01-27 06:30:22,2026-01-27 06:30:22,1
18809689,house,1,sale,Kolonaki (Kolonaki - Lykavittos),37.977428,23.739674,335,10,5,4,vip,2992,2026-01-27 06:30:25,2026-01-27 06:30:25,1
18809846,house,1,sale,Agios Petros (Palaio Faliro),37.924976,23.707708,106,9,3,2,vip,24018,2026-01-27 06:30:22,2026-01-27 06:30:22,1
18810481,house,1,sale,Glyfada (Athens - South),37.87759,23.756046,181,6,3,3,vip,4474,2026-01-27 06:30:20,2026-01-27 06:30:20,1
18810511,house,1,sale,Glyfada (Athens - South),37.87759,23.756046,181,7,4,3,vip,4474,2026-01-27 06:30:20,2026-01-27 06:30:20,1
18810846,house,3,sale,Golf (Glyfada),37.882263,23.748161,155,3,3,3,vip,4474,2026-01-27 06:30:20,2026-01-27 06:30:20,1
18811226,house,3,sale,Kato Kifisia (Kifisia),38.082378,23.80467,390,3,4,4,vip,7565,2026-01-27 06:30:20,2026-01-27 06:30:20,1
18811364,house,1,sale,Terpsithea (Glyfada),37.894245,23.771732,129,6,3,1,vip,4117,2026-01-27 06:30:25,2026-01-27 06:30:25,1
18814397,house,4,sale,Center (Penteli),38.048782,23.85664,525,3,3,3,vip,3155,2026-01-27 06:30:23,2026-01-27 06:30:23,1
18814400,house,1,sale,Agios Sostis (Nea Smyrni),37.948421,23.715261,120,11,3,1,vip,3155,2026-01-27 06:30:18,2026-01-27 06:30:18,1
18814572,house,1,sale,Exarcheia (Athens - Center),37.984798,23.737743,160,7,4,2,vip,10234,2026-01-27 06:30:18,2026-01-27 06:30:18,1
18816131,house,4,sale,Kato Halandri (Chalandri),38.014011,23.795277,230,4,4,3,vip,24018,2026-01-27 06:30:22,2026-01-27 06:30:22,1
18818313,house,1,sale,Akropoli (Athens - Center),37.967419,23.724621,142,8,4,1,vip,21311,2026-01-27 06:30:25,2026-01-27 06:30:25,1
18818572,house,1,sale,Ekteloniston - Eforiakon (Alimos),37.922932,23.735872,112,8,3,2,vip,12542,2026-01-27 06:30:18,2026-01-27 06:30:18,1
18818576,house,3,sale,Ekteloniston - Eforiakon (Alimos),37.922932,23.735872,142,10,3,2,vip,12542,2026-01-27 06:30:18,2026-01-27 06:30:18,1
18818926,house,3,sale,Drossia center (Drossia),38.113743,23.86577,220,3,4,3,vip,6532,2026-01-27 06:30:20,2026-01-27 06:30:20,1
18820132,house,1,sale,Profitis Ilias (Kifisia),38.071609,23.81057,105,7,2,1,vip,5011,2026-01-27 01:18:02,2026-01-27 01:18:02,1
18821617,house,1,sale,Agios Eleftherios (Athens - Center),38.02021,23.726259,52,7,1,1,vip,21311,2026-01-27 06:30:25,2026-01-27 06:30:25,1
18821705,house,1,sale,Panormou (Athens - Center),37.989281,23.759071,94,7,2,1,vip,3155,2026-01-27 06:30:23,2026-01-27 06:30:23,1
18821875,house,1,sale,Center (Voula),37.847385,23.760284,77,7,2,1,vip,22592,2026-01-27 06:30:23,2026-01-27 06:30:23,1
18821992,house,1,sale,Center (Voula),37.847443,23.760296,81,8,2,1,vip,22592,2026-01-27 06:30:23,2026-01-27 06:30:23,1
18824128,house,4,sale,Golf (Glyfada),37.875996,23.736317,455,3,7,6,vip,3155,2026-01-27 06:30:18,2026-01-27 06:30:18,1
18826404,house,3,sale,Center (Spata),37.961761,23.905931,109,3,2,2,vip,23580,2026-01-27 06:30:22,2026-01-27 06:30:22,1
18826702,house,6,sale,Fokionos Negri (Athens - Center),38.002014,23.737335,1090,3,0,0,vip,6532,2026-01-27 06:30:20,2026-01-27 06:30:20,1
18827285,house,1,sale,Ano Petralona (Athens - Center),37.969452,23.713625,89,6,2,1,vip,15785,2026-01-27 06:30:18,2026-01-27 06:30:18,1
18827380,house,1,sale,Ano Ilioupoli (Ilioupoli),37.93745,23.7609,80,6,2,1,vip,1799,2026-01-27 06:30:23,2026-01-27 06:30:23,1
18827463,house,3,sale,Agia Varvara (Palaio Faliro),37.921425,23.714729,93,9,1,1,vip,4474,2026-01-27 06:30:20,2026-01-27 06:30:20,1
18827474,house,1,sale,Pefka Verdi (Petroupoli),38.035549,23.673502,60,7,1,1,vip,5011,2026-01-27 01:18:02,2026-01-27 01:18:02,1
18827598,house,1,sale,Agia Varvara (Palaio Faliro),37.921425,23.714729,134,10,3,2,vip,4474,2026-01-27 06:30:20,2026-01-27 06:30:20,1
18828496,house,1,sale,Exarcheia (Athens - Center),37.986458,23.733547,30,6,1,1,vip,5011,2026-01-27 01:18:02,2026-01-27 01:18:02,1
18829274,house,1,sale,Kallipoli (Kallipoli - Freattida),37.928543,23.633322,70,7,2,1,vip,695,2026-01-27 06:30:23,2026-01-27 06:30:23,1
18830356,house,4,sale,Mets (Athens - Center),37.966404,23.73698,200,3,3,4,vip,3155,2026-01-27 06:30:23,2026-01-27 06:30:23,1
18833395,house,1,sale,Orio Vrilission (Melissia),38.046154,23.831345,130,9,3,1,vip,5011,2026-01-27 01:18:02,2026-01-27 01:18:02,1
18833506,house,1,sale,Exarcheia (Athens - Center),37.986252,23.738451,78,8,1,1,vip,8606,2026-01-27 06:30:22,2026-01-27 06:30:22,1
18834524,house,1,sale,Neos Kosmos (Athens - Center),37.952068,23.721581,54,10,1,1,vip,21482,2026-01-27 06:30:25,2026-01-27 06:30:25,1
18834692,house,1,sale,Golf (Glyfada),37.879856,23.750683,105,7,2,1,vip,15785,2026-01-27 06:30:18,2026-01-27 06:30:18,1
18835173,house,2,sale,Agios Georgios (Athens - Center),37.996288,23.732635,32,3,1,1,vip,10234,2026-01-27 06:30:18,2026-01-27 06:30:18,1
18835566,house,1,sale,Glyfada (Athens - South),37.872757,23.766701,107,7,2,1,vip,3288,2026-01-27 06:30:22,2026-01-27 06:30:22,1
18836126,house,3,sale,Drosopoulou (Filothei),38.024441,23.781956,200,3,3,4,vip,3155,2026-01-27 06:30:18,2026-01-27 06:30:18,1
18837665,house,1,sale,Floisvos (Palaio Faliro),37.926956,23.691971,100,9,2,1,vip,4474,2026-01-27 06:30:20,2026-01-27 06:30:20,1
18838035,house,1,sale,Plateia Karitsi (Athens - Center),37.976574,23.727982,147,9,4,4,vip,5011,2026-01-27 01:18:02,2026-01-27 01:18:02,1
18838200,house,1,sale,Polidroso (Chalandri),38.025501,23.797922,98,7,3,1,vip,24018,2026-01-27 06:30:22,2026-01-27 06:30:22,1
18838363,house,1,sale,Agios Dimitrios (Paleo Psichiko),38.007851,23.773529,170,3,3,3,vip,4989,2026-01-27 06:30:18,2026-01-27 06:30:18,1
18839760,house,1,sale,Alimos (Athens - South),37.910717,23.713238,118,8,3,1,vip,3288,2026-01-27 06:30:22,2026-01-27 06:30:22,1
18840183,house,1,sale,Tsakos (Agia Paraskevi),38.003582,23.8109,125,7,3,1,vip,5011,2026-01-27 01:18:02,2026-01-27 01:18:02,1
18840605,house,3,sale,Varkiza (Vari - Varkiza),37.820293,23.799496,254,3,4,2,vip,5011,2026-01-27 01:18:02,2026-01-27 01:18:02,1
18842590,house,3,sale,Tampouria (Tabouria - Agia Sofia),37.96104,23.632648,82,11,2,1,vip,24018,2026-01-27 06:30:22,2026-01-27 06:30:22,1
18843062,house,3,sale,Varkiza (Vari - Varkiza),37.817574,23.795692,123,9,3,2,vip,4594,2026-01-27 06:30:23,2026-01-27 06:30:23,1
18843066,house,1,sale,Varkiza (Vari - Varkiza),37.819305,23.795761,129,6,3,2,vip,4594,2026-01-27 06:30:23,2026-01-27 06:30:23,1
18844896,house,1,sale,Kolonaki (Kolonaki - Lykavittos),37.981819,23.738777,137,7,2,1,vip,10234,2026-01-27 06:30:22,2026-01-27 06:30:22,1
18853830,house,1,sale,Plateia Attikis (Athens - Center),37.999027,23.724182,55,9,1,1,vip,8606,2026-01-27 06:30:22,2026-01-27 06:30:22,1
18854054,house,1,sale,Lykavittos (Kolonaki - Lykavittos),37.987175,23.750006,39,9,1,1,vip,3155,2026-01-27 06:30:23,2026-01-27 06:30:23,1
18854432,house,3,sale,Elliniko (Athens - South),37.894989,23.751041,108,10,2,1,vip,3288,2026-01-27 06:30:22,2026-01-27 06:30:22,1
18854524,house,1,sale,Elliniko (Athens - South),37.88496,23.729149,102,6,2,2,vip,3288,2026-01-27 06:30:22,2026-01-27 06:30:22,1
18855222,house,1,sale,Palaio Faliro (Athens - South),37.921223,23.700905,167,13,3,2,vip,4474,2026-01-27 06:30:20,2026-01-27 06:30:20,1
18856216,house,1,sale,Kontopefko (Agia Paraskevi),38.015194,23.827856,180,8,3,2,vip,23580,2026-01-27 06:30:22,2026-01-27 06:30:22,1
18856604,house,1,sale,Ano Ilioupoli (Ilioupoli),37.939392,23.762535,45,6,1,1,vip,5011,2026-01-27 01:18:02,2026-01-27 01:18:02,1
18858840,house,1,sale,Varnava (Athens - Center),37.966049,23.74597,96,12,2,1,vip,18870,2026-01-27 06:30:18,2026-01-27 06:30:18,1
18858930,house,1,sale,Agios Nikolaos Kaisarianis (Kaisariani),37.967342,23.754583,73,3,2,1,vip,5011,2026-01-27 01:18:02,2026-01-27 01:18:02,1
18858974,house,1,sale,Toufa (Chalandri),38.028919,23.821905,89,8,2,1,vip,5011,2026-01-27 01:18:02,2026-01-27 01:18:02,1
18859109,house,2,sale,Nea Elvetia (Vironas),37.961121,23.763371,27,6,1,1,vip,11129,2026-01-27 06:30:22,2026-01-27 06:30:22,1
18863444,house,1,sale,Center (Marousi),38.061398,23.806858,115,10,3,2,vip,3155,2026-01-27 06:30:18,2026-01-27 06:30:18,1
18863445,house,1,sale,Center (Marousi),38.061035,23.806858,60,6,1,1,vip,3155,2026-01-27 06:30:23,2026-01-27 06:30:23,1
18863446,house,1,sale,Center (Marousi),38.061398,23.80687,50,9,1,1,vip,3155,2026-01-27 06:30:25,2026-01-27 06:30:25,1
18863447,house,1,sale,Center (Marousi),38.061069,23.80689,116,7,3,2,vip,3155,2026-01-27 06:30:22,2026-01-27 06:30:22,1
18863448,house,1,sale,Center (Marousi),38.061016,23.80689,120,3,3,2,vip,3155,2026-01-27 06:30:23,2026-01-27 06:30:23,1
18864102,house,1,sale,Amfithea (Palaio Faliro),37.936687,23.703827,102,6,3,1,vip,24018,2026-01-27 06:30:22,2026-01-27 06:30:22,1
18865711,house,1,sale,Ano Kipseli (Athens - Center),38.003597,23.738813,73,7,2,1,vip,5011,2026-01-27 01:18:02,2026-01-27 01:18:02,1
18866006,house,1,sale,Center (Zografou),37.976318,23.775902,98,9,2,1,vip,5011,2026-01-27 01:18:02,2026-01-27 01:18:02,1
18867024,house,1,sale,Kipriadou - Ano Patisia (Athens - Center),38.016518,23.736841,71,7,2,1,vip,8606,2026-01-27 06:30:22,2026-01-27 06:30:22,1
18867344,house,3,sale,Agia Sofia - Maniatika (Tabouria - Agia Sofia),37.960732,23.640244,84,7,2,2,vip,5011,2026-01-27 01:18:02,2026-01-27 01:18:02,1
18868139,house,1,sale,Saronida (Rest of Attica),37.751522,23.90889,130,3,2,1,vip,4117,2026-01-27 06:30:25,2026-01-27 06:30:25,1
18868403,house,4,sale,Dafni (Athens - South),37.954437,23.740805,150,3,3,1,vip,2900,2026-01-27 06:30:22,2026-01-27 06:30:22,1
18870061,house,1,sale,Ano Glyfada (Glyfada),37.878166,23.763277,106,8,3,1,vip,10796,2026-01-27 06:30:22,2026-01-27 06:30:22,1
18870675,house,1,sale,Center (Vrilissia),38.033768,23.826653,95,6,2,2,vip,3155,2026-01-27 06:30:25,2026-01-27 06:30:25,1
18870676,house,1,sale,Center (Vrilissia),38.035435,23.828766,102,7,2,2,vip,3155,2026-01-27 06:30:23,2026-01-27 06:30:23,1
18870677,house,1,sale,Center (Vrilissia),38.035423,23.828756,102,8,2,2,vip,3155,2026-01-27 06:30:23,2026-01-27 06:30:23,1
18870678,house,1,sale,Center (Vrilissia),38.035458,23.828712,147,9,3,2,vip,3155,2026-01-27 06:30:23,2026-01-27 06:30:23,1
18873264,house,1,sale,Psirri (Athens - Center),37.979149,23.725679,121,11,2,1,vip,15785,2026-01-27 06:30:18,2026-01-27 06:30:18,1
18873340,house,1,sale,Floisvos (Palaio Faliro),37.923271,23.695866,139,11,2,1,vip,18734,2026-01-27 06:30:18,2026-01-27 06:30:18,1
18873443,house,1,sale,Center (Marousi),38.062561,23.804813,90,6,2,1,vip,13787,2026-01-27 06:30:18,2026-01-27 06:30:18,1
18873506,house,1,sale,Tampouria (Tabouria - Agia Sofia),37.95512,23.636055,72,4,1,1,vip,18734,2026-01-27 06:30:18,2026-01-27 06:30:18,1
18873537,house,1,sale,Kefalari (Kifisia),38.07457,23.826031,207,6,3,3,vip,7565,2026-01-27 06:30:20,2026-01-27 06:30:20,1
18874141,house,1,sale,Ethnikis Antistaseos (Agios Dimitrios),37.931122,23.733797,81,8,2,1,vip,5011,2026-01-27 01:18:02,2026-01-27 01:18:02,1
18874654,house,1,sale,Plateia Amerikis (Athens - Center),38.002888,23.728582,66,8,1,1,vip,5011,2026-01-27 01:18:02,2026-01-27 01:18:02,1
18875290,house,1,sale,Pedion Areos (Athens - Center),37.992088,23.732368,85,7,1,1,vip,10234,2026-01-27 06:30:25,2026-01-27 06:30:25,1
18876608,house,3,sale,Center (Nea Smyrni),37.94194,23.711693,91,12,3,2,vip,3155,2026-01-27 06:30:23,2026-01-27 06:30:23,1
18876611,house,1,sale,Ano Cholargos (Cholargos),37.991344,23.804562,186,3,3,3,vip,3155,2026-01-27 06:30:25,2026-01-27 06:30:25,1
18876612,house,1,sale,Ano Cholargos (Cholargos),37.991032,23.803961,183,6,3,3,vip,3155,2026-01-27 06:30:23,2026-01-27 06:30:23,1
18879534,house,1,sale,Anavrita (Marousi),38.05415,23.813984,72,7,2,1,vip,5011,2026-01-27 01:18:02,2026-01-27 01:18:02,1
18879741,house,3,sale,Center (Gerakas),38.018951,23.855059,280,3,4,2,vip,23580,2026-01-27 06:30:22,2026-01-27 06:30:22,1
18880138,house,1,sale,Lykavittos (Kolonaki - Lykavittos),37.982704,23.751781,111,8,2,2,vip,3155,2026-01-27 06:30:22,2026-01-27 06:30:22,1
18880832,house,1,sale,Plateia Attikis (Athens - Center),37.990063,23.724783,78,0,0,0,vip,18431,2026-01-27 06:30:18,2026-01-27 06:30:18,1
18881545,house,3,sale,Varnava (Athens - Center),37.966049,23.74597,131,13,2,2,vip,18870,2026-01-27 06:30:18,2026-01-27 06:30:18,1
18881703,house,1,sale,Nea Kifisia (Kifisia),38.090782,23.803585,154,7,3,2,vip,7565,2026-01-27 06:30:20,2026-01-27 06:30:20,1
18881706,house,1,sale,Nea Kifisia (Kifisia),38.090782,23.803585,154,6,3,2,vip,7565,2026-01-27 06:30:20,2026-01-27 06:30:20,1
18881708,house,1,sale,Nea Kifisia (Kifisia),38.090782,23.803585,152,3,3,2,vip,7565,2026-01-27 06:30:20,2026-01-27 06:30:20,1
18881714,house,1,sale,Nea Kifisia (Kifisia),38.096958,23.806612,180,7,3,2,vip,7565,2026-01-27 06:30:20,2026-01-27 06:30:20,1
18881716,house,3,sale,Nea Kifisia (Kifisia),38.096992,23.806612,260,3,3,3,vip,7565,2026-01-27 06:30:20,2026-01-27 06:30:20,1
18882137,house,1,sale,Paradeisos (Marousi),38.034855,23.817064,142,10,3,1,vip,5011,2026-01-27 01:18:02,2026-01-27 01:18:02,1
18882861,house,1,sale,Anavrita (Marousi),38.054131,23.813745,110,7,3,1,vip,7565,2026-01-27 06:30:20,2026-01-27 06:30:20,1
18882883,house,1,sale,Anavrita (Marousi),38.054131,23.813745,110,9,3,1,vip,7565,2026-01-27 06:30:20,2026-01-27 06:30:20,1
18883297,house,1,sale,Ano Petralona (Athens - Center),37.971958,23.713188,71,8,2,1,vip,5011,2026-01-27 01:18:02,2026-01-27 01:18:02,1
18883774,house,1,sale,Edem (Palaio Faliro),37.919613,23.700443,193,9,3,2,vip,4474,2026-01-27 06:30:20,2026-01-27 06:30:20,1
18884169,house,1,sale,Ano Ilisia (Zografou),37.975334,23.762089,85,9,2,2,vip,25239,2026-01-27 06:30:25,2026-01-27 06:30:25,1
18885836,house,1,sale,Kallithea (Athens - South),37.954994,23.703604,73,7,2,1,vip,24732,2026-01-27 06:30:22,2026-01-27 06:30:22,1
18886022,house,3,sale,Cholargos (Athens - North),37.998512,23.794573,174,3,4,1,vip,17102,2026-01-27 06:30:22,2026-01-27 06:30:22,1
18886106,house,3,sale,Ekteloniston - Eforiakon (Alimos),37.920971,23.735506,218,3,3,2,vip,14067,2026-01-27 06:30:25,2026-01-27 06:30:25,1
18886981,house,1,sale,Center (Vrilissia),38.033813,23.838736,125,7,3,1,vip,6532,2026-01-27 06:30:20,2026-01-27 06:30:20,1
18886983,house,1,sale,Center (Vrilissia),38.035255,23.839481,127,8,3,1,vip,6532,2026-01-27 06:30:20,2026-01-27 06:30:20,1
18887225,house,1,sale,Floisvos (Palaio Faliro),37.924744,23.691975,109,10,2,1,vip,4474,2026-01-27 06:30:20,2026-01-27 06:30:20,1
18890970,house,1,sale,Vironas (Athens - South),37.963047,23.749126,75,9,2,1,vip,15785,2026-01-27 06:30:18,2026-01-27 06:30:18,1
18891066,house,1,sale,Kato Patisia (Athens - Center),38.015808,23.729,113,9,3,1,vip,5011,2026-01-27 01:18:02,2026-01-27 01:18:02,1
18891224,house,1,sale,Aixoni (Glyfada),37.857292,23.766399,102,8,3,2,vip,22592,2026-01-27 06:30:18,2026-01-27 06:30:18,1
18891250,house,1,sale,Aixoni (Glyfada),37.857269,23.76639,72,8,1,1,vip,22592,2026-01-27 06:30:18,2026-01-27 06:30:18,1
18891281,house,1,sale,Varnava (Athens - Center),37.967388,23.745853,50,3,1,1,vip,1799,2026-01-27 06:30:23,2026-01-27 06:30:23,1
18891470,house,1,sale,Center (Nea Smyrni),37.944897,23.715424,49,6,1,1,vip,1799,2026-01-27 06:30:23,2026-01-27 06:30:23,1
18891892,house,4,sale,Agios Dimitrios (Koropi),37.808258,23.849646,475,3,6,4,vip,11617,2026-01-27 06:30:20,2026-01-27 06:30:20,1
18897077,house,4,sale,Piraeus - Center (Center - Port),37.951759,23.651867,280,6,3,1,vip,10559,2026-01-27 06:30:18,2026-01-27 06:30:18,1
18897106,house,1,sale,Kokkinia (Marousi),38.047997,23.819773,90,10,2,1,vip,10559,2026-01-27 06:30:18,2026-01-27 06:30:18,1
18897138,house,1,sale,Hilton (Athens - Center),37.976612,23.756172,77,8,2,1,vip,10559,2026-01-27 06:30:18,2026-01-27 06:30:18,1
18897145,house,1,sale,Thiseio (Athens - Center),37.975307,23.715691,78,8,2,1,vip,10559,2026-01-27 06:30:18,2026-01-27 06:30:18,1
18897149,house,1,sale,Centre (Kallithea),37.953972,23.708717,42,6,1,1,vip,10559,2026-01-27 06:30:18,2026-01-27 06:30:18,1
18899658,house,1,sale,Ano Glyfada (Glyfada),37.890697,23.765671,91,10,3,1,vip,6895,2026-01-27 06:30:23,2026-01-27 06:30:23,1
18899842,house,1,sale,Center (Athens - Center),37.954742,23.7257,44,8,1,1,vip,5011,2026-01-27 01:18:02,2026-01-27 01:18:02,1
18900208,house,1,sale,Prasinos Lofos (Iraklio),38.050163,23.767488,97,10,2,1,vip,5011,2026-01-27 01:18:02,2026-01-27 01:18:02,1
18900548,house,1,sale,Ano Kipseli (Athens - Center),38.0056,23.73811,44,9,1,1,vip,14721,2026-01-27 06:30:18,2026-01-27 06:30:18,1
18902277,house,1,sale,Nea Filothei (Marousi),38.027252,23.7878,165,8,4,2,vip,5011,2026-01-27 01:18:02,2026-01-27 01:18:02,1
18902796,house,1,sale,Asirmatos (Agios Dimitrios),37.932045,23.723255,75,10,2,1,vip,5011,2026-01-27 01:18:02,2026-01-27 01:18:02,1
18903190,house,1,sale,Center (Zografou),37.974472,23.774803,52,6,1,1,vip,20488,2026-01-27 06:30:22,2026-01-27 06:30:22,1
18905716,house,1,sale,Agia Eleousa (Kallithea),37.956547,23.698856,47,9,1,1,vip,1799,2026-01-27 06:30:23,2026-01-27 06:30:23,1
18905736,house,1,sale,Kopsachila (Palaio Faliro),37.926285,23.715044,55,3,1,1,vip,1799,2026-01-27 06:30:23,2026-01-27 06:30:23,1
18907956,house,1,sale,Koukaki - Pediki Chara (Koukaki - Makrygianni),37.962166,23.720867,115,9,1,1,vip,23580,2026-01-27 06:30:22,2026-01-27 06:30:22,1
18908891,house,1,sale,Sepolia (Athens - Center),38.002499,23.71456,70,6,2,1,vip,13827,2026-01-27 01:18:02,2026-01-27 01:18:02,1
18908918,house,1,sale,Mortero (Nea Erithraia),38.098331,23.823393,100,4,2,1,vip,5011,2026-01-27 01:18:02,2026-01-27 01:18:02,1
18910057,house,3,sale,Sourmena (Elliniko),37.895332,23.754053,135,10,3,2,vip,6895,2026-01-27 06:30:23,2026-01-27 06:30:23,1
18910123,house,4,sale,Nea Palatia (Oropos),38.318218,23.791422,379,3,4,4,vip,5011,2026-01-27 01:18:02,2026-01-27 01:18:02,1
18910448,house,1,sale,Center (Nea Smyrni),37.943672,23.713463,140,10,3,1,vip,5011,2026-01-27 01:18:02,2026-01-27 01:18:02,1
18911635,house,3,sale,Amalia Flemingk (Melissia),38.053936,23.83707,115,6,2,0,vip,6532,2026-01-27 06:30:20,2026-01-27 06:30:20,1
18912014,house,1,sale,Ano Kipseli (Athens - Center),38.00407,23.736629,92,6,2,1,vip,7620,2026-01-27 06:30:23,2026-01-27 06:30:23,1
18913474,house,3,sale,Ano Glyfada (Glyfada),37.879395,23.758652,85,3,2,2,vip,17916,2026-01-27 01:18:02,2026-01-27 01:18:02,1
18913605,house,6,sale,Gkyzi - Arios Pagos (Athens - Center),37.990803,23.744148,230,3,2,2,vip,20351,2026-01-27 06:30:23,2026-01-27 06:30:23,1
18914551,house,4,sale,Kapandriti (Kapandriti),38.216209,23.875658,330,3,4,3,vip,5011,2026-01-27 01:18:02,2026-01-27 01:18:02,1
18914563,house,1,sale,Erithros (Athens - Center),37.989395,23.767548,192,7,3,2,vip,5011,2026-01-27 01:18:02,2026-01-27 01:18:02,1
18915574,house,1,sale,Kato Elliniko (Elliniko),37.881905,23.731007,102,6,2,1,vip,4594,2026-01-27 06:30:23,2026-01-27 06:30:23,1
18915803,house,1,sale,Kato Ilisia (Kaisarianis) (Kaisariani),37.973946,23.753799,84,3,2,1,vip,5011,2026-01-27 01:18:02,2026-01-27 01:18:02,1
18916453,house,4,sale,Porto Rafti (Markopoulo),37.884556,24.006582,128,3,4,2,vip,23580,2026-01-27 06:30:22,2026-01-27 06:30:22,1
18917171,house,1,sale,Plateia Mavili (Athens - Center),37.984509,23.757584,100,6,2,1,vip,5011,2026-01-27 01:18:02,2026-01-27 01:18:02,1
18917198,house,3,sale,Ano Mpalana (Pallini),38.004066,23.868652,96,3,3,2,vip,20325,2026-01-27 06:30:25,2026-01-27 06:30:25,1
18917289,house,3,sale,Kalymniotika (Voula),37.838917,23.776638,110,8,3,3,vip,4474,2026-01-27 06:30:20,2026-01-27 06:30:20,1
18917402,house,1,sale,Agios Thomas (Athens - Center),37.982349,23.763374,64,8,2,1,vip,5011,2026-01-27 01:18:02,2026-01-27 01:18:02,1
18917778,house,1,sale,Faneromeni (Cholargos),38.007778,23.80368,81,8,1,1,vip,7240,2026-01-27 06:30:20,2026-01-27 06:30:20,1
18918498,house,1,sale,Sourmena (Elliniko),37.891552,23.758684,101,6,2,1,vip,5011,2026-01-27 01:18:02,2026-01-27 01:18:02,1
18919687,house,3,sale,Porto Rafti (Markopoulo),37.885136,24.013046,106,7,3,2,vip,4474,2026-01-27 06:30:20,2026-01-27 06:30:20,1
18921167,house,1,sale,Center (Chalandri),38.020897,23.80991,84,7,2,1,vip,4069,2026-01-27 01:18:02,2026-01-27 01:18:02,1
18922745,house,1,sale,Center (Voula),37.843204,23.760166,82,8,2,1,vip,9199,2026-01-27 06:30:23,2026-01-27 06:30:23,1
18952169,house,3,sale,Agios Syllas (Nea Penteli),38.065132,23.855642,285,3,3,3,vip,3155,2026-01-27 06:30:22,2026-01-27 06:30:22,1
18960918,house,1,sale,Alsos Pagkratiou (Athens - Center),37.972103,23.744259,71,8,2,1,vip,8606,2026-01-27 06:30:22,2026-01-27 06:30:22,1
18964507,house,1,sale,Kipriadou - Ano Patisia (Athens - Center),38.017475,23.741299,82,10,2,1,vip,8606,2026-01-27 06:30:22,2026-01-27 06:30:22,1
18965531,house,1,sale,Agios Artemios (Athens - Center),37.959137,23.738132,73,7,2,1,vip,18057,2026-01-27 06:30:18,2026-01-27 06:30:18,1
18967273,house,1,sale,Ntamarakia (Aigaleo),37.985775,23.671011,94,9,3,2,vip,18057,2026-01-27 06:30:18,2026-01-27 06:30:18,1
18967277,house,1,sale,Ano Ilioupoli (Ilioupoli),37.928352,23.761444,73,7,2,1,vip,18057,2026-01-27 06:30:18,2026-01-27 06:30:18,1
18967281,house,1,sale,Agios Fanourios (Drapetsona),37.950977,23.630753,73,7,2,1,vip,18057,2026-01-27 06:30:18,2026-01-27 06:30:18,1
18970647,house,1,sale,Center (Vrilissia),38.033348,23.83469,138,6,3,2,vip,5011,2026-01-27 01:18:02,2026-01-27 01:18:02,1
18971345,house,3,sale,Pigadakia (Voula),37.830032,23.776184,310,3,4,3,vip,5349,2026-01-27 01:18:02,2026-01-27 01:18:02,1
18971414,house,3,sale,Ano Glyfada (Glyfada),37.878403,23.759352,85,3,2,2,vip,22592,2026-01-27 06:30:18,2026-01-27 06:30:18,1
18971444,house,3,sale,Agios Nikolaos (Ano Liosia),38.078495,23.696737,165,6,3,2,vip,5011,2026-01-27 01:18:02,2026-01-27 01:18:02,1
18971468,house,1,sale,Goudi (Zografou),37.98151,23.76506,65,7,2,1,vip,5011,2026-01-27 01:18:02,2026-01-27 01:18:02,1
18971514,house,1,sale,Palatiani (Ilion),38.029121,23.69219,78,7,2,1,vip,5011,2026-01-27 01:18:02,2026-01-27 01:18:02,1
18971543,house,1,sale,Lamprini (Galatsi),38.023441,23.750971,60,7,1,1,vip,5011,2026-01-27 01:18:02,2026-01-27 01:18:02,1
18971574,house,1,sale,Center (Argyroupoli),37.908836,23.753576,100,6,2,1,vip,5011,2026-01-27 01:18:02,2026-01-27 01:18:02,1
18971675,house,3,sale,Dikigorika (Voula),37.842419,23.773148,180,3,4,4,vip,4474,2026-01-27 06:30:20,2026-01-27 06:30:20,1
18971844,house,1,sale,Elinoroson (Athens - Center),37.995785,23.775902,66,7,2,1,vip,5011,2026-01-27 01:18:02,2026-01-27 01:18:02,1
18972028,house,3,sale,Ano Glyfada (Glyfada),37.880112,23.75881,130,9,3,2,vip,17916,2026-01-27 06:30:22,2026-01-27 06:30:22,1
18972212,house,1,sale,Chatzikyriakeio (Piraiki - Chatzikyriakio),37.933117,23.637135,61,6,2,1,vip,5011,2026-01-27 01:18:02,2026-01-27 01:18:02,1
18972353,house,1,sale,Centre (Kallithea),37.958431,23.697454,54,6,1,1,vip,5011,2026-01-27 01:18:02,2026-01-27 01:18:02,1
18972522,house,3,sale,Profitis Ilias (Kifisia),38.068153,23.80555,146,6,3,2,vip,5011,2026-01-27 01:18:02,2026-01-27 01:18:02,1
18972701,house,1,sale,Zoodochos Pigi (Vironas),37.95562,23.766815,103,7,3,1,vip,5011,2026-01-27 01:18:02,2026-01-27 01:18:02,1
18972930,house,1,sale,Ano Ilisia (Zografou),37.972839,23.773661,80,9,2,1,vip,18870,2026-01-27 06:30:18,2026-01-27 06:30:18,1
18973109,house,1,sale,Center (Chalandri),38.019714,23.799883,117,7,2,1,vip,5011,2026-01-27 01:18:02,2026-01-27 01:18:02,1
18973296,house,1,sale,Nea Ionia (Athens - West),38.037537,23.753675,57,9,1,1,vip,5011,2026-01-27 01:18:02,2026-01-27 01:18:02,1
18973308,house,1,sale,Nea Ionia (Athens - West),38.037857,23.753922,57,10,1,1,vip,5011,2026-01-27 01:18:02,2026-01-27 01:18:02,1
19001218,house,1,sale,Lofos Skouze (Athens - Center),38.001015,23.716328,51,7,1,1,vip,8606,2026-01-27 06:30:22,2026-01-27 06:30:22,1
19008180,house,1,sale,Orio Agias Varvaras (Korydallos),37.981792,23.662497,98,6,2,1,vip,18057,2026-01-27 06:30:18,2026-01-27 06:30:18,1
19020500,house,1,sale,Centre (Kallithea),37.957947,23.705473,50,10,1,1,vip,18057,2026-01-27 06:30:18,2026-01-27 06:30:18,1
19020614,house,1,sale,Center (Kifisia),38.076473,23.816986,240,7,4,3,vip,7565,2026-01-27 06:30:20,2026-01-27 06:30:20,1
19021266,house,1,sale,Glyfada - center (Glyfada),37.872131,23.753361,100,2,2,1,vip,23580,2026-01-27 06:30:22,2026-01-27 06:30:22,1
19021367,house,1,sale,Kallipoli (Kallipoli - Freattida),37.931061,23.636513,71,9,2,1,vip,18057,2026-01-27 06:30:18,2026-01-27 06:30:18,1
19021591,house,1,sale,Kalamaki (Alimos),37.915634,23.720747,107,6,2,1,vip,18057,2026-01-27 06:30:18,2026-01-27 06:30:18,1
19021736,house,1,sale,Neo Faliro (Piraeus),37.94968,23.665131,100,3,2,1,vip,1799,2026-01-27 06:30:23,2026-01-27 06:30:23,1
19021998,house,1,sale,Lofos Filaretou (Kallithea),37.953598,23.703495,69,8,2,1,vip,18057,2026-01-27 06:30:18,2026-01-27 06:30:18,1
19022176,house,1,sale,Center (Agios Dimitrios),37.944332,23.734436,110,6,3,2,vip,18057,2026-01-27 06:30:18,2026-01-27 06:30:18,1
19022259,house,1,sale,Glyfada - center (Glyfada),37.864197,23.75206,75,7,2,1,vip,5349,2026-01-27 01:18:02,2026-01-27 01:18:02,1
19022291,house,1,sale,Chrisaki (Kallithea),37.947044,23.696112,50,6,2,1,vip,119,2026-01-27 06:30:18,2026-01-27 06:30:18,1
19022741,house,1,sale,Floisvos (Palaio Faliro),37.921799,23.697392,100,8,2,1,vip,4474,2026-01-27 06:30:20,2026-01-27 06:30:20,1
19023808,house,1,sale,Center (Argyroupoli),37.903473,23.753965,75,3,3,1,vip,11617,2026-01-27 06:30:20,2026-01-27 06:30:20,1
19023910,house,1,sale,Kato Patisia (Athens - Center),38.01049,23.72999,85,6,3,2,vip,28159,2026-01-27 06:30:25,2026-01-27 06:30:25,1
19025438,house,1,sale,Center (Chalandri),38.018665,23.799068,75,9,2,1,vip,20325,2026-01-27 06:30:25,2026-01-27 06:30:25,1
19025543,house,3,sale,Varkiza (Vari - Varkiza),37.822235,23.794182,370,2,5,4,vip,4594,2026-01-27 06:30:23,2026-01-27 06:30:23,1
19025830,house,1,sale,Ampelokipoi (Athens - Center),37.991188,23.763903,30,9,1,1,vip,25239,2026-01-27 06:30:23,2026-01-27 06:30:23,1
19026265,house,6,sale,Nekrotafeio Kallitheas (Agios Dimitrios),37.929966,23.715689,529,3,8,4,vip,18057,2026-01-27 06:30:18,2026-01-27 06:30:18,1
19027050,house,4,sale,Patima (Chalandri),38.032597,23.846458,220,3,4,2,vip,6532,2026-01-27 06:30:20,2026-01-27 06:30:20,1
19028676,house,1,sale,Piraiki - Chatzikyriakio (Piraeus),37.935921,23.63508,50,4,1,1,vip,5496,2026-01-27 01:18:02,2026-01-27 01:18:02,1
19028778,house,1,sale,Freattida (Kallipoli - Freattida),37.933975,23.643242,45,8,1,1,vip,5496,2026-01-27 01:18:02,2026-01-27 01:18:02,1
19028875,house,1,sale,Kolonaki (Kolonaki - Lykavittos),37.979771,23.736076,60,6,1,1,vip,4474,2026-01-27 06:30:20,2026-01-27 06:30:20,1
19028984,house,1,sale,Kinosargous (Athens - Center),37.967293,23.733082,50,7,2,2,vip,8606,2026-01-27 06:30:22,2026-01-27 06:30:22,1
19029078,house,1,sale,Kato Ilioupoli (Ilioupoli),37.92078,23.754869,100,3,2,1,vip,8447,2026-01-27 06:30:25,2026-01-27 06:30:25,1
19029191,house,1,sale,Terpsithea (Glyfada),37.897621,23.769842,108,9,3,1,vip,4117,2026-01-27 06:30:25,2026-01-27 06:30:25,1
19029437,house,1,sale,Glyfada - center (Glyfada),37.865013,23.751808,75,7,2,1,vip,4117,2026-01-27 06:30:25,2026-01-27 06:30:25,1
19029677,house,1,sale,Floisvos (Palaio Faliro),37.925377,23.694752,162,11,4,1,vip,4474,2026-01-27 06:30:20,2026-01-27 06:30:20,1
19029730,house,4,sale,Politeia (Kifisia),38.083736,23.821291,707,3,6,6,vip,20312,2026-01-27 06:30:25,2026-01-27 06:30:25,1
19030105,house,1,sale,Neos Kosmos (Athens - Center),37.967476,23.73151,54,6,2,2,vip,4474,2026-01-27 06:30:20,2026-01-27 06:30:20,1
19031609,house,1,sale,Center (Athens - Center),37.958382,23.722771,52,11,1,1,vip,23717,2026-01-27 06:30:25,2026-01-27 06:30:25,1
19031667,house,4,sale,Efxinos Pontos (Stamata),38.131863,23.878927,220,3,4,3,vip,6532,2026-01-27 06:30:20,2026-01-27 06:30:20,1
19031835,house,4,sale,Center (Agios Stefanos),38.138023,23.871532,220,3,4,1,vip,18423,2026-01-27 06:30:25,2026-01-27 06:30:25,1
19032129,house,1,sale,Pyrgos Athinon (Athens - Center),37.98423,23.762476,102,6,2,1,vip,8796,2026-01-27 06:30:18,2026-01-27 06:30:18,1
19032680,house,1,sale,Lykavittos (Kolonaki - Lykavittos),37.986092,23.74551,122,9,2,1,vip,3155,2026-01-27 06:30:18,2026-01-27 06:30:18,1
19034277,house,1,sale,Kato Patisia (Athens - Center),38.013302,23.731161,75,8,2,1,vip,21270,2026-01-27 06:30:18,2026-01-27 06:30:18,1
19034417,house,1,sale,Kato Patisia (Athens - Center),38.011536,23.721727,70,7,1,1,vip,18057,2026-01-27 06:30:18,2026-01-27 06:30:18,1
19034418,house,1,sale,Sepolia (Athens - Center),38.002632,23.71266,65,7,2,1,vip,18057,2026-01-27 06:30:18,2026-01-27 06:30:18,1
19034737,house,1,sale,Votanikos (Athens - Center),37.981251,23.70878,76,8,2,1,vip,14721,2026-01-27 06:30:18,2026-01-27 06:30:18,1
19034972,house,1,sale,Kolonaki (Kolonaki - Lykavittos),37.979836,23.744127,105,8,2,1,vip,10234,2026-01-27 06:30:18,2026-01-27 06:30:18,1
19036068,house,1,sale,Lykavittos (Kolonaki - Lykavittos),37.987106,23.74699,50,6,1,1,vip,10234,2026-01-27 06:30:18,2026-01-27 06:30:18,1
19036128,house,1,sale,Center (Chalandri),38.018665,23.799068,95,8,3,1,vip,20325,2026-01-27 06:30:25,2026-01-27 06:30:25,1
19037265,house,3,sale,Ano Mpalana (Pallini),38.002563,23.86796,96,3,3,2,vip,20325,2026-01-27 06:30:25,2026-01-27 06:30:25,1
19037269,house,6,sale,Center (Megara),37.995335,23.350813,262,0,6,0,vip,28005,2026-01-27 06:30:23,2026-01-27 06:30:23,1
19038407,house,1,sale,Agia Varvara Lykovrysis (Lykovrysi),38.063526,23.780737,80,8,2,1,vip,18057,2026-01-27 06:30:18,2026-01-27 06:30:18,1
19038923,house,1,sale,Center (Nea Smyrni),37.937721,23.717741,56,6,1,1,vip,8606,2026-01-27 06:30:22,2026-01-27 06:30:22,1
19039252,house,1,sale,Center (Argyroupoli),37.917561,23.751453,104,4,2,1,vip,18057,2026-01-27 06:30:18,2026-01-27 06:30:18,1
19039274,house,1,sale,Glyfada (Athens - South),37.88694,23.763861,95,10,2,1,vip,15785,2026-01-27 06:30:18,2026-01-27 06:30:18,1
19039487,house,1,sale,Kolonaki (Kolonaki - Lykavittos),37.981354,23.737661,116,8,2,1,vip,15785,2026-01-27 06:30:18,2026-01-27 06:30:18,1
19040004,house,1,sale,Kolonos (Kolonos - Kolokynthous),37.998638,23.714846,52,10,1,1,vip,20488,2026-01-27 06:30:22,2026-01-27 06:30:22,1
19040054,house,1,sale,Center (Voula),37.845802,23.762472,60,6,1,1,vip,15785,2026-01-27 06:30:18,2026-01-27 06:30:18,1
19040194,house,3,sale,Voula (Athens - South),37.849644,23.772463,215,8,4,4,vip,3288,2026-01-27 06:30:22,2026-01-27 06:30:22,1
19040229,house,1,sale,Prasinos Lofos (Iraklio),38.050838,23.77092,118,9,3,2,vip,18423,2026-01-27 06:30:25,2026-01-27 06:30:25,1
19040580,house,1,sale,Kato Pefki (Pefki),38.051853,23.792721,121,7,3,2,vip,18423,2026-01-27 06:30:25,2026-01-27 06:30:25,1
19041157,house,1,sale,Palaia Kokkinia (Kaminia - Palaia Kokkinia),37.95797,23.648245,52,7,2,1,vip,20312,2026-01-27 06:30:23,2026-01-27 06:30:23,1
19041164,house,1,sale,Ano Glyfada (Glyfada),37.869118,23.764009,124,8,3,2,vip,15785,2026-01-27 06:30:18,2026-01-27 06:30:18,1
19041171,house,1,sale,Kato Patisia (Athens - Center),38.01107,23.732231,51,6,1,1,vip,20312,2026-01-27 06:30:25,2026-01-27 06:30:25,1
19041523,house,1,sale,Alimos (Athens - South),37.918316,23.729704,87,7,2,1,vip,15785,2026-01-27 06:30:18,2026-01-27 06:30:18,1
19041744,house,1,sale,Plateia Kipselis (Athens - Center),37.999802,23.740099,89,6,2,1,vip,15785,2026-01-27 06:30:18,2026-01-27 06:30:18,1
19041829,house,1,sale,Kolonaki (Kolonaki - Lykavittos),37.978058,23.744211,150,6,0,2,vip,3155,2026-01-27 06:30:25,2026-01-27 06:30:25,1
19042533,house,3,sale,Kato Petralona (Athens - Center),37.967583,23.702757,168,8,4,2,vip,20351,2026-01-27 06:30:23,2026-01-27 06:30:23,1
19043972,house,1,sale,Center (Athens - Center),37.98576,23.724977,45,3,1,1,vip,4594,2026-01-27 06:30:23,2026-01-27 06:30:23,1
19044426,house,4,sale,Ekali (Athens - North),38.117733,23.851233,1100,3,6,6,vip,6532,2026-01-27 06:30:20,2026-01-27 06:30:20,1
19044745,house,1,sale,Golf (Glyfada),37.88176,23.750187,86,7,3,1,vip,4594,2026-01-27 06:30:23,2026-01-27 06:30:23,1
19044878,house,3,sale,Filopapou (Athens - Center),37.964657,23.715921,137,9,3,2,vip,14067,2026-01-27 06:30:25,2026-01-27 06:30:25,1
19045935,house,4,sale,Kalymniotika (Voula),37.837841,23.782,250,3,4,2,vip,1303,2026-01-27 06:30:18,2026-01-27 06:30:18,1
19045955,house,3,sale,Profitis Ilias (Kifisia),38.06963,23.805519,146,3,3,2,vip,21311,2026-01-27 06:30:25,2026-01-27 06:30:25,1
19046124,house,1,sale,Varkiza (Vari - Varkiza),37.819359,23.797691,137,8,3,2,vip,5011,2026-01-27 01:18:02,2026-01-27 01:18:02,1
19046368,house,1,sale,Ano Nea Smyrni (Nea Smyrni),37.941948,23.725018,100,9,3,1,vip,5011,2026-01-27 01:18:02,2026-01-27 01:18:02,1
19046994,house,1,sale,Anthoupoli (Peristeri),38.027618,23.688242,100,6,2,1,vip,5011,2026-01-27 01:18:02,2026-01-27 01:18:02,1
19047045,house,3,sale,Miladeza (Vari - Varkiza),37.83387,23.808886,155,4,3,2,vip,5011,2026-01-27 01:18:02,2026-01-27 01:18:02,1
19047252,house,1,sale,Mykoniatika (Agioi Anargiroi),38.015896,23.715899,49,7,1,1,vip,18057,2026-01-27 06:30:18,2026-01-27 06:30:18,1
19047280,house,1,sale,Neapoli Exarcheion (Athens - Center),37.987591,23.745232,69,8,2,1,vip,8027,2026-01-27 06:30:20,2026-01-27 06:30:20,1
19047317,house,1,sale,Plateia Attikis (Athens - Center),37.993347,23.72324,110,8,2,1,vip,10559,2026-01-27 06:30:18,2026-01-27 06:30:18,1
19047380,house,1,sale,Voula (Athens - South),37.847145,23.763975,60,6,1,1,vip,4117,2026-01-27 06:30:25,2026-01-27 06:30:25,1
19047428,house,1,sale,Moschato (Piraeus suburbs),37.951725,23.685427,100,7,3,2,vip,24732,2026-01-27 06:30:23,2026-01-27 06:30:23,1
19048066,house,1,sale,Chrisaki (Nea Smyrni),37.942867,23.703411,126,11,3,2,vip,3155,2026-01-27 06:30:22,2026-01-27 06:30:22,1
19048189,house,1,sale,College (Agia Paraskevi),38.003773,23.82852,115,6,3,1,vip,3155,2026-01-27 06:30:22,2026-01-27 06:30:22,1
19048197,house,3,sale,Kalamaki (Alimos),37.91061,23.714579,105,3,3,1,vip,3155,2026-01-27 06:30:18,2026-01-27 06:30:18,1
19048573,house,1,sale,Faneromeni (Cholargos),38.003273,23.803167,80,7,2,1,vip,3155,2026-01-27 06:30:23,2026-01-27 06:30:23,1
19050561,house,1,sale,Plateia Kipselis (Athens - Center),38.001507,23.742609,103,8,2,1,vip,4474,2026-01-27 06:30:20,2026-01-27 06:30:20,1
19050708,house,3,sale,Glyfada (Athens - South),37.885139,23.760166,145,3,3,2,vip,23580,2026-01-27 06:30:22,2026-01-27 06:30:22,1
19050806,house,4,sale,Center (Kalivia Thorikou),37.818283,23.893644,305,3,7,3,vip,5011,2026-01-27 01:18:02,2026-01-27 01:18:02,1
19051889,house,3,sale,Center (Voula),37.849224,23.763876,300,4,3,2,vip,4594,2026-01-27 06:30:23,2026-01-27 06:30:23,1
19051947,house,1,sale,Piraeus - Center (Center - Port),37.942837,23.651081,49,6,1,1,vip,18057,2026-01-27 06:30:18,2026-01-27 06:30:18,1
19051963,house,1,sale,Plateia Koliatsou (Athens - Center),38.009369,23.733875,41,3,1,1,vip,18057,2026-01-27 06:30:18,2026-01-27 06:30:18,1
19052381,house,1,sale,Lofos Finopoulou (Athens - Center),37.991528,23.741455,95,6,3,2,vip,20325,2026-01-27 06:30:25,2026-01-27 06:30:25,1
19052963,house,1,sale,Exarcheia (Athens - Center),37.985683,23.734159,50,6,1,1,vip,4474,2026-01-27 06:30:20,2026-01-27 06:30:20,1
19053021,house,3,sale,Plateia Amerikis (Athens - Center),38.004757,23.731258,72,9,2,2,vip,18057,2026-01-27 06:30:18,2026-01-27 06:30:18,1
19053139,house,1,sale,Kalymniotika (Voula),37.838276,23.781067,74,6,2,1,vip,22592,2026-01-27 06:30:23,2026-01-27 06:30:23,1
19053686,house,1,sale,Agios Georgios (Neo Psychiko),38.006123,23.787127,68,6,2,1,vip,18057,2026-01-27 06:30:18,2026-01-27 06:30:18,1
19054073,house,1,sale,Kato Amfiali (Keratsini),37.9711,23.625113,25,7,1,1,vip,695,2026-01-27 06:30:23,2026-01-27 06:30:23,1
19054244,house,1,sale,Sepolia (Athens - Center),37.997471,23.712574,65,6,2,1,vip,18057,2026-01-27 06:30:18,2026-01-27 06:30:18,1
19054298,house,1,sale,Center (Chalandri),38.024082,23.814819,150,8,3,1,vip,18423,2026-01-27 06:30:25,2026-01-27 06:30:25,1
19054351,house,1,sale,Glyfada - center (Glyfada),37.855991,23.760273,109,2,1,2,vip,4117,2026-01-27 06:30:25,2026-01-27 06:30:25,1
19054654,house,1,sale,Agios Ioannis (Agia Paraskevi),38.006233,23.822338,65,6,1,1,vip,5011,2026-01-27 01:18:02,2026-01-27 01:18:02,1
19055564,house,1,sale,Agios Panteleimonas (Athens - Center),38.000042,23.729954,50,6,1,1,vip,661,2026-01-27 06:30:23,2026-01-27 06:30:23,1
19055618,house,1,sale,Soros (Marousi),38.042076,23.816389,113,6,3,2,vip,6703,2026-01-27 06:30:18,2026-01-27 06:30:18,1
19055822,house,1,sale,Pagkrati (Athens - Center),37.968414,23.750065,90,6,2,1,vip,15785,2026-01-27 06:30:18,2026-01-27 06:30:18,1
19055854,house,4,sale,Ano Ekali (Ekali),38.105049,23.846148,500,3,8,3,vip,8606,2026-01-27 06:30:22,2026-01-27 06:30:22,1
19057015,house,1,sale,Paradeisos (Marousi),38.034107,23.81336,97,10,2,1,vip,24018,2026-01-27 06:30:22,2026-01-27 06:30:22,1
19058477,house,1,sale,Center (Nea Ionia),38.042671,23.758455,92,3,2,2,vip,21270,2026-01-27 06:30:18,2026-01-27 06:30:18,1
19058951,house,1,sale,Glyfada - center (Glyfada),37.859589,23.757626,168,7,3,2,vip,22984,2026-01-27 06:30:18,2026-01-27 06:30:18,1
19059870,house,3,sale,Filopapou (Athens - Center),37.964142,23.71619,137,9,3,0,vip,22738,2026-01-27 06:30:20,2026-01-27 06:30:20,1
19059998,house,3,sale,Glyfada (Athens - South),37.859844,23.766132,168,3,4,3,vip,3288,2026-01-27 06:30:22,2026-01-27 06:30:22,1
19060097,house,1,sale,Center (Voula),37.83979,23.767784,50,3,1,1,vip,18057,2026-01-27 06:30:18,2026-01-27 06:30:18,1
19060119,house,1,sale,Agios Artemios (Athens - Center),37.959404,23.742804,87,6,3,1,vip,4474,2026-01-27 06:30:20,2026-01-27 06:30:20,1
19060194,house,2,sale,Exarcheia (Athens - Center),37.985489,23.738245,24,2,1,1,vip,4474,2026-01-27 06:30:20,2026-01-27 06:30:20,1
19060252,house,1,sale,Kolonaki - Lykavittos (Athens - Center),37.985992,23.743868,56,3,1,1,vip,4474,2026-01-27 06:30:20,2026-01-27 06:30:20,1
19060914,house,1,sale,Agios Ioannis (Athens - Center),37.95771,23.732626,80,10,2,2,vip,18057,2026-01-27 06:30:18,2026-01-27 06:30:18,1
19061094,house,1,sale,Kato Ilioupoli (Ilioupoli),37.925488,23.745108,132,7,4,2,vip,20488,2026-01-27 06:30:22,2026-01-27 06:30:22,1
19061195,house,1,sale,Varnava (Athens - Center),37.964565,23.742193,60,6,2,1,vip,20312,2026-01-27 06:30:22,2026-01-27 06:30:22,1
19061253,house,1,sale,Erithros (Athens - Center),37.988445,23.7656,42,3,1,1,vip,20312,2026-01-27 06:30:25,2026-01-27 06:30:25,1
19061259,house,1,sale,Pagkrati Center (Athens - Center),37.968143,23.75367,72,9,1,1,vip,3155,2026-01-27 06:30:23,2026-01-27 06:30:23,1
19061264,house,1,sale,Erithros (Athens - Center),37.988445,23.7656,86,8,3,2,vip,20312,2026-01-27 06:30:22,2026-01-27 06:30:22,1
19061289,house,1,sale,Erithros (Athens - Center),37.988445,23.7656,72,10,2,2,vip,20312,2026-01-27 06:30:22,2026-01-27 06:30:22,1
19061296,house,3,sale,Erithros (Athens - Center),37.988445,23.7656,100,11,2,2,vip,20312,2026-01-27 06:30:22,2026-01-27 06:30:22,1
19061582,house,1,sale,Marousi (Athens - North),38.052841,23.816692,87,7,2,1,vip,4650,2026-01-27 06:30:23,2026-01-27 06:30:23,1
19061770,house,1,sale,Freattida (Kallipoli - Freattida),37.933189,23.646692,151,6,3,2,vip,3155,2026-01-27 06:30:22,2026-01-27 06:30:22,1
19061916,house,1,sale,Center (Kifisia),38.074955,23.815527,312,3,4,2,vip,3155,2026-01-27 06:30:23,2026-01-27 06:30:23,1
19063905,house,1,sale,Pagkrati (Athens - Center),37.968018,23.745516,88,8,2,1,vip,2900,2026-01-27 06:30:22,2026-01-27 06:30:22,1
19064225,house,1,sale,Varnava (Athens - Center),37.967335,23.744308,96,12,2,2,vip,3786,2026-01-27 06:30:18,2026-01-27 06:30:18,1
19064295,house,4,sale,Agios Nikolaos (Anavyssos),37.722595,23.923468,550,3,5,3,vip,6532,2026-01-27 06:30:20,2026-01-27 06:30:20,1
19065161,house,1,sale,Varkiza (Vari - Varkiza),37.81971,23.794844,60,7,2,1,vip,18057,2026-01-27 06:30:18,2026-01-27 06:30:18,1
19065376,house,5,sale,Fokionos Negri (Athens - Center),38.002693,23.734371,140,10,3,2,vip,15785,2026-01-27 06:30:18,2026-01-27 06:30:18,1
19066593,house,1,sale,Saronida (Rest of Attica),37.752346,23.916767,84,7,2,1,vip,4117,2026-01-27 06:30:25,2026-01-27 06:30:25,1
19066617,house,1,sale,Center (Voula),37.844242,23.757627,105,3,2,3,vip,5349,2026-01-27 01:18:02,2026-01-27 01:18:02,1
19066829,house,1,sale,Kolonaki (Kolonaki - Lykavittos),37.980457,23.737783,130,3,3,1,vip,10234,2026-01-27 06:30:25,2026-01-27 06:30:25,1
19066919,house,1,sale,Memou square (Korydallos),37.977283,23.656645,99,7,2,1,vip,18057,2026-01-27 06:30:18,2026-01-27 06:30:18,1
19066939,house,3,sale,Ano Glyfada (Glyfada),37.88501,23.754959,106,3,2,2,vip,22592,2026-01-27 06:30:23,2026-01-27 06:30:23,1
19066950,house,1,sale,Amfithea (Palaio Faliro),37.936703,23.70414,50,7,1,1,vip,3155,2026-01-27 01:18:02,2026-01-27 01:18:02,1
19067005,house,3,sale,Kinosargous (Athens - Center),37.962193,23.727493,119,12,2,1,vip,3155,2026-01-27 06:30:23,2026-01-27 06:30:23,1
19067200,house,3,sale,Profitis Ilias (Kifisia),38.06884,23.80669,262,3,3,3,vip,6703,2026-01-27 06:30:18,2026-01-27 06:30:18,1
19067275,house,4,sale,Agios Panteleimonas (Keratsini),37.963013,23.625643,58,3,2,1,vip,20312,2026-01-27 06:30:25,2026-01-27 06:30:25,1
19067592,house,1,sale,Plateia Amerikis (Athens - Center),38.002903,23.73259,60,8,1,1,vip,18676,2026-01-27 06:30:18,2026-01-27 06:30:18,1
19067735,house,1,sale,Kithirion - Pani (Alimos),37.908958,23.722107,79,3,2,1,vip,3155,2026-01-27 06:30:23,2026-01-27 06:30:23,1
19067743,house,1,sale,Glyfada - center (Glyfada),37.871861,23.754135,85,3,2,1,vip,17916,2026-01-27 01:18:02,2026-01-27 01:18:02,1
19067803,house,1,sale,Nea Filothei (Athens - Center),37.998451,23.766159,65,6,1,1,vip,3588,2026-01-27 06:30:22,2026-01-27 06:30:22,1
19067897,house,1,sale,Erithros (Athens - Center),37.991512,23.767586,54,9,1,1,vip,3155,2026-01-27 06:30:23,2026-01-27 06:30:23,1
19068112,house,3,sale,Kallipoli (Kallipoli - Freattida),37.928883,23.637703,163,11,3,2,vip,3155,2026-01-27 06:30:22,2026-01-27 06:30:22,1
19069458,house,1,sale,Agiou Meletiou - Victorias Square - Marni (Athens - Center),37.998848,23.731632,70,7,2,1,vip,4474,2026-01-27 06:30:20,2026-01-27 06:30:20,1
19069594,house,1,sale,Kolonaki (Kolonaki - Lykavittos),37.981812,23.737175,64,8,2,1,vip,4474,2026-01-27 06:30:20,2026-01-27 06:30:20,1
19069635,house,1,sale,Hilton (Athens - Center),37.976273,23.751003,30,2,1,1,vip,119,2026-01-27 06:30:18,2026-01-27 06:30:18,1
19069676,house,1,sale,Kalymniotika (Voula),37.840893,23.778229,128,6,3,2,vip,4117,2026-01-27 06:30:25,2026-01-27 06:30:25,1
19069690,house,4,sale,Lagonisi (Kalivia Thorikou),37.766541,23.96101,62,3,2,1,vip,4117,2026-01-27 06:30:25,2026-01-27 06:30:25,1
19070337,house,3,sale,Glyfada (Athens - South),37.88932,23.772139,123,9,4,2,vip,4474,2026-01-27 06:30:20,2026-01-27 06:30:20,1
19070659,house,1,sale,Tzitzifies (Kallithea),37.947769,23.689528,100,7,2,1,vip,6906,2026-01-27 06:30:22,2026-01-27 06:30:22,1
19070696,house,3,sale,Kalymniotika (Voula),37.841599,23.775709,222,7,3,2,vip,25191,2026-01-27 06:30:25,2026-01-27 06:30:25,1
19070968,house,1,sale,Freattida (Kallipoli - Freattida),37.932411,23.64468,46,8,1,1,vip,20312,2026-01-27 06:30:22,2026-01-27 06:30:22,1
19071314,house,3,sale,Center (Nea Smyrni),37.944756,23.712669,160,11,3,2,vip,3155,2026-01-27 06:30:22,2026-01-27 06:30:22,1
19072953,house,1,sale,Cholargos (Athens - North),38.00425,23.798206,100,8,2,1,vip,3294,2026-01-27 06:30:22,2026-01-27 06:30:22,1
19072980,house,1,sale,Pagkrati (Athens - Center),37.969421,23.748739,98,9,2,2,vip,2900,2026-01-27 06:30:22,2026-01-27 06:30:22,1
19073351,house,3,sale,Agios Georgios (Neo Psychiko),38.006557,23.782707,190,9,3,3,vip,3155,2026-01-27 06:30:18,2026-01-27 06:30:18,1
19073709,house,1,sale,Ano Neapoli (Nikaia),37.98745,23.63414,110,0,0,0,vip,6459,2026-01-27 06:30:25,2026-01-27 06:30:25,1
19073884,house,1,sale,Center (Vrilissia),38.032425,23.829624,85,7,1,1,vip,3155,2026-01-27 06:30:22,2026-01-27 06:30:22,1
19073892,house,3,sale,Vouliagmeni (Athens - South),37.82254,23.785355,200,3,4,3,vip,15785,2026-01-27 06:30:18,2026-01-27 06:30:18,1
19092650,house,4,sale,Neapoli Exarcheion (Athens - Center),37.990231,23.7386,340,3,6,3,vip,10299,2026-01-27 06:30:18,2026-01-27 06:30:18,1
19093195,house,1,sale,Center (Nea Smyrni),37.944557,23.708511,97,9,3,1,vip,18057,2026-01-27 06:30:18,2026-01-27 06:30:18,1
19093489,house,1,sale,Agios Dimitrios (Athens - South),37.919937,23.729622,78,7,2,2,vip,19634,2026-01-27 06:30:22,2026-01-27 06:30:22,1
19093709,house,1,sale,Glyfada - center (Glyfada),37.862617,23.750122,37,2,1,1,vip,4594,2026-01-27 06:30:23,2026-01-27 06:30:23,1
19094198,house,1,sale,Agios Nikolaos (Athens - Center),38.00629,23.728729,110,10,2,1,vip,21311,2026-01-27 06:30:25,2026-01-27 06:30:25,1
19095024,house,4,sale,Center (Dionisos),38.105541,23.880571,382,3,3,2,vip,7607,2026-01-27 06:30:25,2026-01-27 06:30:25,1
19095436,house,1,sale,Kefalari (Kifisia),38.071297,23.824249,80,7,2,1,vip,5654,2026-01-27 06:30:22,2026-01-27 06:30:22,1
19095437,house,1,sale,Amfithea (Palaio Faliro),37.930824,23.707188,79,6,2,1,vip,5011,2026-01-27 01:18:02,2026-01-27 01:18:02,1
19095457,house,3,sale,Desi (Gerakas),38.035828,23.856998,205,3,3,3,vip,5011,2026-01-27 01:18:02,2026-01-27 01:18:02,1
19096131,house,1,sale,Center (Zografou),37.97427,23.771954,50,2,2,1,vip,20312,2026-01-27 06:30:22,2026-01-27 06:30:22,1
19096165,house,1,sale,Kallipoli (Kallipoli - Freattida),37.932194,23.640633,45,8,1,1,vip,20312,2026-01-27 06:30:22,2026-01-27 06:30:22,1
19110028,house,4,sale,Metamorfosi Virona (Vironas),37.957031,23.755381,95,3,2,2,vip,11617,2026-01-27 06:30:23,2026-01-27 06:30:23,1
19110373,house,1,sale,Nea Smyrni (Athens - South),37.948574,23.709301,66,3,2,1,vip,4474,2026-01-27 06:30:20,2026-01-27 06:30:20,1
19113298,house,1,sale,Center (Nea Smyrni),37.936752,23.716093,73,6,2,1,vip,9754,2026-01-27 06:30:25,2026-01-27 06:30:25,1
19113323,house,1,sale,Kefalari (Kifisia),38.076214,23.825994,155,7,3,2,vip,7565,2026-01-27 06:30:20,2026-01-27 06:30:20,1
19114040,house,1,sale,Thimarakia (Athens - Center),38.004475,23.72695,51,9,1,1,vip,4474,2026-01-27 06:30:20,2026-01-27 06:30:20,1
19114152,house,1,sale,Nea Zoi (Peristeri),38.010117,23.680758,76,7,2,1,vip,6532,2026-01-27 06:30:20,2026-01-27 06:30:20,1
19114908,house,4,sale,Glyfada (Athens - South),37.902618,23.769808,112,6,3,1,vip,4474,2026-01-27 06:30:20,2026-01-27 06:30:20,1
19115046,house,4,sale,Kitsi (Koropi),37.819515,23.867388,38,3,1,1,vip,4117,2026-01-27 06:30:25,2026-01-27 06:30:25,1
19115333,house,1,sale,Kastella (Kastella - Passalimani),37.941055,23.65132,39,6,1,1,vip,18057,2026-01-27 06:30:18,2026-01-27 06:30:18,1
19115708,house,1,sale,Voula (Athens - South),37.846237,23.757715,57,6,1,1,vip,23580,2026-01-27 06:30:22,2026-01-27 06:30:22,1
19115798,house,1,sale,Voula (Athens - South),37.845455,23.756689,160,6,3,2,vip,15785,2026-01-27 06:30:18,2026-01-27 06:30:18,1
19115993,house,1,sale,Politeia (Kifisia),38.084263,23.831572,290,7,4,3,vip,5654,2026-01-27 06:30:22,2026-01-27 06:30:22,1
19116461,house,1,sale,Lofos Sikelias (Kallithea),37.962383,23.709921,87,7,2,1,vip,20312,2026-01-27 06:30:23,2026-01-27 06:30:23,1
19116464,house,1,sale,Chatzikyriakeio (Piraiki - Chatzikyriakio),37.934975,23.635576,50,4,1,1,vip,20312,2026-01-27 06:30:22,2026-01-27 06:30:22,1
19116490,house,1,sale,Kakkavas (Nea Ionia),38.0383,23.750031,74,10,2,2,vip,20312,2026-01-27 06:30:23,2026-01-27 06:30:23,1
19116680,house,1,sale,Varkiza (Vari - Varkiza),37.812328,23.797707,60,6,1,1,vip,3155,2026-01-27 06:30:23,2026-01-27 06:30:23,1
19116689,house,1,sale,Center (Argyroupoli),37.908932,23.749331,127,9,3,1,vip,3155,2026-01-27 06:30:18,2026-01-27 06:30:18,1
19116766,house,1,sale,Pagkrati Center (Athens - Center),37.965172,23.750677,70,7,2,1,vip,4474,2026-01-27 06:30:20,2026-01-27 06:30:20,1
19116821,house,4,sale,Adames Oikismos Peloponnision (Kifisia),38.101067,23.805399,406,3,5,3,vip,23580,2026-01-27 06:30:23,2026-01-27 06:30:23,1
19119130,house,1,sale,Center (Nea Smyrni),37.945049,23.718237,94,7,2,1,vip,24732,2026-01-27 06:30:22,2026-01-27 06:30:22,1
19119137,house,1,sale,Voula (Athens - South),37.845795,23.760586,147,6,4,2,vip,15785,2026-01-27 06:30:18,2026-01-27 06:30:18,1
19119199,house,1,sale,Glyfada (Athens - South),37.875259,23.766039,90,6,2,1,vip,4474,2026-01-27 06:30:20,2026-01-27 06:30:20,1
19146452,house,1,sale,Agios Ioannis (Athens - Center),37.956123,23.731352,66,6,1,1,vip,24290,2026-01-27 06:30:20,2026-01-27 06:30:20,1
19146610,house,1,sale,Glyfada - center (Glyfada),37.873295,23.754061,80,7,2,1,vip,3155,2026-01-27 06:30:22,2026-01-27 06:30:22,1
19160464,house,4,sale,Voula (Athens - South),37.844765,23.777723,400,6,6,6,vip,11088,2026-01-27 06:30:25,2026-01-27 06:30:25,1
19162479,house,1,sale,Ano Cholargos (Cholargos),37.995071,23.807486,52,7,1,1,vip,24732,2026-01-27 06:30:23,2026-01-27 06:30:23,1
19162575,house,1,sale,Paradeisos (Agia Paraskevi),38.011723,23.843018,97,6,2,2,vip,23580,2026-01-27 06:30:23,2026-01-27 06:30:23,1
19162853,house,1,sale,Center (Vouliagmeni),37.821541,23.783739,80,6,2,1,vip,18734,2026-01-27 06:30:18,2026-01-27 06:30:18,1
19162935,house,3,sale,Freattida (Kallipoli - Freattida),37.931152,23.643185,54,10,1,1,vip,18057,2026-01-27 06:30:18,2026-01-27 06:30:18,1
19163066,house,1,sale,Kato Patisia (Athens - Center),38.013889,23.730499,42,2,1,1,vip,18057,2026-01-27 06:30:18,2026-01-27 06:30:18,1
19163107,house,3,sale,Kefalari (Kifisia),38.079201,23.826963,490,3,5,5,vip,7565,2026-01-27 06:30:20,2026-01-27 06:30:20,1
19163560,house,1,sale,Centre (Kallithea),37.958153,23.700066,76,6,2,1,vip,18057,2026-01-27 06:30:18,2026-01-27 06:30:18,1
19164310,house,1,sale,Glyfada - center (Glyfada),37.872841,23.750111,176,7,3,2,vip,10299,2026-01-27 06:30:18,2026-01-27 06:30:18,1
19164369,house,1,sale,Center (Athens - Center),37.951813,23.723833,46,6,1,1,vip,22984,2026-01-27 06:30:18,2026-01-27 06:30:18,1
19164531,house,1,sale,Neapoli Exarcheion (Athens - Center),37.988766,23.740896,96,9,2,1,vip,10234,2026-01-27 06:30:22,2026-01-27 06:30:22,1
19164579,house,4,sale,Kastri - Politeia (Nea Erithraia),38.085571,23.827887,300,3,0,0,vip,6532,2026-01-27 06:30:20,2026-01-27 06:30:20,1
19164590,house,1,sale,Terpsithea (Glyfada),37.894386,23.768141,23,11,1,1,vip,18057,2026-01-27 06:30:18,2026-01-27 06:30:18,1
19164689,house,1,sale,Ano Pefki (Pefki),38.061153,23.787676,195,8,3,2,vip,24018,2026-01-27 06:30:22,2026-01-27 06:30:22,1
19165467,house,1,sale,Faneromeni (Cholargos),38.004906,23.801819,91,8,2,1,vip,23580,2026-01-27 06:30:23,2026-01-27 06:30:23,1
19171181,house,1,sale,Pagkrati Center (Athens - Center),37.969059,23.748745,72,7,1,1,vip,5011,2026-01-27 01:18:02,2026-01-27 01:18:02,1
19172788,house,3,sale,Palaio Faliro (Athens - South),37.928391,23.699463,126,9,3,2,vip,4474,2026-01-27 06:30:20,2026-01-27 06:30:20,1
19179772,house,3,sale,Glyfada (Athens - South),37.863789,23.764429,101,9,2,1,vip,4474,2026-01-27 06:30:20,2026-01-27 06:30:20,1
19179942,house,1,sale,Nea Kipseli (Athens - Center),38.000637,23.748411,50,6,1,1,vip,18676,2026-01-27 06:30:18,2026-01-27 06:30:18,1
19227876,house,3,sale,Terpsithea (Glyfada),37.893517,23.762671,98,7,3,1,vip,13787,2026-01-27 06:30:18,2026-01-27 06:30:18,1
19228821,house,1,sale,Evaggelistria (Center - Port),37.947067,23.655642,100,3,2,1,vip,18057,2026-01-27 06:30:18,2026-01-27 06:30:18,1
19229220,house,1,sale,Neapoli Exarcheion (Athens - Center),37.990055,23.738575,58,6,2,1,vip,18057,2026-01-27 06:30:18,2026-01-27 06:30:18,1
19229248,house,1,sale,Ekteloniston - Eforiakon (Alimos),37.925949,23.737234,83,6,2,2,vip,18057,2026-01-27 06:30:18,2026-01-27 06:30:18,1
19229262,house,1,sale,Trocadero (Palaio Faliro),37.931534,23.689159,180,9,3,2,vip,18057,2026-01-27 06:30:18,2026-01-27 06:30:18,1
19229308,house,1,sale,Ano Agios Ioannis (Dafni),37.954983,23.736879,95,9,2,2,vip,18057,2026-01-27 06:30:18,2026-01-27 06:30:18,1
19229380,house,1,sale,Tsami - Zoodochou Pigis (Salamina),37.964924,23.502911,100,8,0,0,vip,515,2026-01-27 06:30:25,2026-01-27 06:30:25,1
19229884,house,3,sale,Patima (Chalandri),38.034088,23.84075,130,3,2,2,vip,17102,2026-01-27 06:30:22,2026-01-27 06:30:22,1
19230373,house,1,sale,Koukaki - Makrygianni (Athens - Center),37.966324,23.725136,49,8,1,1,vip,4474,2026-01-27 06:30:20,2026-01-27 06:30:20,1
19235125,house,1,sale,Glyfada - center (Glyfada),37.86768,23.748331,108,8,2,1,vip,3155,2026-01-27 06:30:23,2026-01-27 06:30:23,1
19235221,house,1,sale,Sidera Chalandriou (Chalandri),38.02039,23.797245,48,7,1,1,vip,3155,2026-01-27 06:30:22,2026-01-27 06:30:22,1
19239277,house,1,sale,Nikaia (Piraeus suburbs),37.966324,23.637142,96,7,3,1,vip,4474,2026-01-27 06:30:20,2026-01-27 06:30:20,1
19239731,house,1,sale,Kato Kifisia (Kifisia),38.077621,23.803661,56,8,1,1,vip,6532,2026-01-27 06:30:22,2026-01-27 06:30:22,1
19239744,house,1,sale,Agia Sofia - Maniatika (Tabouria - Agia Sofia),37.959194,23.637686,50,6,1,1,vip,695,2026-01-27 06:30:23,2026-01-27 06:30:23,1
19239829,house,1,sale,Girokomeio (Athens - Center),37.999168,23.761833,115,0,3,1,vip,23120,2026-01-27 06:30:23,2026-01-27 06:30:23,1
19241274,house,4,sale,Chrisaki (Kallithea),37.948914,23.702106,420,3,4,2,vip,18057,2026-01-27 06:30:18,2026-01-27 06:30:18,1
19241911,house,3,sale,Strofili (Kifisia),38.08556,23.814035,260,3,3,3,vip,7565,2026-01-27 06:30:20,2026-01-27 06:30:20,1
19242027,house,1,sale,Panagitsa (Palaio Faliro),37.92934,23.704817,105,6,3,2,vip,18057,2026-01-27 06:30:18,2026-01-27 06:30:18,1
19242065,house,1,sale,Kato Ilioupoli (Ilioupoli),37.942226,23.745464,84,3,2,1,vip,23580,2026-01-27 06:30:22,2026-01-27 06:30:22,1
19242109,house,3,sale,Stavros Geraka (Gerakas),38.011547,23.852125,250,6,4,3,vip,20312,2026-01-27 06:30:22,2026-01-27 06:30:22,1
19242287,house,4,sale,Center (Palaia Fokaia),37.722622,23.958977,100,3,2,1,vip,5011,2026-01-27 01:18:02,2026-01-27 01:18:02,1
19242802,house,1,sale,Agia Kiriaki (Kifisia),38.07122,23.801451,120,8,2,2,vip,3588,2026-01-27 06:30:20,2026-01-27 06:30:20,1
19242844,house,1,sale,Edem (Palaio Faliro),37.918957,23.701387,141,11,2,2,vip,4352,2026-01-27 01:18:02,2026-01-27 01:18:02,1
19242857,house,12,sale,Ikismos Aiolos (Palaia Fokaia),37.679848,23.944874,280,3,0,9,vip,4352,2026-01-27 01:18:02,2026-01-27 01:18:02,1
19242885,house,1,sale,Metamorfosi Virona (Vironas),37.95422,23.752411,65,7,2,1,vip,24263,2026-01-27 06:30:25,2026-01-27 06:30:25,1
19242901,house,4,sale,Saronida (Rest of Attica),37.745522,23.917429,564,3,6,6,vip,4352,2026-01-27 01:18:02,2026-01-27 01:18:02,1
19242908,house,3,sale,Vouliagmeni (Athens - South),37.818691,23.781672,190,3,4,3,vip,4352,2026-01-27 01:18:02,2026-01-27 01:18:02,1
19242914,house,3,sale,Kato Elliniko (Elliniko),37.884151,23.731113,258,3,3,3,vip,4352,2026-01-27 01:18:02,2026-01-27 01:18:02,1
19242947,house,1,sale,Kerameikos (Athens - Center),37.980309,23.719429,21,12,1,1,vip,4352,2026-01-27 01:18:02,2026-01-27 01:18:02,1
19242955,house,3,sale,Center (Alimos),37.905895,23.721735,203,7,3,4,vip,4352,2026-01-27 01:18:02,2026-01-27 01:18:02,1
19242966,house,1,sale,Center (Voula),37.842113,23.762644,135,10,2,2,vip,4352,2026-01-27 01:18:02,2026-01-27 01:18:02,1
19242974,house,3,sale,Glyfada - center (Glyfada),37.856747,23.760445,277,9,4,3,vip,4352,2026-01-27 01:18:02,2026-01-27 01:18:02,1
19242977,house,1,sale,Alimos (Athens - South),37.910595,23.71954,171,7,3,3,vip,4352,2026-01-27 01:18:02,2026-01-27 01:18:02,1
19242981,house,1,sale,Ampelokipoi - Pentagon (Athens - Center),37.986885,23.764809,76,9,2,1,vip,4352,2026-01-27 01:18:02,2026-01-27 01:18:02,1
19242983,house,1,sale,Floisvos (Palaio Faliro),37.926975,23.691286,70,8,2,1,vip,4352,2026-01-27 01:18:02,2026-01-27 01:18:02,1
19242985,house,3,sale,Center (Voula),37.838444,23.768909,147,9,2,2,vip,4352,2026-01-27 01:18:02,2026-01-27 01:18:02,1
19243338,house,1,sale,Evryali (Voula),37.849705,23.755606,39,3,0,1,vip,4352,2026-01-27 01:18:02,2026-01-27 01:18:02,1
19243348,house,4,sale,Kefallinion (Alimos),37.906689,23.730427,401,3,4,5,vip,4352,2026-01-27 01:18:02,2026-01-27 01:18:02,1
19243357,house,3,sale,Glyfada - center (Glyfada),37.865971,23.748959,290,3,3,4,vip,4352,2026-01-27 01:18:02,2026-01-27 01:18:02,1
19244875,house,4,sale,Agios Nikolaos (Anavyssos),37.722656,23.920351,352,3,5,5,vip,17102,2026-01-27 06:30:22,2026-01-27 06:30:22,1
19245055,house,1,sale,Evryali (Voula),37.851967,23.755882,150,8,3,2,vip,3155,2026-01-27 06:30:22,2026-01-27 06:30:22,1
19245087,house,4,sale,Kallipoli (Kallipoli - Freattida),37.927917,23.640162,160,3,3,2,vip,3155,2026-01-27 06:30:22,2026-01-27 06:30:22,1
19245093,house,4,sale,Center (Vouliagmeni),37.819347,23.781813,600,3,6,5,vip,3155,2026-01-27 06:30:18,2026-01-27 06:30:18,1
19245270,house,1,sale,Center (Athens - Center),37.951904,23.723753,127,7,3,1,vip,20351,2026-01-27 06:30:23,2026-01-27 06:30:23,1
19247817,house,4,sale,Ano Glyfada (Glyfada),37.883255,23.766207,265,3,6,4,vip,4117,2026-01-27 01:18:02,2026-01-27 01:18:02,1
19247969,house,1,sale,Strofili (Kifisia),38.07375,23.809839,66,3,1,0,vip,7240,2026-01-27 06:30:22,2026-01-27 06:30:22,1
19248021,house,3,sale,Dikigorika (Voula),37.84573,23.772583,155,3,3,2,vip,4594,2026-01-27 06:30:23,2026-01-27 06:30:23,1
19248214,house,2,sale,Astinomika (Ilioupoli),37.922653,23.758482,23,3,1,1,vip,3250,2026-01-27 06:30:23,2026-01-27 06:30:23,1
19248649,house,1,sale,Profitis Ilias (Athens - Center),37.961834,23.743784,57,6,2,1,vip,20488,2026-01-27 06:30:22,2026-01-27 06:30:22,1
19248730,house,1,sale,Center (Vrilissia),38.036774,23.82489,124,10,2,1,vip,23580,2026-01-27 06:30:22,2026-01-27 06:30:22,1
19249399,house,1,sale,Mets (Athens - Center),37.966805,23.735001,66,3,1,1,vip,18057,2026-01-27 06:30:18,2026-01-27 06:30:18,1
19249402,house,3,sale,Mets (Athens - Center),37.966805,23.735001,110,3,2,2,vip,18057,2026-01-27 06:30:18,2026-01-27 06:30:18,1
19250827,house,1,sale,Aixoni (Glyfada),37.860111,23.7661,72,7,1,1,vip,17945,2026-01-27 06:30:18,2026-01-27 06:30:18,1
19251280,house,1,sale,Soros (Marousi),38.04353,23.81662,68,6,2,1,vip,17698,2026-01-27 06:30:23,2026-01-27 06:30:23,1
19251296,house,1,sale,Evaggelistria (Center - Port),37.945827,23.655577,53,7,1,1,vip,18057,2026-01-27 06:30:18,2026-01-27 06:30:18,1
19252344,house,1,sale,Ano Kaisariani (Kaisariani),37.965206,23.773266,55,6,1,1,vip,11617,2026-01-27 06:30:23,2026-01-27 06:30:23,1
19253112,house,1,sale,Agios Sostis (Nea Smyrni),37.950546,23.712751,52,9,1,1,vip,18057,2026-01-27 06:30:18,2026-01-27 06:30:18,1
19255163,house,1,sale,Sepolia (Athens - Center),38.006748,23.7204,75,6,2,1,vip,18734,2026-01-27 06:30:18,2026-01-27 06:30:18,1
19255189,house,1,sale,Mets - Kalimarmaro (Athens - Center),37.967972,23.736374,162,9,2,2,vip,1303,2026-01-27 06:30:18,2026-01-27 06:30:18,1
19255203,house,1,sale,Kastella (Kastella - Passalimani),37.944805,23.66086,83,10,2,1,vip,18057,2026-01-27 06:30:18,2026-01-27 06:30:18,1
19255764,house,3,sale,Center (Voula),37.846378,23.76012,170,8,3,3,vip,12542,2026-01-27 06:30:18,2026-01-27 06:30:18,1
19255767,house,1,sale,Kalymniotika (Voula),37.84164,23.776562,90,7,2,2,vip,12542,2026-01-27 06:30:18,2026-01-27 06:30:18,1
19256446,house,1,sale,Ano Papagou (Papagou),37.978912,23.797089,106,3,1,1,vip,18057,2026-01-27 06:30:18,2026-01-27 06:30:18,1
19256496,house,1,sale,Dasos (Chaidari),38.021267,23.648525,48,3,1,1,vip,20312,2026-01-27 06:30:18,2026-01-27 06:30:18,1
19256579,house,1,sale,Kifisia (Athens - North),38.081173,23.816381,105,6,3,1,vip,13705,2026-01-27 06:30:18,2026-01-27 06:30:18,1
19256711,house,1,sale,Plateia Kipselis (Athens - Center),38.001247,23.740767,46,2,1,1,vip,20312,2026-01-27 06:30:18,2026-01-27 06:30:18,1
19256716,house,6,sale,Metaxourgeio (Athens - Center),37.987411,23.719784,715,3,11,7,vip,20312,2026-01-27 06:30:18,2026-01-27 06:30:18,1
19256747,house,1,sale,Stavros (Agia Paraskevi),38.010845,23.829578,77,6,2,1,vip,18057,2026-01-27 06:30:18,2026-01-27 06:30:18,1
19256979,house,1,sale,Plateia Klafthmonos (Athens - Center),37.979149,23.729763,41,11,1,1,vip,5011,2026-01-27 01:18:02,2026-01-27 01:18:02,1
19257144,house,1,sale,Trocadero (Palaio Faliro),37.930176,23.690247,130,11,3,2,vip,13093,2026-01-27 06:30:25,2026-01-27 06:30:25,1
19257177,house,1,sale,Kaisariani (Athens - South),37.97179,23.754322,43,6,1,1,vip,9241,2026-01-27 06:30:25,2026-01-27 06:30:25,1
19257191,house,1,sale,Agios Georgios (Neo Psychiko),38.00563,23.783831,125,6,2,1,vip,3967,2026-01-27 06:30:25,2026-01-27 06:30:25,1
19257416,house,1,sale,Dafni (Athens - South),37.951191,23.732021,80,9,2,1,vip,20309,2026-01-27 06:30:25,2026-01-27 06:30:25,1
19257523,house,1,sale,Center (Iraklio),38.046429,23.773211,70,8,2,1,vip,21077,2026-01-27 06:30:25,2026-01-27 06:30:25,1
19257644,house,1,sale,Lykavittos (Kolonaki - Lykavittos),37.98708,23.74851,75,6,2,1,vip,17893,2026-01-27 06:30:23,2026-01-27 06:30:23,1
19257771,house,3,sale,Ano Filothei (Filothei),38.025776,23.775976,198,6,3,1,vip,3155,2026-01-27 06:30:23,2026-01-27 06:30:23,1
19257822,house,1,sale,Kokkinia (Marousi),38.047379,23.811041,163,9,3,1,vip,19439,2026-01-27 06:30:22,2026-01-27 06:30:22,1
19257945,house,1,sale,Koukaki - Pediki Chara (Koukaki - Makrygianni),37.963409,23.7225,50,6,1,1,vip,22738,2026-01-27 06:30:20,2026-01-27 06:30:20,1
19257953,house,1,sale,Ano Agia Varvara (Agia Varvara),37.991814,23.656292,88,8,3,2,vip,18057,2026-01-27 06:30:20,2026-01-27 06:30:20,1
19257954,house,3,sale,Agios Fanourios (Drapetsona),37.950977,23.630753,86,10,2,2,vip,18057,2026-01-27 06:30:20,2026-01-27 06:30:20,1
19257955,house,1,sale,Karava (Korydallos),37.987507,23.638792,68,9,2,1,vip,18057,2026-01-27 06:30:20,2026-01-27 06:30:20,1
19257956,house,1,sale,Kerameikos (Athens - Center),37.980518,23.716587,64,6,2,1,vip,18057,2026-01-27 06:30:20,2026-01-27 06:30:20,1
