id,property_id,collection_run_id,price,price_reduced,price_pre_reduction,price_change_percentage,price_per_sqm,collected_at
1,18884080,1,435000,0,,,4578.9473684210525,2026-01-26 00:34:38.431439
2,18256864,1,850000,0,,,1700.0,2026-01-26 00:34:38.439404
3,16604438,1,1000000,0,,,2352.9411764705883,2026-01-26 00:34:38.446100
4,18303608,1,880000,0,,,5333.333333333333,2026-01-26 00:34:38.449390
5,17253715,1,670000,0,,,3350.0,2026-01-26 00:34:38.454623
6,17018548,1,650000,0,,,4220.779220779221,2026-01-26 00:34:38.459177
7,16841156,1,800000,0,,,3076.923076923077,2026-01-26 00:34:38.462509
8,18510966,1,485000,0,,,4619.047619047619,2026-01-26 00:34:38.466162
9,19116689,1,640000,0,,,5039.370078740158,2026-01-26 00:34:38.470712
10,13935565,1,1200000,0,,,1600.0,2026-01-26 00:34:38.474309
11,18814400,1,625000,0,,,5208.333333333333,2026-01-26 00:34:38.477449
12,18824128,1,5000000,0,,,10989.010989010989,2026-01-26 00:34:38.480402
13,18785001,1,650000,0,,,4304.635761589404,2026-01-26 00:34:38.483475
14,17018515,1,1950000,0,,,4642.857142857143,2026-01-26 00:34:38.489017
15,15645820,1,2200000,0,,,9691.629955947137,2026-01-26 00:34:38.493405
16,15290598,1,820000,0,,,5655.172413793103,2026-01-26 00:34:38.497371
17,15492259,1,560000,0,,,3733.3333333333335,2026-01-26 00:34:38.501211
18,19066950,1,128000,0,,,2560.0,2026-01-26 00:34:38.506849
19,17341188,1,2650000,0,,,7571.428571428572,2026-01-26 00:34:38.511327
20,18404590,1,930000,1,960000,0.0,4514.563106796117,2026-01-26 00:34:38.514655
21,16349328,1,385000,0,,,2291.6666666666665,2026-01-26 00:34:38.518622
22,14891732,1,1900000,0,,,3925.619834710744,2026-01-26 00:34:38.523833
23,17246873,1,390000,0,,,2888.8888888888887,2026-01-26 00:34:38.528033
24,18311143,1,480000,0,,,3428.5714285714284,2026-01-26 00:34:38.531576
25,18303725,1,920000,0,,,8363.636363636364,2026-01-26 00:34:38.535516
26,16044035,1,700000,0,,,3333.3333333333335,2026-01-26 00:34:38.542715
27,19071314,1,490000,0,,,3062.5,2026-01-26 00:34:38.546280
28,18777732,1,380000,0,,,2451.6129032258063,2026-01-26 00:34:38.549696
29,16372076,1,510000,0,,,2833.3333333333335,2026-01-26 00:34:38.554233
30,18508260,1,830000,0,,,5724.137931034483,2026-01-26 00:34:38.557529
31,15233745,1,450000,0,,,3214.285714285714,2026-01-26 00:34:38.560719
32,17378010,1,490000,0,,,3920.0,2026-01-26 00:34:38.564051
33,19073351,1,850000,0,,,4473.684210526316,2026-01-26 00:34:38.567086
34,18952169,1,510000,0,,,1789.4736842105262,2026-01-26 00:34:38.572439
35,18777757,1,3000000,0,,,6711.4093959731545,2026-01-26 00:34:38.576134
36,18766296,1,1100000,0,,,5641.025641025641,2026-01-26 00:34:38.579245
37,18379900,1,1500000,1,1620000,0.0,6000.0,2026-01-26 00:34:38.582732
38,18355436,1,650000,0,,,1857.142857142857,2026-01-26 00:34:38.586791
39,18337588,1,510000,0,,,2266.6666666666665,2026-01-26 00:34:38.590241
40,18322745,1,980000,0,,,4666.666666666667,2026-01-26 00:34:38.593560
41,17762864,1,540000,0,,,3600.0,2026-01-26 00:34:38.596565
42,17491178,1,750000,0,,,4491.017964071856,2026-01-26 00:34:38.599558
43,16700787,1,4000000,0,,,3478.2608695652175,2026-01-26 00:34:38.603874
44,17579504,1,1250000,0,,,2173.913043478261,2026-01-26 00:34:38.607967
45,12348613,1,1950000,0,,,3545.4545454545455,2026-01-26 00:34:38.611273
46,17310853,1,450000,0,,,3061.2244897959185,2026-01-26 00:34:38.614390
47,18722837,1,450000,0,,,1406.25,2026-01-26 00:34:38.617644
48,17508112,1,950000,0,,,2047.4137931034484,2026-01-26 00:34:38.622154
49,16931145,1,680000,0,,,2615.3846153846152,2026-01-26 00:34:38.626617
50,16153206,1,730000,0,,,4294.117647058823,2026-01-26 00:34:38.629661
51,18717187,1,620000,0,,,1573.6040609137056,2026-01-26 00:34:38.641348
52,18492404,1,465000,0,,,2906.25,2026-01-26 00:34:38.645022
53,17637296,1,1000000,0,,,2325.5813953488373,2026-01-26 00:34:38.648771
54,17508119,1,820000,0,,,3153.846153846154,2026-01-26 00:34:38.653078
55,16983160,1,540000,0,,,2700.0,2026-01-26 00:34:38.657433
56,16653953,1,780000,0,,,2549.0196078431372,2026-01-26 00:34:38.660801
57,15166176,1,470000,0,,,1880.0,2026-01-26 00:34:38.664135
58,14174497,1,1300000,0,,,2888.8888888888887,2026-01-26 00:34:38.669005
59,18628958,1,2600000,0,,,7536.231884057971,2026-01-26 00:34:38.673865
60,18371510,1,395000,0,,,2992.4242424242425,2026-01-26 00:34:38.678424
61,16372138,1,1300000,0,,,2708.3333333333335,2026-01-26 00:34:38.682105
62,19032680,1,650000,0,,,5327.868852459016,2026-01-26 00:34:38.685652
63,18679757,1,790000,0,,,2323.529411764706,2026-01-26 00:34:38.690400
64,18275746,1,620000,0,,,2066.6666666666665,2026-01-26 00:34:38.693978
65,18207093,1,800000,0,,,2758.6206896551726,2026-01-26 00:34:38.696971
66,17820817,1,650000,0,,,4710.144927536232,2026-01-26 00:34:38.700195
67,13135967,1,1350000,0,,,3443.877551020408,2026-01-26 00:34:38.704774
68,19048189,1,385000,0,,,3347.8260869565215,2026-01-26 00:34:38.708804
69,18350750,1,530000,0,,,3486.842105263158,2026-01-26 00:34:38.712075
70,18180340,1,750000,0,,,3061.2244897959185,2026-01-26 00:34:38.715297
71,18060807,1,459000,0,,,2040.0,2026-01-26 00:34:38.718640
72,17384666,1,720000,0,,,2155.688622754491,2026-01-26 00:34:38.722778
73,18278157,1,980000,0,,,3563.6363636363635,2026-01-26 00:34:38.726080
74,16700790,1,13000000,0,,,10833.333333333334,2026-01-26 00:34:38.729084
75,16365363,1,1950000,0,,,3046.875,2026-01-26 00:34:38.732138
76,19048197,1,600000,0,,,5714.285714285715,2026-01-26 00:34:38.735468
77,18396518,1,650000,0,,,2500.0,2026-01-26 00:34:38.739866
78,18214056,1,600000,1,630000,0.0,3488.3720930232557,2026-01-26 00:34:38.743704
79,18102012,1,190000,0,,,2134.8314606741574,2026-01-26 00:34:38.747044
80,17516885,1,235000,0,,,3012.8205128205127,2026-01-26 00:34:38.750203
81,17305854,1,880000,0,,,2933.3333333333335,2026-01-26 00:34:38.755190
82,16952720,1,480000,0,,,3555.5555555555557,2026-01-26 00:34:38.758999
83,16577942,1,750000,0,,,7211.538461538462,2026-01-26 00:34:38.762081
84,19235125,1,780000,0,,,7222.222222222223,2026-01-26 00:34:38.765419
85,18609301,1,950000,0,,,5555.555555555556,2026-01-26 00:34:38.769452
86,10644998,1,590000,0,,,1843.75,2026-01-26 00:34:38.774722
87,18337414,1,350000,0,,,1627.906976744186,2026-01-26 00:34:38.778269
88,18350755,1,555000,0,,,4955.357142857143,2026-01-26 00:34:38.781453
89,18651304,1,660000,0,,,3567.5675675675675,2026-01-26 00:34:38.784955
90,19245087,1,675000,0,,,4218.75,2026-01-26 00:34:38.789517
91,18540974,1,670000,0,,,5775.862068965517,2026-01-26 00:34:38.793116
92,17315582,1,420000,0,,,2857.1428571428573,2026-01-26 00:34:38.796346
93,15406478,1,1380000,0,,,2421.0526315789475,2026-01-26 00:34:38.799522
94,13590465,1,2500000,0,,,12500.0,2026-01-26 00:34:38.803831
95,18730957,1,400000,0,,,2500.0,2026-01-26 00:34:38.808957
96,16395386,1,480000,0,,,3779.527559055118,2026-01-26 00:34:38.812650
97,14128634,1,1000000,0,,,4975.124378109453,2026-01-26 00:34:38.816355
98,18679741,1,520000,0,,,3151.5151515151515,2026-01-26 00:34:38.821719
99,18379805,1,1300000,0,,,10000.0,2026-01-26 00:34:38.825533
100,18738244,1,780000,1,815000,0.0,9873.417721518987,2026-01-26 00:34:38.829007
101,18502351,1,2600000,0,,,13471.502590673575,2026-01-26 00:34:38.838051
102,17333274,1,880000,0,,,5333.333333333333,2026-01-26 00:34:38.841735
103,16717085,1,620000,0,,,4000.0,2026-01-26 00:34:38.845029
104,18772452,1,520000,0,,,3151.5151515151515,2026-01-26 00:34:38.848313
105,17106100,1,540000,0,,,4251.968503937008,2026-01-26 00:34:38.852387
106,18379724,1,295000,0,,,2587.719298245614,2026-01-26 00:34:38.857084
107,14009987,1,490000,0,,,2041.6666666666667,2026-01-26 00:34:38.861231
108,17598038,1,925000,0,,,5745.341614906833,2026-01-26 00:34:38.864604
109,17384640,1,690000,0,,,4600.0,2026-01-26 00:34:38.868193
110,18303656,1,800000,0,,,5000.0,2026-01-26 00:34:38.872985
111,15753342,1,2500000,0,,,4166.666666666667,2026-01-26 00:34:38.876815
112,16731598,1,1600000,0,,,7339.4495412844035,2026-01-26 00:34:38.880469
113,19067005,1,455000,0,,,3823.529411764706,2026-01-26 00:34:38.884122
114,19235127,1,520000,0,,,3586.206896551724,2026-01-26 00:34:38.890372
115,18836126,1,1450000,0,,,7250.0,2026-01-26 00:34:38.894663
116,18695731,1,1750000,0,,,7000.0,2026-01-26 00:34:38.898582
117,18282898,1,370000,0,,,2466.6666666666665,2026-01-26 00:34:38.903667
118,17683881,1,560000,0,,,5233.644859813084,2026-01-26 00:34:38.907684
119,18729464,1,850000,0,,,5555.555555555556,2026-01-26 00:34:38.911280
120,15793744,1,2850000,0,,,3677.4193548387098,2026-01-26 00:34:38.915455
121,18364282,1,700000,1,720000,0.0,2916.6666666666665,2026-01-26 00:34:38.920546
122,18011080,1,550000,0,,,3313.253012048193,2026-01-26 00:34:38.924837
123,16551464,1,1080000,0,,,4800.0,2026-01-26 00:34:38.928616
124,16188060,1,310000,0,,,2066.6666666666665,2026-01-26 00:34:38.931985
125,15793793,1,1300000,0,,,4421.768707482993,2026-01-26 00:34:38.936303
126,19068112,1,550000,0,,,3374.2331288343557,2026-01-26 00:34:38.940216
127,18830356,1,2100000,0,,,10500.0,2026-01-26 00:34:38.943498
128,17700219,1,2800000,0,,,3240.740740740741,2026-01-26 00:34:38.946678
129,17700198,1,920000,0,,,7603.305785123967,2026-01-26 00:34:38.949647
130,15065995,1,960000,0,,,3200.0,2026-01-26 00:34:38.953883
131,17894493,1,2200000,0,,,7333.333333333333,2026-01-26 00:34:38.957516
132,17737285,1,1070000,0,,,3566.6666666666665,2026-01-26 00:34:38.960623
133,19245093,1,4500000,0,,,7500.0,2026-01-26 00:34:38.963615
134,19061916,1,1550000,0,,,4967.948717948718,2026-01-26 00:34:38.966949
135,18854054,1,190000,0,,,4871.794871794872,2026-01-26 00:34:38.971203
136,18605055,1,490000,0,,,3525.179856115108,2026-01-26 00:34:38.974751
137,18604538,1,390000,0,,,3391.304347826087,2026-01-26 00:34:38.977899
138,17691400,1,210000,0,,,2470.5882352941176,2026-01-26 00:34:38.980896
139,15510054,1,800000,0,,,2051.2820512820513,2026-01-26 00:34:38.983972
140,9480637,1,750000,0,,,4054.054054054054,2026-01-26 00:34:38.988287
141,18102311,1,350000,0,,,2333.3333333333335,2026-01-26 00:34:38.992111
142,18703641,1,890000,0,,,3903.5087719298244,2026-01-26 00:34:38.995356
143,18135135,1,620000,0,,,2583.3333333333335,2026-01-26 00:34:38.998472
144,16536621,1,590000,0,,,4370.37037037037,2026-01-26 00:34:39.002575
145,18364287,1,350000,1,360000,0.0,2916.6666666666665,2026-01-26 00:34:39.007167
146,19061259,1,190000,0,,,2638.8888888888887,2026-01-26 00:34:39.010691
147,18862123,1,310000,0,,,2480.0,2026-01-26 00:34:39.013818
148,18393158,1,180000,0,,,3000.0,2026-01-26 00:34:39.016903
149,17975982,1,685000,0,,,6227.272727272727,2026-01-26 00:34:39.022052
150,17975974,1,648000,0,,,5890.909090909091,2026-01-26 00:34:39.025475
151,17691477,1,680000,0,,,5000.0,2026-01-26 00:34:39.033027
152,18386019,1,550000,0,,,5500.0,2026-01-26 00:34:39.037597
153,17819856,1,1500000,0,,,7500.0,2026-01-26 00:34:39.042215
154,17975952,1,480000,0,,,3692.3076923076924,2026-01-26 00:34:39.045578
155,18797152,1,300000,0,,,2542.3728813559323,2026-01-26 00:34:39.048856
156,18282787,1,320000,0,,,3720.9302325581393,2026-01-26 00:34:39.053157
157,16391001,1,650000,0,,,3823.529411764706,2026-01-26 00:34:39.057455
158,18606073,1,415000,0,,,3547.008547008547,2026-01-26 00:34:39.061051
159,17975969,1,615000,0,,,5590.909090909091,2026-01-26 00:34:39.064496
160,17975964,1,569000,0,,,5172.727272727273,2026-01-26 00:34:39.068882
161,17167066,1,350000,0,,,2333.3333333333335,2026-01-26 00:34:39.074179
162,18454080,1,230000,0,,,2674.4186046511627,2026-01-26 00:34:39.077722
163,17162235,1,1465000,0,,,9965.986394557824,2026-01-26 00:34:39.080860
164,18379694,1,1300000,0,,,7975.460122699386,2026-01-26 00:34:39.084019
165,17162328,1,420000,0,,,2333.3333333333335,2026-01-26 00:34:39.088639
166,18322467,1,510000,0,,,2428.5714285714284,2026-01-26 00:34:39.092217
167,19235221,1,165000,0,,,3437.5,2026-01-26 00:34:39.095477
168,18797160,1,1300000,0,,,6250.0,2026-01-26 00:34:39.098589
169,18715329,1,220000,0,,,5116.279069767442,2026-01-26 00:34:39.102264
170,16343120,1,1450000,0,,,7250.0,2026-01-26 00:34:39.106475
171,14951278,1,360000,0,,,2465.753424657534,2026-01-26 00:34:39.109546
172,18364285,1,260000,0,,,2321.4285714285716,2026-01-26 00:34:39.112836
173,18289754,1,310000,0,,,3009.7087378640776,2026-01-26 00:34:39.116044
174,17384635,1,800000,0,,,5333.333333333333,2026-01-26 00:34:39.119875
175,16545055,1,850000,0,,,4250.0,2026-01-26 00:34:39.123452
176,17992267,1,730000,0,,,4932.4324324324325,2026-01-26 00:34:39.127373
177,17378007,1,490000,0,,,3161.2903225806454,2026-01-26 00:34:39.130535
178,17144124,1,2000000,0,,,11976.047904191617,2026-01-26 00:34:39.133538
179,18411843,1,390000,0,,,4105.263157894737,2026-01-26 00:34:39.137657
180,17801020,1,880000,0,,,6285.714285714285,2026-01-26 00:34:39.141340
181,15282734,1,1000000,0,,,4166.666666666667,2026-01-26 00:34:39.144741
182,18265318,1,350000,0,,,4022.9885057471265,2026-01-26 00:34:39.148124
183,16354701,1,1180000,0,,,7866.666666666667,2026-01-26 00:34:39.151470
184,18303481,1,250000,0,,,2840.909090909091,2026-01-26 00:34:39.155804
185,16958574,1,670000,0,,,5114.503816793893,2026-01-26 00:34:39.159743
186,18462572,1,850000,0,,,10000.0,2026-01-26 00:34:39.162850
187,18265317,1,340000,0,,,3617.021276595745,2026-01-26 00:34:39.166134
188,19048573,1,320000,0,,,4000.0,2026-01-26 00:34:39.171050
189,18372391,1,1800000,0,,,5000.0,2026-01-26 00:34:39.174896
190,17861263,1,600000,0,,,6666.666666666667,2026-01-26 00:34:39.177931
191,18447004,1,280000,0,,,2772.2772277227723,2026-01-26 00:34:39.181178
192,18272021,1,690000,0,,,6000.0,2026-01-26 00:34:39.184249
193,16958554,1,680000,0,,,4788.732394366197,2026-01-26 00:34:39.188513
194,18619436,1,350000,0,,,3431.372549019608,2026-01-26 00:34:39.192321
195,18350759,1,435000,0,,,4306.930693069307,2026-01-26 00:34:39.195351
196,14904247,1,850000,0,,,4404.145077720207,2026-01-26 00:34:39.198341
197,18241654,1,550000,0,,,5092.592592592592,2026-01-26 00:34:39.202018
198,18716825,1,400000,0,,,3809.5238095238096,2026-01-26 00:34:39.206237
199,17486346,1,620000,0,,,4843.75,2026-01-26 00:34:39.209360
200,17099425,1,330000,0,,,2894.7368421052633,2026-01-26 00:34:39.212394
201,18619431,1,380000,0,,,3725.4901960784314,2026-01-26 00:34:39.220222
202,15862225,1,700000,0,,,4929.577464788732,2026-01-26 00:34:39.224756
203,17847466,1,785000,0,,,5413.793103448276,2026-01-26 00:34:39.228244
204,15804193,1,550000,0,,,5978.260869565217,2026-01-26 00:34:39.231683
205,18454169,1,1100000,0,,,9016.393442622952,2026-01-26 00:34:39.235542
206,17162232,1,1159000,0,,,8522.058823529413,2026-01-26 00:34:39.239826
207,4965215,1,1200000,0,,,3821.6560509554142,2026-01-26 00:34:39.243376
208,18102294,1,220000,1,240000,0.0,2417.5824175824177,2026-01-26 00:34:39.247043
209,16435408,1,650000,0,,,4421.768707482993,2026-01-26 00:34:39.250394
210,17801001,1,495000,0,,,3000.0,2026-01-26 00:34:39.255455
211,18821705,1,180000,0,,,1914.8936170212767,2026-01-26 00:34:39.259283
212,19067897,1,158000,0,,,2925.925925925926,2026-01-26 00:34:39.262438
213,19048066,1,390000,0,,,3095.2380952380954,2026-01-26 00:34:39.265666
214,18880138,1,700000,0,,,6306.306306306306,2026-01-26 00:34:39.269899
215,18789006,1,530000,0,,,2650.0,2026-01-26 00:34:39.275477
216,18784817,1,150000,0,,,1428.5714285714287,2026-01-26 00:34:39.278755
217,18329749,1,440000,0,,,3492.063492063492,2026-01-26 00:34:39.282203
218,15459304,1,520000,0,,,3466.6666666666665,2026-01-26 00:34:39.287265
219,12825807,1,750000,0,,,4545.454545454545,2026-01-26 00:34:39.291227
220,17399165,1,520000,0,,,5000.0,2026-01-26 00:34:39.294834
221,17300149,1,425000,0,,,3373.0158730158732,2026-01-26 00:34:39.298328
222,17299851,1,820000,0,,,6456.692913385827,2026-01-26 00:34:39.302136
223,19245055,1,690000,0,,,4600.0,2026-01-26 00:34:39.306640
224,18296369,1,760000,0,,,4967.320261437909,2026-01-26 00:34:39.310171
225,18296368,1,820000,0,,,4659.090909090909,2026-01-26 00:34:39.313372
226,18180361,1,395000,0,,,2821.4285714285716,2026-01-26 00:34:39.316723
227,18316805,1,510000,0,,,6000.0,2026-01-26 00:34:39.321944
228,17417930,1,720000,0,,,2627.7372262773724,2026-01-26 00:34:39.326553
229,17066666,1,565000,0,,,7337.662337662337,2026-01-26 00:34:39.330019
230,18876608,1,470000,0,,,5164.8351648351645,2026-01-26 00:34:39.333019
231,17480337,1,550000,0,,,2391.304347826087,2026-01-26 00:34:39.337164
232,18818675,1,3600000,0,,,9000.0,2026-01-26 00:34:39.341012
233,18282892,1,1550000,0,,,3229.1666666666665,2026-01-26 00:34:39.344410
234,19023245,1,445000,0,,,5174.418604651163,2026-01-26 00:34:39.348281
235,19023242,1,405000,0,,,4709.302325581395,2026-01-26 00:34:39.352698
236,19023239,1,370000,0,,,4457.831325301205,2026-01-26 00:34:39.360524
237,18214003,1,540000,0,,,3913.0434782608695,2026-01-26 00:34:39.363741
238,18214001,1,369000,0,,,3925.531914893617,2026-01-26 00:34:39.366796
239,19030081,1,480000,0,,,5333.333333333333,2026-01-26 00:34:39.371445
240,19073884,1,275000,0,,,3235.294117647059,2026-01-26 00:34:39.375298
241,17081119,1,1300000,0,,,8125.0,2026-01-26 00:34:39.378603
242,15485312,1,917000,0,,,4801.047120418848,2026-01-26 00:34:39.382698
243,18722957,1,325000,0,,,2685.9504132231405,2026-01-26 00:34:39.387503
244,18679491,1,278000,0,,,3564.102564102564,2026-01-26 00:34:39.391403
245,18385651,1,360000,0,,,1800.0,2026-01-26 00:34:39.394911
246,14869612,1,1300000,0,,,10000.0,2026-01-26 00:34:39.397992
247,10984219,1,430000,0,,,3071.4285714285716,2026-01-26 00:34:39.401075
248,18102081,1,155000,0,,,1867.4698795180723,2026-01-26 00:34:39.405468
249,18502350,1,2500000,0,,,12953.36787564767,2026-01-26 00:34:39.409037
250,18502349,1,2400000,0,,,12435.233160621761,2026-01-26 00:34:39.411879
251,18102002,1,510000,0,,,4636.363636363636,2026-01-26 00:34:39.420160
252,18101998,1,410000,0,,,4226.80412371134,2026-01-26 00:34:39.424549
253,18411850,1,732750,0,,,7477.040816326531,2026-01-26 00:34:39.428184
254,18411848,1,900000,0,,,7500.0,2026-01-26 00:34:39.432733
255,17259898,1,470000,0,,,4519.2307692307695,2026-01-26 00:34:39.438085
256,17259858,1,850000,0,,,8018.867924528302,2026-01-26 00:34:39.442592
257,18411847,1,659500,0,,,6729.591836734694,2026-01-26 00:34:39.446135
258,18411846,1,810000,0,,,6750.0,2026-01-26 00:34:39.449550
259,18102292,1,400000,0,,,2614.37908496732,2026-01-26 00:34:39.454496
260,18351885,1,670000,0,,,5037.5939849624065,2026-01-26 00:34:39.458965
261,17755690,1,225000,0,,,3571.4285714285716,2026-01-26 00:34:39.462229
262,17144122,1,1100000,0,,,9909.90990990991,2026-01-26 00:34:39.465300
263,18876613,1,1080000,0,,,5744.68085106383,2026-01-26 00:34:39.469496
264,18876612,1,1020000,0,,,5573.770491803279,2026-01-26 00:34:39.473621
265,18876611,1,1050000,0,,,5645.1612903225805,2026-01-26 00:34:39.477047
266,18533632,1,750000,1,770000,0.0,4687.5,2026-01-26 00:34:39.480272
267,18256363,1,900000,0,,,6122.448979591837,2026-01-26 00:34:39.483338
268,17683578,1,750000,0,,,2707.581227436823,2026-01-26 00:34:39.487450
269,14195297,1,1200000,0,,,7500.0,2026-01-26 00:34:39.491006
270,19067735,1,318400,0,,,4030.3797468354433,2026-01-26 00:34:39.494103
271,18351883,1,660000,0,,,4962.4060150375935,2026-01-26 00:34:39.497098
272,14563797,1,530000,0,,,3785.714285714286,2026-01-26 00:34:39.500187
273,18188343,1,230000,0,,,3066.6666666666665,2026-01-26 00:34:39.504883
274,14740319,1,565000,0,,,5000.0,2026-01-26 00:34:39.508618
275,18651260,1,450000,0,,,2500.0,2026-01-26 00:34:39.511898
276,19116680,1,280000,0,,,4666.666666666667,2026-01-26 00:34:39.514862
277,18393145,1,340000,0,,,6415.094339622641,2026-01-26 00:34:39.518018
278,17162289,1,3500000,0,,,15555.555555555555,2026-01-26 00:34:39.522648
279,18430769,1,450000,0,,,3461.5384615384614,2026-01-26 00:34:39.525745
280,17691403,1,650000,0,,,5909.090909090909,2026-01-26 00:34:39.528730
281,15757628,1,920000,0,,,4842.105263157895,2026-01-26 00:34:39.531826
282,18213998,1,387000,1,414000,0.0,4300.0,2026-01-26 00:34:39.534915
283,13366544,1,1000000,0,,,4651.162790697675,2026-01-26 00:34:39.538933
284,18213999,1,365000,1,405000,0.0,4147.727272727273,2026-01-26 00:34:39.542947
285,18213994,1,396000,1,423000,0.0,4400.0,2026-01-26 00:34:39.546018
286,18303713,1,600000,0,,,5660.377358490566,2026-01-26 00:34:39.549141
287,16738102,1,620000,0,,,6526.315789473684,2026-01-26 00:34:39.553034
288,18882638,1,540000,0,,,5294.117647058823,2026-01-26 00:34:39.556784
289,18549291,1,295000,0,,,2783.0188679245284,2026-01-26 00:34:39.559940
290,17199833,1,390000,0,,,2888.8888888888887,2026-01-26 00:34:39.563260
291,14921389,1,2250000,0,,,10514.018691588784,2026-01-26 00:34:39.566540
292,11879462,1,2000000,0,,,8695.652173913044,2026-01-26 00:34:39.571212
293,15089076,1,1650000,0,,,6991.525423728814,2026-01-26 00:34:39.575706
294,13979859,1,340000,0,,,3238.095238095238,2026-01-26 00:34:39.578843
295,18759737,1,107000,0,,,3566.6666666666665,2026-01-26 00:34:39.581826
296,18732586,1,150000,0,,,2272.7272727272725,2026-01-26 00:34:39.585590
297,18784988,1,575000,0,,,5989.583333333333,2026-01-26 00:34:39.589935
298,18454167,1,420000,0,,,6000.0,2026-01-26 00:34:39.593355
299,18454162,1,310000,0,,,5849.056603773585,2026-01-26 00:34:39.596704
300,18454161,1,275000,0,,,5392.156862745098,2026-01-26 00:34:39.599611
301,16454989,1,2000000,0,,,5000.0,2026-01-26 00:34:41.346022
302,13366579,1,400000,0,,,2564.102564102564,2026-01-26 00:34:41.349647
303,18256384,1,470000,0,,,1525.974025974026,2026-01-26 00:34:41.357632
304,17520337,1,1200000,0,,,3636.3636363636365,2026-01-26 00:34:41.361220
305,14884075,1,1200000,0,,,6000.0,2026-01-26 00:34:41.364590
306,18102430,1,250000,0,,,3012.0481927710844,2026-01-26 00:34:41.368282
307,16489349,1,870000,0,,,6692.307692307692,2026-01-26 00:34:41.373280
308,18840765,1,470000,0,,,3430.6569343065694,2026-01-26 00:34:41.377478
309,16925711,1,1280000,0,,,7231.6384180790965,2026-01-26 00:34:41.380689
310,18303485,1,500000,0,,,3333.3333333333335,2026-01-26 00:34:41.384480
311,15313920,1,1160000,0,,,5800.0,2026-01-26 00:34:41.389464
312,18814397,1,1200000,0,,,2285.714285714286,2026-01-26 00:34:41.393289
313,18214105,1,420000,0,,,3818.181818181818,2026-01-26 00:34:41.396498
314,17165341,1,1258000,0,,,9530.30303030303,2026-01-26 00:34:41.399862
315,17165340,1,960000,0,,,7500.0,2026-01-26 00:34:41.404276
316,17088618,1,1900000,0,,,11875.0,2026-01-26 00:34:41.408306
317,17162222,1,1000000,0,,,7812.5,2026-01-26 00:34:41.411437
318,16400354,1,525000,0,,,3697.1830985915494,2026-01-26 00:34:41.414558
319,18485797,1,580000,0,,,5800.0,2026-01-26 00:34:41.417969
320,17162216,1,990000,0,,,7983.870967741936,2026-01-26 00:34:41.422350
321,18766058,1,350000,0,,,2258.064516129032,2026-01-26 00:34:41.426065
322,18485800,1,570000,0,,,4871.794871794872,2026-01-26 00:34:41.429167
323,18485799,1,590000,0,,,5042.735042735043,2026-01-26 00:34:41.432292
324,18485798,1,610000,0,,,5213.675213675214,2026-01-26 00:34:41.436646
325,18337590,1,596000,0,,,5137.931034482759,2026-01-26 00:34:41.440366
326,18337602,1,572000,0,,,4931.0344827586205,2026-01-26 00:34:41.443758
327,18337592,1,370000,0,,,4352.941176470588,2026-01-26 00:34:41.446931
328,18337595,1,565000,0,,,4788.135593220339,2026-01-26 00:34:41.450100
329,18337599,1,580000,0,,,4915.254237288135,2026-01-26 00:34:41.454642
330,18337600,1,695000,0,,,4793.103448275862,2026-01-26 00:34:41.457873
331,18337593,1,380000,0,,,4470.588235294118,2026-01-26 00:34:41.460964
332,18337597,1,360000,0,,,4500.0,2026-01-26 00:34:41.464093
333,18337591,1,350000,0,,,4375.0,2026-01-26 00:34:41.467134
334,18337596,1,370000,0,,,4625.0,2026-01-26 00:34:41.471919
335,17353621,1,1850000,0,,,8604.651162790698,2026-01-26 00:34:41.475834
336,18337594,1,395000,0,,,4647.058823529412,2026-01-26 00:34:41.478968
337,18188133,1,625000,0,,,4921.259842519685,2026-01-26 00:34:41.481997
338,17199839,1,730000,0,,,4932.4324324324325,2026-01-26 00:34:41.485492
339,16958550,1,660000,0,,,5500.0,2026-01-26 00:34:41.489327
340,16958549,1,550000,0,,,5288.461538461538,2026-01-26 00:34:41.492431
341,16958548,1,520000,0,,,5000.0,2026-01-26 00:34:41.495559
342,16958545,1,480000,0,,,5106.382978723404,2026-01-26 00:34:41.498562
343,16958546,1,490000,0,,,5212.765957446809,2026-01-26 00:34:41.501530
344,18102428,1,230000,0,,,2300.0,2026-01-26 00:34:41.506641
345,19146610,1,365000,0,,,4562.5,2026-01-26 00:34:41.510776
346,18102099,1,300000,0,,,1675.977653631285,2026-01-26 00:34:41.514113
347,17162221,1,880000,0,,,7857.142857142857,2026-01-26 00:34:41.517451
348,17088620,1,2100000,0,,,12883.435582822085,2026-01-26 00:34:41.521878
349,18102293,1,220000,0,,,4400.0,2026-01-26 00:34:41.525637
350,16385057,1,420000,0,,,3281.25,2026-01-26 00:34:41.528567
351,17162220,1,1120000,0,,,8358.208955223881,2026-01-26 00:34:41.537456
352,16958547,1,510000,0,,,5425.531914893617,2026-01-26 00:34:41.541569
353,17162215,1,900000,0,,,7692.307692307692,2026-01-26 00:34:41.544944
354,18102218,1,575000,0,,,4049.2957746478874,2026-01-26 00:34:41.548453
355,18619428,1,185000,1,190000,0.0,3425.925925925926,2026-01-26 00:34:41.552326
356,17088622,1,1750000,0,,,11075.949367088608,2026-01-26 00:34:41.556127
357,18282797,1,600000,0,,,5660.377358490566,2026-01-26 00:34:41.560201
358,18282796,1,820000,0,,,5503.355704697987,2026-01-26 00:34:41.563639
359,18282795,1,560000,0,,,5283.018867924528,2026-01-26 00:34:41.566927
360,18282794,1,525000,0,,,4952.830188679245,2026-01-26 00:34:41.571499
361,17200126,1,2500000,0,,,4629.62962962963,2026-01-26 00:34:41.575472
362,16529423,1,440000,0,,,3928.5714285714284,2026-01-26 00:34:41.578899
363,17162217,1,1370000,0,,,9716.312056737588,2026-01-26 00:34:41.582207
364,17162214,1,950000,0,,,8407.079646017699,2026-01-26 00:34:41.585930
365,17246265,1,800000,0,,,5970.149253731343,2026-01-26 00:34:41.590614
366,17246264,1,820000,0,,,5857.142857142857,2026-01-26 00:34:41.593822
367,17246260,1,715000,0,,,5500.0,2026-01-26 00:34:41.596892
368,19023650,1,580000,0,,,3333.3333333333335,2026-01-26 00:34:41.600183
369,17246263,1,450000,0,,,4945.054945054945,2026-01-26 00:34:41.604337
370,17246262,1,440000,0,,,4888.888888888889,2026-01-26 00:34:41.608110
371,18870678,1,870000,0,,,5918.367346938776,2026-01-26 00:34:41.611412
372,18870677,1,560000,0,,,5490.196078431372,2026-01-26 00:34:41.614530
373,18870676,1,500000,0,,,4901.9607843137255,2026-01-26 00:34:41.617674
374,18863444,1,650000,0,,,5652.173913043478,2026-01-26 00:34:41.622565
375,18863446,1,280000,0,,,5600.0,2026-01-26 00:34:41.626021
376,16983167,1,685000,0,,,1957.142857142857,2026-01-26 00:34:41.629079
377,18870675,1,450000,0,,,4736.8421052631575,2026-01-26 00:34:41.632388
378,17208465,1,350000,0,,,2692.3076923076924,2026-01-26 00:34:41.636614
379,18752823,1,700000,0,,,5035.971223021583,2026-01-26 00:34:41.640523
380,18863448,1,620000,0,,,5166.666666666667,2026-01-26 00:34:41.643825
381,18863447,1,630000,0,,,5431.0344827586205,2026-01-26 00:34:41.646870
382,18863445,1,310000,0,,,5166.666666666667,2026-01-26 00:34:41.649904
383,17199816,1,760000,0,,,4550.898203592815,2026-01-26 00:34:41.654525
384,17199822,1,1050000,0,,,4883.720930232558,2026-01-26 00:34:41.658414
385,18386094,1,375000,0,,,3504.6728971962616,2026-01-26 00:34:41.661918
386,17253628,1,1200000,0,,,7185.62874251497,2026-01-26 00:34:41.665315
387,17199820,1,710000,0,,,4863.013698630137,2026-01-26 00:34:41.669522
388,15992449,1,460000,0,,,4842.105263157895,2026-01-26 00:34:41.674267
389,17199818,1,680000,0,,,4657.534246575343,2026-01-26 00:34:41.677966
390,18411067,1,220000,0,,,2558.139534883721,2026-01-26 00:34:41.681460
391,17199819,1,440000,0,,,4631.578947368421,2026-01-26 00:34:41.685633
392,16454979,1,1680000,0,,,7304.347826086957,2026-01-26 00:34:41.690093
393,16510078,1,620000,0,,,4397.163120567376,2026-01-26 00:34:41.694465
394,18102695,1,290000,0,,,3717.948717948718,2026-01-26 00:34:41.698035
395,18732587,1,3250000,0,,,8125.0,2026-01-26 00:34:41.702182
396,18372504,1,500000,0,,,3571.4285714285716,2026-01-26 00:34:41.706992
397,18372502,1,480000,0,,,4137.931034482759,2026-01-26 00:34:41.710519
398,18372503,1,500000,0,,,3759.3984962406016,2026-01-26 00:34:41.713770
399,17200128,1,2500000,0,,,5319.148936170212,2026-01-26 00:34:41.716984
400,18502235,1,570000,0,,,5700.0,2026-01-26 00:34:41.721705
401,18779228,1,1750000,0,,,7000.0,2026-01-26 00:34:41.729745
402,18549226,1,440000,0,,,4036.697247706422,2026-01-26 00:34:41.734171
403,18802998,1,310000,0,,,3195.8762886597938,2026-01-26 00:34:41.742250
404,18695843,1,780000,0,,,3768.1159420289855,2026-01-26 00:34:41.746342
405,18737850,1,285000,0,,,3562.5,2026-01-26 00:34:41.749838
406,19061770,1,460000,0,,,3046.3576158940396,2026-01-26 00:34:41.754941
407,19041829,1,670000,0,,,4466.666666666667,2026-01-26 00:34:41.758726
408,17099442,1,593000,0,,,4782.258064516129,2026-01-26 00:34:41.762650
409,17099439,1,600000,0,,,4800.0,2026-01-26 00:34:41.766186
410,18289663,1,265000,0,,,3630.1369863013697,2026-01-26 00:34:41.771320
411,16139751,1,1000000,1,1140000,0.0,2638.5224274406332,2026-01-26 00:34:41.775416
412,18188355,1,230000,0,,,3709.6774193548385,2026-01-26 00:34:41.779103
413,18350621,1,250000,0,,,2118.64406779661,2026-01-26 00:34:41.782954
414,18479529,1,924000,0,,,5500.0,2026-01-26 00:34:41.788002
415,18679417,1,1400000,0,,,2611.9402985074626,2026-01-26 00:34:41.792299
416,18411877,1,495000,0,,,7071.428571428572,2026-01-26 00:34:41.796489
417,16738051,1,1500000,0,,,6000.0,2026-01-26 00:34:41.799787
418,18242254,1,240000,0,,,7500.0,2026-01-26 00:34:41.804589
419,18358941,1,2300000,0,,,4791.666666666667,2026-01-26 00:34:41.808555
420,15619515,1,360000,0,,,3396.2264150943397,2026-01-26 00:34:41.811965
421,18537476,1,97000,0,,,5705.882352941177,2026-01-26 00:34:41.815147
422,17608770,1,265000,0,,,1606.060606060606,2026-01-26 00:34:41.819028
423,17078835,1,178000,0,,,3955.5555555555557,2026-01-26 00:34:41.822808
424,17387556,1,400000,0,,,3076.923076923077,2026-01-26 00:34:41.826435
425,18333540,1,260000,0,,,2600.0,2026-01-26 00:34:41.829674
426,17155233,1,980000,0,,,5297.2972972972975,2026-01-26 00:34:41.832787
427,17070675,1,3500000,0,,,2058.823529411765,2026-01-26 00:34:41.836894
428,16833862,1,310000,0,,,2743.362831858407,2026-01-26 00:34:41.841177
429,19047280,1,210000,0,,,3043.478260869565,2026-01-26 00:34:41.844371
430,18741570,1,217000,0,,,2782.051282051282,2026-01-26 00:34:41.847510
431,17809500,1,360000,0,,,3050.8474576271187,2026-01-26 00:34:41.850490
432,18748990,1,214500,0,,,2785.714285714286,2026-01-26 00:34:41.854613
433,16835098,1,1100000,0,,,6547.619047619048,2026-01-26 00:34:41.858419
434,18410800,1,145000,0,,,1318.1818181818182,2026-01-26 00:34:41.861631
435,18492617,1,95000,0,,,1938.7755102040817,2026-01-26 00:34:41.865032
436,18715501,1,360000,1,380000,0.0,1285.7142857142858,2026-01-26 00:34:41.868631
437,18911660,1,75000,0,,,1500.0,2026-01-26 00:34:41.872735
438,19072743,1,250000,0,,,2314.814814814815,2026-01-26 00:34:41.876104
439,18007284,1,275000,0,,,2235.7723577235774,2026-01-26 00:34:41.879527
440,18262000,1,700000,0,,,3181.818181818182,2026-01-26 00:34:41.882698
441,18200926,1,620000,0,,,2583.3333333333335,2026-01-26 00:34:41.886532
442,17987744,1,540000,0,,,2093.0232558139537,2026-01-26 00:34:41.890244
443,17758015,1,2100000,0,,,5250.0,2026-01-26 00:34:41.893552
444,18517640,1,340000,0,,,2428.5714285714284,2026-01-26 00:34:41.896536
445,18879187,1,750000,0,,,4098.360655737705,2026-01-26 00:34:41.899688
446,15064243,1,1750000,0,,,8495.14563106796,2026-01-26 00:34:41.903871
447,18830660,1,590000,0,,,10000.0,2026-01-26 00:34:41.907142
448,17347360,1,1100000,0,,,3055.5555555555557,2026-01-26 00:34:41.910796
449,18429995,1,280000,1,290000,0.0,3589.74358974359,2026-01-26 00:34:41.913993
450,17071406,1,210000,0,,,2592.5925925925926,2026-01-26 00:34:41.916890
451,18785027,1,290000,0,,,2929.2929292929293,2026-01-26 00:34:41.926494
452,17224847,1,700000,0,,,2800.0,2026-01-26 00:34:41.931546
453,2633683,1,2000000,0,,,3333.3333333333335,2026-01-26 00:34:41.935343
454,17235766,1,750000,0,,,3138.0753138075315,2026-01-26 00:34:41.939546
455,8341801,1,1700000,0,,,9189.18918918919,2026-01-26 00:34:41.942979
456,17274714,1,950000,0,,,3653.846153846154,2026-01-26 00:34:41.946080
457,16967583,1,650000,0,,,4140.127388535032,2026-01-26 00:34:41.949410
458,16814998,1,2900000,0,,,4264.705882352941,2026-01-26 00:34:41.954014
459,14914745,1,1600000,0,,,3827.751196172249,2026-01-26 00:34:41.957911
460,16967600,1,500000,0,,,4385.964912280701,2026-01-26 00:34:41.961195
461,17359244,1,650000,0,,,2321.4285714285716,2026-01-26 00:34:41.964428
462,17359103,1,950000,0,,,1900.0,2026-01-26 00:34:41.967582
463,17183047,1,480000,0,,,1307.9019073569482,2026-01-26 00:34:41.971827
464,12040304,1,1400000,0,,,2545.4545454545455,2026-01-26 00:34:41.975276
465,17302726,1,730000,0,,,2085.714285714286,2026-01-26 00:34:41.978399
466,15087055,1,750000,0,,,1612.9032258064517,2026-01-26 00:34:41.981922
467,2135899,1,1000000,0,,,2500.0,2026-01-26 00:34:41.986358
468,17364181,1,550000,0,,,1325.301204819277,2026-01-26 00:34:41.990317
469,19052849,1,2200000,0,,,3666.6666666666665,2026-01-26 00:34:41.993672
470,18211513,1,880000,0,,,2716.0493827160494,2026-01-26 00:34:41.997002
471,14031511,1,590000,0,,,2950.0,2026-01-26 00:34:42.000050
472,14883434,1,490000,0,,,2300.4694835680752,2026-01-26 00:34:42.005084
473,1003622,1,700000,0,,,1891.8918918918919,2026-01-26 00:34:42.008590
474,17412571,1,490000,0,,,3379.310344827586,2026-01-26 00:34:42.011699
475,17117353,1,260000,0,,,3170.731707317073,2026-01-26 00:34:42.014803
476,16810651,1,1350000,0,,,2812.5,2026-01-26 00:34:42.018308
477,19046259,1,1000000,0,,,3571.4285714285716,2026-01-26 00:34:42.023185
478,9461910,1,1200000,0,,,2285.714285714286,2026-01-26 00:34:42.027032
479,17590465,1,400000,0,,,2962.962962962963,2026-01-26 00:34:42.030566
480,19052350,1,780000,0,,,2600.0,2026-01-26 00:34:42.033669
481,17396882,1,470000,0,,,2107.6233183856502,2026-01-26 00:34:42.038200
482,15065346,1,1500000,0,,,4838.709677419355,2026-01-26 00:34:42.041516
483,14943083,1,1500000,0,,,9375.0,2026-01-26 00:34:42.044557
484,16987052,1,2250000,0,,,7500.0,2026-01-26 00:34:42.047558
485,17602572,1,515000,0,,,4598.214285714285,2026-01-26 00:34:42.050586
486,17602564,1,445000,0,,,5114.942528735633,2026-01-26 00:34:42.054847
487,17602557,1,500000,0,,,4464.285714285715,2026-01-26 00:34:42.058856
488,17602590,1,430000,0,,,4942.528735632184,2026-01-26 00:34:42.064764
489,17602585,1,370000,0,,,4252.873563218391,2026-01-26 00:34:42.068512
490,11580797,1,1350000,0,,,4909.090909090909,2026-01-26 00:34:42.072803
491,19052705,1,360000,0,,,1285.7142857142858,2026-01-26 00:34:42.075943
492,18595205,1,720000,0,,,1358.4905660377358,2026-01-26 00:34:42.079062
493,16810604,1,1150000,0,,,6117.021276595745,2026-01-26 00:34:42.082207
494,18368745,1,395000,0,,,2598.684210526316,2026-01-26 00:34:42.086524
495,15065042,1,800000,0,,,3347.2803347280333,2026-01-26 00:34:42.090322
496,16810634,1,980000,0,,,2578.9473684210525,2026-01-26 00:34:42.093873
497,17500331,1,670000,0,,,3059.3607305936075,2026-01-26 00:34:42.097052
498,17926924,1,500000,0,,,2551.0204081632655,2026-01-26 00:34:42.100190
499,1567897,1,650000,0,,,3421.0526315789475,2026-01-26 00:34:42.104539
500,17500054,1,890000,0,,,3296.296296296296,2026-01-26 00:34:42.107816
501,16815067,1,1500000,0,,,2542.3728813559323,2026-01-26 00:34:42.115582
502,3106684,1,680000,0,,,2042.042042042042,2026-01-26 00:34:42.120016
503,16993916,1,350000,0,,,4320.9876543209875,2026-01-26 00:34:42.124824
504,16993896,1,480000,0,,,4363.636363636364,2026-01-26 00:34:42.128086
505,16810776,1,1000000,0,,,3030.3030303030305,2026-01-26 00:34:42.131167
506,17901845,1,260000,0,,,4642.857142857143,2026-01-26 00:34:42.134561
507,15070096,1,1350000,0,,,2454.5454545454545,2026-01-26 00:34:42.138912
508,17467945,1,500000,0,,,4166.666666666667,2026-01-26 00:34:42.142802
509,17467590,1,765000,0,,,1613.9240506329113,2026-01-26 00:34:42.146264
510,17865065,1,270000,0,,,2700.0,2026-01-26 00:34:42.149447
511,17500173,1,850000,0,,,3035.714285714286,2026-01-26 00:34:42.154070
512,18725257,1,420000,0,,,3360.0,2026-01-26 00:34:42.158427
513,3498394,1,800000,0,,,2758.6206896551726,2026-01-26 00:34:42.161876
514,17500251,1,739000,0,,,4347.058823529412,2026-01-26 00:34:42.165083
515,13465663,1,790000,0,,,3434.782608695652,2026-01-26 00:34:42.169277
516,18322723,1,1200000,0,,,5660.377358490566,2026-01-26 00:34:42.173511
517,17538708,1,1300000,0,,,2708.3333333333335,2026-01-26 00:34:42.176892
518,16815032,1,1390000,0,,,4633.333333333333,2026-01-26 00:34:42.179911
519,17467536,1,1300000,0,,,3513.5135135135133,2026-01-26 00:34:42.182923
520,13425696,1,3500000,0,,,2058.823529411765,2026-01-26 00:34:42.187286
521,17850643,1,350000,0,,,2713.1782945736436,2026-01-26 00:34:42.190948
522,17538720,1,1100000,0,,,3142.8571428571427,2026-01-26 00:34:42.194539
523,16815028,1,4100000,0,,,5209.656925031766,2026-01-26 00:34:42.197632
524,17467027,1,190000,0,,,422.22222222222223,2026-01-26 00:34:42.200891
525,19247873,1,190000,0,,,2533.3333333333335,2026-01-26 00:34:42.205250
526,18912318,1,370000,0,,,3109.2436974789916,2026-01-26 00:34:42.208585
527,18313484,1,315000,0,,,3028.846153846154,2026-01-26 00:34:42.211768
528,19114266,1,152000,0,,,1767.4418604651162,2026-01-26 00:34:42.214930
529,18967673,1,350000,0,,,2822.5806451612902,2026-01-26 00:34:42.218970
530,19114403,1,189000,0,,,2223.529411764706,2026-01-26 00:34:42.222714
531,19110503,1,70000,0,,,1076.923076923077,2026-01-26 00:34:42.226164
532,18910011,1,195000,0,,,1695.6521739130435,2026-01-26 00:34:42.229244
533,19067962,1,218000,0,,,2725.0,2026-01-26 00:34:42.232346
534,19067917,1,182000,0,,,2275.0,2026-01-26 00:34:42.236317
535,18386017,1,280000,0,,,2616.822429906542,2026-01-26 00:34:42.240219
536,18567423,1,520000,0,,,2260.8695652173915,2026-01-26 00:34:42.243558
537,17008913,1,260000,0,,,2363.6363636363635,2026-01-26 00:34:42.246728
538,16127227,1,370000,0,,,3700.0,2026-01-26 00:34:42.249986
539,18703366,1,780000,1,815000,0.0,9873.417721518987,2026-01-26 00:34:42.254872
540,17937278,1,1150000,0,,,2875.0,2026-01-26 00:34:42.258474
541,18967195,1,460000,0,,,3066.6666666666665,2026-01-26 00:34:42.261776
542,18735669,1,499000,0,,,3198.7179487179487,2026-01-26 00:34:42.264960
543,18314655,1,480000,0,,,3000.0,2026-01-26 00:34:42.268190
544,17986044,1,175000,0,,,2187.5,2026-01-26 00:34:42.272339
545,17143834,1,149000,0,,,1655.5555555555557,2026-01-26 00:34:42.275558
546,17015660,1,250000,0,,,1666.6666666666667,2026-01-26 00:34:42.278905
547,19032129,1,280000,0,,,2745.098039215686,2026-01-26 00:34:42.282438
548,18912686,1,630000,0,,,4012.7388535031846,2026-01-26 00:34:42.286883
549,18912667,1,350000,0,,,3804.3478260869565,2026-01-26 00:34:42.290741
550,18912668,1,370000,0,,,4021.7391304347825,2026-01-26 00:34:42.294018
551,18912672,1,225000,0,,,4017.8571428571427,2026-01-26 00:34:42.302865
552,14912680,1,185000,0,,,1594.8275862068965,2026-01-26 00:34:42.308095
553,18459802,1,190000,0,,,3166.6666666666665,2026-01-26 00:34:42.311675
554,19029730,1,3000000,0,,,4243.281471004243,2026-01-26 00:34:42.314771
555,18832225,1,175000,0,,,1666.6666666666667,2026-01-26 00:34:42.318477
556,18887663,1,160000,1,170000,0.0,1600.0,2026-01-26 00:34:42.322567
557,18814440,1,80000,0,,,1333.3333333333333,2026-01-26 00:34:42.326569
558,18526133,1,125000,0,,,1760.5633802816901,2026-01-26 00:34:42.330120
559,18507817,1,70000,0,,,1521.7391304347825,2026-01-26 00:34:42.333538
560,19041179,1,248000,0,,,2530.612244897959,2026-01-26 00:34:42.339666
561,17812845,1,280000,0,,,1806.4516129032259,2026-01-26 00:34:42.343816
562,19096165,1,145000,0,,,3222.222222222222,2026-01-26 00:34:42.347878
563,16595990,1,500000,0,,,2272.7272727272725,2026-01-26 00:34:42.354016
564,18213432,1,300000,0,,,1807.2289156626507,2026-01-26 00:34:42.361941
565,19041171,1,125000,0,,,2450.9803921568628,2026-01-26 00:34:42.365186
566,18462511,1,182000,0,,,3033.3333333333335,2026-01-26 00:34:42.369234
567,15596822,1,120000,0,,,1224.4897959183672,2026-01-26 00:34:42.374013
568,19047912,1,109000,0,,,1472.972972972973,2026-01-26 00:34:42.377607
569,15793694,1,400000,0,,,2962.962962962963,2026-01-26 00:34:42.381156
570,18000277,1,225000,0,,,2295.918367346939,2026-01-26 00:34:42.385130
571,19067275,1,110000,0,,,1896.551724137931,2026-01-26 00:34:42.389610
572,19061253,1,145000,0,,,3452.3809523809523,2026-01-26 00:34:42.393404
573,19047939,1,49500,0,,,1767.857142857143,2026-01-26 00:34:42.396757
574,17661175,1,325000,0,,,2685.9504132231405,2026-01-26 00:34:42.400388
575,19242109,1,500000,0,,,2000.0,2026-01-26 00:34:42.405102
576,19029520,1,129000,0,,,2580.0,2026-01-26 00:34:42.408794
577,16630159,1,199000,0,,,1895.2380952380952,2026-01-26 00:34:42.412741
578,16954929,1,198000,0,,,1800.0,2026-01-26 00:34:42.416049
579,17995941,1,185000,0,,,1887.7551020408164,2026-01-26 00:34:42.420275
580,18716542,1,249500,0,,,4301.724137931034,2026-01-26 00:34:42.424044
581,18716507,1,244500,0,,,4215.517241379311,2026-01-26 00:34:42.427360
582,18716426,1,234500,0,,,4043.103448275862,2026-01-26 00:34:42.430549
583,18311363,1,180000,0,,,4000.0,2026-01-26 00:34:42.434235
584,16494096,1,180000,0,,,2500.0,2026-01-26 00:34:42.438913
585,18027684,1,110000,0,,,2200.0,2026-01-26 00:34:42.443457
586,18779457,1,150000,0,,,1764.7058823529412,2026-01-26 00:34:42.446869
587,17986187,1,270000,0,,,3000.0,2026-01-26 00:34:42.450608
588,16954842,1,179500,0,,,2087.2093023255816,2026-01-26 00:34:42.456947
589,17700207,1,159000,0,,,1939.0243902439024,2026-01-26 00:34:42.460097
590,18286567,1,185000,0,,,2371.7948717948716,2026-01-26 00:34:42.463309
591,15786705,1,195000,0,,,2267.4418604651164,2026-01-26 00:34:42.466459
592,17463736,1,92000,0,,,1373.134328358209,2026-01-26 00:34:42.470658
593,17959581,1,380000,0,,,3800.0,2026-01-26 00:34:42.474914
594,17906420,1,185000,0,,,2642.8571428571427,2026-01-26 00:34:42.478540
595,17547860,1,230000,0,,,1483.8709677419354,2026-01-26 00:34:42.481624
596,17684209,1,75000,1,85000,0.0,974.025974025974,2026-01-26 00:34:42.485565
597,18348417,1,60000,0,,,967.741935483871,2026-01-26 00:34:42.490176
598,18020264,1,200000,0,,,2469.135802469136,2026-01-26 00:34:42.493517
599,17919468,1,3500000,0,,,8083.140877598153,2026-01-26 00:34:42.496884
600,18839760,1,520000,0,,,4406.779661016949,2026-01-26 00:34:42.500034
601,14052936,1,50000,0,,,1000.0,2026-01-26 00:34:44.132819
602,18457257,1,43000,0,,,1131.578947368421,2026-01-26 00:34:44.137246
603,18553867,1,1400000,0,,,8000.0,2026-01-26 00:34:44.141316
604,18553526,1,1400000,0,,,6829.268292682927,2026-01-26 00:34:44.144462
605,17854084,1,2200000,0,,,9777.777777777777,2026-01-26 00:34:44.147528
606,17231138,1,690000,1,750000,0.0,4928.571428571428,2026-01-26 00:34:44.150686
607,18531802,1,1455000,0,,,9831.081081081082,2026-01-26 00:34:44.155527
608,18785020,1,1080000,0,,,3857.1428571428573,2026-01-26 00:34:44.159555
609,17837048,1,2200000,0,,,13095.238095238095,2026-01-26 00:34:44.163034
610,18679621,1,1130000,0,,,6141.304347826087,2026-01-26 00:34:44.166310
611,18856328,1,470000,0,,,3983.0508474576272,2026-01-26 00:34:44.170637
612,18704101,1,1980000,0,,,8918.918918918918,2026-01-26 00:34:44.174164
613,17365789,1,250000,0,,,3125.0,2026-01-26 00:34:44.177448
614,19070922,1,160000,0,,,2133.3333333333335,2026-01-26 00:34:44.180600
615,18854524,1,630000,0,,,6176.470588235294,2026-01-26 00:34:44.183930
616,18011052,1,3500000,0,,,14644.351464435147,2026-01-26 00:34:44.188442
617,18628846,1,1300000,0,,,7558.139534883721,2026-01-26 00:34:44.192279
618,18835566,1,642000,0,,,6000.0,2026-01-26 00:34:44.195509
619,18526459,1,1300000,0,,,7647.058823529412,2026-01-26 00:34:44.198527
620,18533530,1,1620000,0,,,9818.181818181818,2026-01-26 00:34:44.201915
621,18410225,1,1600000,0,,,4000.0,2026-01-26 00:34:44.206247
622,18854432,1,560000,0,,,5185.185185185185,2026-01-26 00:34:44.209344
623,17943943,1,1650000,0,,,8918.918918918918,2026-01-26 00:34:44.212692
624,18531925,1,1120000,0,,,9333.333333333334,2026-01-26 00:34:44.215991
625,18533823,1,990000,0,,,7983.870967741936,2026-01-26 00:34:44.219557
626,19059998,1,1120000,0,,,6666.666666666667,2026-01-26 00:34:44.223834
627,16797545,1,2800000,0,,,12173.91304347826,2026-01-26 00:34:44.227495
628,19040194,1,1850000,0,,,8604.651162790698,2026-01-26 00:34:44.230592
629,17841854,1,5200000,0,,,18181.81818181818,2026-01-26 00:34:44.233732
630,17013320,1,1220000,0,,,7530.864197530864,2026-01-26 00:34:44.238099
631,13541827,1,2750000,0,,,5500.0,2026-01-26 00:34:44.241800
632,10721411,1,1800000,0,,,5538.461538461538,2026-01-26 00:34:44.244949
633,16493086,1,400000,0,,,5633.802816901409,2026-01-26 00:34:44.248167
634,18814572,1,460000,0,,,2875.0,2026-01-26 00:34:44.251592
635,18783899,1,430000,0,,,2097.560975609756,2026-01-26 00:34:44.256980
636,17666934,1,205000,0,,,4019.607843137255,2026-01-26 00:34:44.260361
637,15378548,1,350000,0,,,3977.2727272727275,2026-01-26 00:34:44.263522
638,19029191,1,340000,0,,,3148.1481481481483,2026-01-26 00:34:44.266851
639,19054351,1,290000,0,,,2660.5504587155965,2026-01-26 00:34:44.271676
640,19029437,1,450000,0,,,6000.0,2026-01-26 00:34:44.275064
641,19047380,1,420000,0,,,7000.0,2026-01-26 00:34:44.278483
642,19069690,1,200000,0,,,3225.8064516129034,2026-01-26 00:34:44.281832
643,18811364,1,400000,0,,,3100.7751937984494,2026-01-26 00:34:44.285553
644,19023910,1,260000,0,,,3058.823529411765,2026-01-26 00:34:44.289683
645,19066593,1,280000,0,,,3333.3333333333335,2026-01-26 00:34:44.293415
646,18868139,1,280000,0,,,2153.846153846154,2026-01-26 00:34:44.296591
647,16568299,1,2900000,0,,,4264.705882352941,2026-01-26 00:34:44.300008
648,19251770,1,185000,0,,,2176.470588235294,2026-01-26 00:34:44.304286
649,18764768,1,530000,0,,,3925.925925925926,2026-01-26 00:34:44.307860
650,18294404,1,395000,0,,,3038.4615384615386,2026-01-26 00:34:44.310968
651,18791852,1,128000,0,,,2844.4444444444443,2026-01-26 00:34:44.344406
652,18775586,1,1750000,0,,,6481.481481481482,2026-01-26 00:34:44.348574
653,18727300,1,750000,0,,,2808.9887640449438,2026-01-26 00:34:44.353131
654,18681710,1,360000,0,,,4615.384615384615,2026-01-26 00:34:44.360528
655,18685978,1,2400000,0,,,9022.556390977443,2026-01-26 00:34:44.363952
656,2536325,1,1100000,0,,,3142.8571428571427,2026-01-26 00:34:44.367478
657,18727200,1,980000,0,,,4260.869565217391,2026-01-26 00:34:44.373065
658,13564757,1,720000,0,,,2400.0,2026-01-26 00:34:44.377563
659,16855583,1,890000,0,,,3201.438848920863,2026-01-26 00:34:44.381174
660,18614664,1,350000,0,,,3043.478260869565,2026-01-26 00:34:44.384278
661,18758806,1,292000,0,,,10428.57142857143,2026-01-26 00:34:44.388937
662,17683112,1,220000,0,,,4680.851063829788,2026-01-26 00:34:44.392843
663,16758483,1,219000,0,,,2607.1428571428573,2026-01-26 00:34:44.396398
664,18972632,1,300000,0,,,3000.0,2026-01-26 00:34:44.399763
665,17899460,1,485000,0,,,4575.471698113208,2026-01-26 00:34:44.404084
666,16343122,1,280000,0,,,2545.4545454545455,2026-01-26 00:34:44.408009
667,17959219,1,840000,0,,,5793.103448275862,2026-01-26 00:34:44.411160
668,18285212,1,500000,0,,,4065.040650406504,2026-01-26 00:34:44.414555
669,18625351,1,330000,0,,,2500.0,2026-01-26 00:34:44.417979
670,18687584,1,270000,0,,,1719.7452229299363,2026-01-26 00:34:44.422147
671,19063779,1,3200,0,,,320.0,2026-01-26 00:34:44.425775
672,19115046,1,120000,0,,,3157.8947368421054,2026-01-26 00:34:44.429030
673,17228563,1,380000,0,,,4750.0,2026-01-26 00:34:44.432375
674,16232975,1,400000,0,,,5555.555555555556,2026-01-26 00:34:44.436775
675,18133644,1,188000,0,,,2540.5405405405404,2026-01-26 00:34:44.441261
676,18377500,1,550000,0,,,5445.544554455446,2026-01-26 00:34:44.444846
677,15979494,1,650000,0,,,3250.0,2026-01-26 00:34:44.448123
678,16737374,1,1100000,0,,,2182.5396825396824,2026-01-26 00:34:44.451591
679,14933142,1,445000,0,,,4587.628865979382,2026-01-26 00:34:44.455661
680,18803122,1,240000,0,,,4705.882352941177,2026-01-26 00:34:44.458874
681,17670068,1,385000,0,,,4476.7441860465115,2026-01-26 00:34:44.462017
682,18500385,1,139000,1,149000,0.0,1737.5,2026-01-26 00:34:44.465142
683,17494630,1,230000,0,,,3150.6849315068494,2026-01-26 00:34:44.468518
684,18500840,1,440000,0,,,4782.608695652174,2026-01-26 00:34:44.472988
685,18890922,1,550000,0,,,4954.954954954955,2026-01-26 00:34:44.476568
686,18453901,1,165000,1,185000,0.0,1701.0309278350514,2026-01-26 00:34:44.479863
687,18498939,1,225000,0,,,4500.0,2026-01-26 00:34:44.482990
688,19240930,1,850000,0,,,4358.974358974359,2026-01-26 00:34:44.487789
689,18241860,1,190000,0,,,3653.846153846154,2026-01-26 00:34:44.491842
690,15908653,1,650000,0,,,2708.3333333333335,2026-01-26 00:34:44.495159
691,18897903,1,660000,0,,,5789.473684210527,2026-01-26 00:34:44.498275
692,18783866,1,650000,0,,,3823.529411764706,2026-01-26 00:34:44.502422
693,19241424,1,1250000,0,,,8865.248226950354,2026-01-26 00:34:44.506961
694,19046400,1,500000,0,,,3937.0078740157483,2026-01-26 00:34:44.510402
695,18866452,1,485000,0,,,4369.369369369369,2026-01-26 00:34:44.513656
696,14874383,1,170000,0,,,3400.0,2026-01-26 00:34:44.516679
697,18004454,1,525000,0,,,4525.862068965517,2026-01-26 00:34:44.520735
698,17102493,1,865000,0,,,6705.426356589147,2026-01-26 00:34:44.524777
699,18821785,1,390000,0,,,3513.5135135135133,2026-01-26 00:34:44.527973
700,18738211,1,205000,0,,,4019.607843137255,2026-01-26 00:34:44.530768
701,18899791,1,385000,0,,,4753.086419753086,2026-01-26 00:34:44.574928
702,18683275,1,200000,0,,,2777.777777777778,2026-01-26 00:34:44.579313
703,16870458,1,300000,0,,,3092.783505154639,2026-01-26 00:34:44.582677
704,19240688,1,590000,0,,,4836.065573770492,2026-01-26 00:34:44.587581
705,17992311,1,440000,0,,,5301.204819277108,2026-01-26 00:34:44.591002
706,18867477,1,360000,0,,,3364.4859813084113,2026-01-26 00:34:44.594386
707,18422408,1,380000,0,,,3762.3762376237623,2026-01-26 00:34:44.597762
708,17215634,1,560000,0,,,6021.5053763440865,2026-01-26 00:34:44.601293
709,19178240,1,790000,0,,,6475.4098360655735,2026-01-26 00:34:44.605549
710,19146568,1,310000,0,,,3483.14606741573,2026-01-26 00:34:44.609762
711,18899658,1,445000,0,,,4890.10989010989,2026-01-26 00:34:44.612963
712,18902632,1,590000,0,,,7108.433734939759,2026-01-26 00:34:44.616037
713,18887166,1,830000,0,,,6014.492753623188,2026-01-26 00:34:44.623184
714,18529094,1,1650000,0,,,6111.111111111111,2026-01-26 00:34:44.626685
715,18833709,1,570000,0,,,2111.1111111111113,2026-01-26 00:34:44.630032
716,18656258,1,575000,0,,,7467.532467532467,2026-01-26 00:34:44.633231
717,18721559,1,365000,0,,,2354.8387096774195,2026-01-26 00:34:44.637219
718,18771063,1,250000,0,,,3086.41975308642,2026-01-26 00:34:44.641667
719,18513342,1,470000,0,,,3916.6666666666665,2026-01-26 00:34:44.644991
720,18720509,1,450000,0,,,3000.0,2026-01-26 00:34:44.648022
721,18529668,1,380000,0,,,2992.1259842519685,2026-01-26 00:34:44.651452
722,18166887,1,310000,1,340000,0.0,3563.2183908045977,2026-01-26 00:34:44.655899
723,18410578,1,1700000,0,,,5704.697986577181,2026-01-26 00:34:44.659120
724,18371133,1,830000,0,,,2593.75,2026-01-26 00:34:44.662473
725,19069676,1,755200,0,,,5900.0,2026-01-26 00:34:44.665610
726,18488500,1,480000,0,,,6315.789473684211,2026-01-26 00:34:44.669868
727,18814163,1,350000,0,,,1881.720430107527,2026-01-26 00:34:44.673856
728,17939562,1,850000,0,,,3400.0,2026-01-26 00:34:44.677482
729,18601093,1,205000,0,,,2180.851063829787,2026-01-26 00:34:44.680546
730,18905605,1,1650000,0,,,10000.0,2026-01-26 00:34:44.683698
731,18532308,1,125000,0,,,2659.574468085106,2026-01-26 00:34:44.687921
732,18135424,1,3280000,0,,,2749.371332774518,2026-01-26 00:34:44.691123
733,18016262,1,260000,0,,,3058.823529411765,2026-01-26 00:34:44.694302
734,18835834,1,180000,0,,,3600.0,2026-01-26 00:34:44.697310
735,18468546,1,680000,0,,,4533.333333333333,2026-01-26 00:34:44.700272
736,8981061,1,1600000,0,,,3809.5238095238096,2026-01-26 00:34:44.705544
737,17057351,1,450000,0,,,3750.0,2026-01-26 00:34:44.710034
738,17834330,1,4900000,0,,,3948.4286865431104,2026-01-26 00:34:44.713348
739,18774223,1,400000,0,,,3703.703703703704,2026-01-26 00:34:44.716890
740,18446087,1,2300000,0,,,12105.263157894737,2026-01-26 00:34:44.721780
741,18064611,1,780000,0,,,2600.0,2026-01-26 00:34:44.725745
742,14301117,1,1750000,0,,,8254.716981132075,2026-01-26 00:34:44.728954
743,4802183,1,3500000,0,,,2187.5,2026-01-26 00:34:44.732014
744,16042647,1,1100000,0,,,6666.666666666667,2026-01-26 00:34:44.735987
745,9710175,1,1800000,0,,,5000.0,2026-01-26 00:34:44.740554
746,18546577,1,1950000,0,,,4054.054054054054,2026-01-26 00:34:44.743806
747,16966741,1,730000,0,,,2085.714285714286,2026-01-26 00:34:44.747050
748,12205342,1,5000000,0,,,3846.153846153846,2026-01-26 00:34:44.750277
749,5761287,1,2200000,0,,,3666.6666666666665,2026-01-26 00:34:44.754776
750,10389770,1,2800000,0,,,2545.4545454545455,2026-01-26 00:34:44.758672
751,16643311,1,1855000,0,,,7000.0,2026-01-26 00:34:44.780560
752,16126479,1,790000,0,,,2590.1639344262294,2026-01-26 00:34:44.784718
753,2661959,1,1300000,0,,,3250.0,2026-01-26 00:34:44.790269
754,18512664,1,300000,0,,,2941.176470588235,2026-01-26 00:34:44.793846
755,17699644,1,590000,0,,,3806.451612903226,2026-01-26 00:34:44.797197
756,17126131,1,820000,0,,,2645.1612903225805,2026-01-26 00:34:44.801083
757,11691417,1,7500000,0,,,7500.0,2026-01-26 00:34:44.805456
758,18758720,1,350000,0,,,3608.2474226804125,2026-01-26 00:34:44.809595
759,18437878,1,700000,0,,,5147.058823529412,2026-01-26 00:34:44.813548
760,17726202,1,460000,0,,,4339.622641509434,2026-01-26 00:34:44.817038
761,17338978,1,1300000,0,,,4062.5,2026-01-26 00:34:44.821682
762,15489339,1,1850000,0,,,7708.333333333333,2026-01-26 00:34:44.825758
763,16104734,1,1300000,0,,,6842.105263157895,2026-01-26 00:34:44.828811
764,17818629,1,458000,0,,,4534.653465346535,2026-01-26 00:34:44.832153
765,19095212,1,1450000,0,,,6041.666666666667,2026-01-26 00:34:44.836374
766,12187099,1,1350000,0,,,2177.4193548387098,2026-01-26 00:34:44.840101
767,17473178,1,1200000,0,,,5660.377358490566,2026-01-26 00:34:44.843709
768,17221019,1,1200000,0,,,5714.285714285715,2026-01-26 00:34:44.846977
769,16104872,1,1225000,0,,,6250.0,2026-01-26 00:34:44.850177
770,17748816,1,2200000,0,,,7857.142857142857,2026-01-26 00:34:44.854669
771,13853611,1,3500000,0,,,6363.636363636364,2026-01-26 00:34:44.858589
772,17499991,1,789000,0,,,4993.670886075949,2026-01-26 00:34:44.861933
773,18478453,1,360000,0,,,3130.4347826086955,2026-01-26 00:34:44.865108
774,17748842,1,3100000,1,3300000,0.0,7750.0,2026-01-26 00:34:44.868851
775,17495012,1,450000,0,,,4945.054945054945,2026-01-26 00:34:44.872623
776,18467285,1,289500,0,,,4523.4375,2026-01-26 00:34:44.876574
777,18710583,1,185000,0,,,2312.5,2026-01-26 00:34:44.879793
778,17714257,1,610000,0,,,5213.675213675214,2026-01-26 00:34:44.882906
779,5367842,1,4500000,0,,,2045.4545454545455,2026-01-26 00:34:44.887390
780,19251711,1,290000,0,,,2283.464566929134,2026-01-26 00:34:44.890951
781,19247817,1,750000,0,,,2830.188679245283,2026-01-26 00:34:44.894157
782,18539854,1,140000,1,145000,0.0,2153.846153846154,2026-01-26 00:34:44.897431
783,19099166,1,205000,0,,,2500.0,2026-01-26 00:34:44.900493
784,15297718,1,2100000,0,,,8936.170212765957,2026-01-26 00:34:44.904696
785,18840074,1,65000,0,,,1911.764705882353,2026-01-26 00:34:44.908836
786,15931287,1,960000,0,,,6000.0,2026-01-26 00:34:44.912223
787,18764780,1,2450000,0,,,9423.076923076924,2026-01-26 00:34:44.915697
788,15298108,1,1700000,0,,,11724.137931034482,2026-01-26 00:34:44.920144
789,18721832,1,325000,1,350000,0.0,2480.916030534351,2026-01-26 00:34:44.923719
790,18433615,1,500000,1,520000,0.0,3448.2758620689656,2026-01-26 00:34:44.927696
791,18801523,1,210000,0,,,2333.3333333333335,2026-01-26 00:34:44.931439
792,18271762,1,368000,0,,,3066.6666666666665,2026-01-26 00:34:44.934921
793,18262168,1,500000,0,,,3048.7804878048782,2026-01-26 00:34:44.939274
794,18759088,1,145000,0,,,2685.185185185185,2026-01-26 00:34:44.942755
795,18320864,1,275000,0,,,3873.239436619718,2026-01-26 00:34:44.946123
796,18444366,1,220000,0,,,4680.851063829788,2026-01-26 00:34:44.949358
797,18712664,1,350000,0,,,2941.176470588235,2026-01-26 00:34:44.953788
798,17552530,1,580000,0,,,2386.8312757201647,2026-01-26 00:34:44.957343
799,18867087,1,245000,0,,,2227.2727272727275,2026-01-26 00:34:44.960627
800,18682074,1,1200000,0,,,4285.714285714285,2026-01-26 00:34:44.963562
801,18540977,1,320000,0,,,1748.6338797814208,2026-01-26 00:34:44.973298
802,16583011,1,230000,0,,,2190.4761904761904,2026-01-26 00:34:44.977735
803,18872509,1,370000,0,,,2960.0,2026-01-26 00:34:44.981387
804,18508163,1,420000,0,,,2576.687116564417,2026-01-26 00:34:44.985428
805,18752060,1,190000,0,,,3800.0,2026-01-26 00:34:44.989784
806,18614651,1,337000,0,,,4434.210526315789,2026-01-26 00:34:44.993567
807,17883379,1,1480000,0,,,3557.6923076923076,2026-01-26 00:34:44.996979
808,18764615,1,230000,0,,,3066.6666666666665,2026-01-26 00:34:45.000325
809,18510344,1,540000,1,630000,0.0,4695.652173913043,2026-01-26 00:34:45.006269
810,18803979,1,370000,0,,,3135.593220338983,2026-01-26 00:34:45.010520
811,18115489,1,270000,0,,,1500.0,2026-01-26 00:34:45.014871
812,18828654,1,630000,1,650000,0.0,6176.470588235294,2026-01-26 00:34:45.018629
813,18971686,1,275000,0,,,6250.0,2026-01-26 00:34:45.023723
814,17850356,1,570000,0,,,1727.2727272727273,2026-01-26 00:34:45.027858
815,18971455,1,300000,0,,,3000.0,2026-01-26 00:34:45.030874
816,18410439,1,330000,0,,,4400.0,2026-01-26 00:34:45.034060
817,18145738,1,630000,0,,,6631.578947368421,2026-01-26 00:34:45.039270
818,18022021,1,600000,0,,,4000.0,2026-01-26 00:34:45.043167
819,19095906,1,330000,0,,,6600.0,2026-01-26 00:34:45.046562
820,18734248,1,390000,0,,,3513.5135135135133,2026-01-26 00:34:45.049770
821,17886399,1,190000,0,,,3877.5510204081634,2026-01-26 00:34:45.053822
822,18839339,1,275000,0,,,3985.5072463768115,2026-01-26 00:34:45.057661
823,18764650,1,90000,0,,,2571.4285714285716,2026-01-26 00:34:45.060771
824,18877379,1,410000,0,,,3727.2727272727275,2026-01-26 00:34:45.063925
825,17946172,1,125000,0,,,2358.490566037736,2026-01-26 00:34:45.067160
826,18371362,1,850000,0,,,2361.1111111111113,2026-01-26 00:34:45.071563
827,18036827,1,105000,0,,,2019.2307692307693,2026-01-26 00:34:45.075812
828,18518471,1,49000,0,,,1289.4736842105262,2026-01-26 00:34:45.079517
829,19061195,1,240000,0,,,4000.0,2026-01-26 00:34:45.082612
830,19061296,1,450000,0,,,4500.0,2026-01-26 00:34:45.086273
831,15469298,1,320000,0,,,2335.7664233576643,2026-01-26 00:34:45.090780
832,18047536,1,500000,0,,,4000.0,2026-01-26 00:34:45.093983
833,18132943,1,1350000,0,,,8231.707317073171,2026-01-26 00:34:45.097135
834,17812623,1,585000,0,,,4178.571428571428,2026-01-26 00:34:45.100517
835,17812366,1,710000,0,,,2028.5714285714287,2026-01-26 00:34:45.104785
836,17812542,1,1800000,0,,,4137.931034482759,2026-01-26 00:34:45.108248
837,18359057,1,675000,0,,,4500.0,2026-01-26 00:34:45.111807
838,18751761,1,1900000,0,,,3584.9056603773583,2026-01-26 00:34:45.115205
839,17812267,1,620000,0,,,4052.2875816993464,2026-01-26 00:34:45.119420
840,17812159,1,440000,0,,,2650.602409638554,2026-01-26 00:34:45.123256
841,17958196,1,1030000,0,,,4813.084112149532,2026-01-26 00:34:45.126330
842,17813044,1,1430000,0,,,4766.666666666667,2026-01-26 00:34:45.129296
843,17940466,1,490000,0,,,3576.6423357664235,2026-01-26 00:34:45.132343
844,17812037,1,2900000,0,,,4264.705882352941,2026-01-26 00:34:45.136435
845,17811638,1,2700000,0,,,9782.608695652174,2026-01-26 00:34:45.140079
846,18286090,1,960000,0,,,4660.194174757282,2026-01-26 00:34:45.143604
847,18016039,1,2700000,0,,,3600.0,2026-01-26 00:34:45.146740
848,17812167,1,2300000,0,,,2948.7179487179487,2026-01-26 00:34:45.149752
849,17812832,1,300000,0,,,4000.0,2026-01-26 00:34:45.154030
850,17812733,1,1400000,0,,,4444.444444444444,2026-01-26 00:34:45.157305
851,17811259,1,3300000,0,,,4125.0,2026-01-26 00:34:45.166029
852,17944542,1,1250000,0,,,2556.237218813906,2026-01-26 00:34:45.171233
853,17811192,1,2900000,0,,,5800.0,2026-01-26 00:34:45.175220
854,18164764,1,880000,1,980000,0.0,2866.4495114006513,2026-01-26 00:34:45.178946
855,18540912,1,365000,0,,,860.8490566037735,2026-01-26 00:34:45.182482
856,17811894,1,1500000,0,,,4054.054054054054,2026-01-26 00:34:45.186947
857,17812349,1,1950000,0,,,3513.5135135135133,2026-01-26 00:34:45.190628
858,17812929,1,1950000,0,,,4333.333333333333,2026-01-26 00:34:45.193780
859,17812913,1,2000000,0,,,2222.222222222222,2026-01-26 00:34:45.197002
860,17811835,1,590000,0,,,3806.451612903226,2026-01-26 00:34:45.200252
861,19165088,1,780000,0,,,2600.0,2026-01-26 00:34:45.207002
862,17858354,1,2500000,0,,,4166.666666666667,2026-01-26 00:34:45.210688
863,18227452,1,1000000,0,,,2222.222222222222,2026-01-26 00:34:45.214090
864,17811474,1,1650000,0,,,7500.0,2026-01-26 00:34:45.217457
865,17812393,1,2600000,0,,,4000.0,2026-01-26 00:34:45.222190
866,17812145,1,590000,0,,,2950.0,2026-01-26 00:34:45.225350
867,17812382,1,500000,0,,,1204.8192771084337,2026-01-26 00:34:45.228813
868,17812921,1,1800000,0,,,4500.0,2026-01-26 00:34:45.231845
869,18592432,1,500000,0,,,4629.62962962963,2026-01-26 00:34:45.235819
870,17811967,1,9000000,0,,,7500.0,2026-01-26 00:34:45.240190
871,17811584,1,1450000,0,,,7073.170731707317,2026-01-26 00:34:45.243564
872,17811963,1,1550000,0,,,2818.181818181818,2026-01-26 00:34:45.246648
873,17812298,1,1550000,0,,,6739.130434782609,2026-01-26 00:34:45.249845
874,17964289,1,2380000,0,,,10258.620689655172,2026-01-26 00:34:45.253774
875,17812022,1,460000,0,,,1243.2432432432433,2026-01-26 00:34:45.257478
876,17812113,1,2000000,0,,,3418.803418803419,2026-01-26 00:34:45.260920
877,18972028,1,648000,0,,,4984.615384615385,2026-01-26 00:34:45.264197
878,18633192,1,670000,0,,,2126.9841269841268,2026-01-26 00:34:45.267458
879,17883104,1,225000,0,,,4411.764705882353,2026-01-26 00:34:45.272297
880,16081460,1,220000,0,,,3437.5,2026-01-26 00:34:45.276597
881,18971767,1,650000,0,,,4333.333333333333,2026-01-26 00:34:45.280224
882,17809412,1,2071000,0,,,9500.0,2026-01-26 00:34:45.283300
883,17808913,1,1000000,0,,,7751.937984496124,2026-01-26 00:34:45.287406
884,18971414,1,487000,0,,,5729.411764705882,2026-01-26 00:34:45.291192
885,18897257,1,150000,0,,,2054.794520547945,2026-01-26 00:34:45.294414
886,18891250,1,400000,0,,,5555.555555555556,2026-01-26 00:34:45.297586
887,18891224,1,620000,0,,,6078.431372549019,2026-01-26 00:34:45.300803
888,18274956,1,360000,0,,,1028.5714285714287,2026-01-26 00:34:45.305339
889,19050708,1,490000,0,,,3379.310344827586,2026-01-26 00:34:45.309194
890,19115708,1,335000,0,,,5877.19298245614,2026-01-26 00:34:45.312373
891,18418025,1,525000,0,,,4565.217391304348,2026-01-26 00:34:45.315486
892,18418087,1,485000,0,,,4110.169491525424,2026-01-26 00:34:45.319052
893,18418062,1,440000,0,,,4536.082474226804,2026-01-26 00:34:45.323432
894,18418105,1,370000,0,,,4404.761904761905,2026-01-26 00:34:45.326625
895,19021266,1,180000,0,,,1800.0,2026-01-26 00:34:45.329653
896,17726859,1,330000,0,,,4583.333333333333,2026-01-26 00:34:45.332768
897,17666481,1,210000,0,,,4038.4615384615386,2026-01-26 00:34:45.336756
898,17652702,1,550000,0,,,2750.0,2026-01-26 00:34:45.340781
899,18682397,1,320000,0,,,2077.9220779220777,2026-01-26 00:34:45.344226
900,16921988,1,220000,0,,,2200.0,2026-01-26 00:34:45.347380
901,18896925,1,365000,0,,,3967.391304347826,2026-01-26 00:34:47.141976
902,18008530,1,395000,0,,,3291.6666666666665,2026-01-26 00:34:47.145928
903,17325185,1,295000,0,,,3041.237113402062,2026-01-26 00:34:47.149695
904,18759430,1,315000,0,,,3181.818181818182,2026-01-26 00:34:47.154402
905,18606973,1,63000,0,,,1312.5,2026-01-26 00:34:47.158921
906,18850548,1,170000,0,,,1111.111111111111,2026-01-26 00:34:47.162442
907,19032244,1,330000,0,,,4125.0,2026-01-26 00:34:47.165670
908,18765579,1,300000,0,,,3529.4117647058824,2026-01-26 00:34:47.169934
909,17485414,1,500000,0,,,4504.504504504504,2026-01-26 00:34:47.173818
910,18752847,1,600000,0,,,3488.3720930232557,2026-01-26 00:34:47.177306
911,19065217,1,750000,0,,,7653.061224489796,2026-01-26 00:34:47.180849
912,17390811,1,1250000,0,,,7485.029940119761,2026-01-26 00:34:47.185113
913,18802709,1,159000,1,165000,0.0,2120.0,2026-01-26 00:34:47.189576
914,19242885,1,180000,0,,,2769.230769230769,2026-01-26 00:34:47.193437
915,18816131,1,700000,0,,,3043.478260869565,2026-01-26 00:34:47.261970
916,19163278,1,208000,0,,,2971.4285714285716,2026-01-26 00:34:47.269709
917,17366800,1,780000,0,,,6666.666666666667,2026-01-26 00:34:47.276095
918,19229526,1,215000,0,,,2792.2077922077924,2026-01-26 00:34:47.281113
919,18838200,1,483000,0,,,4928.571428571428,2026-01-26 00:34:47.287248
920,18806188,1,430000,0,,,4095.2380952380954,2026-01-26 00:34:47.292970
921,19118809,1,330000,0,,,3113.2075471698113,2026-01-26 00:34:47.298490
922,18809846,1,470000,0,,,4433.962264150943,2026-01-26 00:34:47.305352
923,19164371,1,390000,0,,,2932.3308270676694,2026-01-26 00:34:47.310236
924,18530313,1,830000,0,,,4068.627450980392,2026-01-26 00:34:47.314813
925,18392581,1,220000,1,240000,0.0,2417.5824175824177,2026-01-26 00:34:47.321065
926,17283805,1,295000,0,,,3390.8045977011493,2026-01-26 00:34:47.327293
927,19065302,1,390000,0,,,3277.3109243697477,2026-01-26 00:34:47.332708
928,17008944,1,420000,0,,,6086.95652173913,2026-01-26 00:34:47.340214
929,19038909,1,395000,0,,,4540.229885057472,2026-01-26 00:34:47.347330
930,13984918,1,250000,0,,,1736.111111111111,2026-01-26 00:34:47.353607
931,18785438,1,400000,0,,,3478.2608695652175,2026-01-26 00:34:47.360406
932,18529104,1,110000,0,,,2619.0476190476193,2026-01-26 00:34:47.365937
933,18842590,1,298000,0,,,3634.1463414634145,2026-01-26 00:34:47.371452
934,17264676,1,1950000,0,,,3750.0,2026-01-26 00:34:47.375819
935,17263654,1,360000,0,,,4137.931034482759,2026-01-26 00:34:47.379098
936,19038358,1,1950000,0,,,9241.706161137441,2026-01-26 00:34:47.382842
937,18916817,1,345000,0,,,2429.5774647887324,2026-01-26 00:34:47.387530
938,18918502,1,600000,0,,,3529.4117647058824,2026-01-26 00:34:47.391819
939,19073827,1,280000,0,,,3333.3333333333335,2026-01-26 00:34:47.396947
940,18971789,1,429000,0,,,3064.285714285714,2026-01-26 00:34:47.404995
941,19028179,1,420000,0,,,3230.769230769231,2026-01-26 00:34:47.409934
942,18972705,1,455000,0,,,2808.641975308642,2026-01-26 00:34:47.414503
943,19021358,1,295000,0,,,2587.719298245614,2026-01-26 00:34:47.418906
944,19070968,1,150000,0,,,3260.8695652173915,2026-01-26 00:34:47.424585
945,17215534,1,235000,0,,,4700.0,2026-01-26 00:34:47.427987
946,17264675,1,440000,0,,,2528.735632183908,2026-01-26 00:34:47.431284
947,17227877,1,2200000,0,,,11167.51269035533,2026-01-26 00:34:47.436159
948,17227979,1,1500000,0,,,11450.381679389313,2026-01-26 00:34:47.441767
949,17227739,1,276000,0,,,4000.0,2026-01-26 00:34:47.445716
950,19023163,1,259000,0,,,1660.2564102564102,2026-01-26 00:34:47.449256
951,18790952,1,750000,0,,,3571.4285714285716,2026-01-26 00:34:47.461054
952,19116464,1,135000,0,,,2700.0,2026-01-26 00:34:47.464822
953,18757648,1,280000,0,,,3544.3037974683543,2026-01-26 00:34:47.468838
954,17264688,1,1455000,0,,,9831.081081081082,2026-01-26 00:34:47.473263
955,17768506,1,500000,0,,,4032.2580645161293,2026-01-26 00:34:47.477151
956,18828991,1,820000,0,,,2636.6559485530547,2026-01-26 00:34:47.480786
957,18746098,1,520000,0,,,4031.0077519379847,2026-01-26 00:34:47.484281
958,19096131,1,100000,0,,,2000.0,2026-01-26 00:34:47.488675
959,18723050,1,880000,0,,,4583.333333333333,2026-01-26 00:34:47.492903
960,18720643,1,360000,0,,,3636.3636363636365,2026-01-26 00:34:47.496900
961,17214995,1,695000,0,,,6619.047619047619,2026-01-26 00:34:47.500631
962,18853941,1,750000,0,,,5434.782608695652,2026-01-26 00:34:47.505156
963,18853868,1,440000,0,,,4313.725490196079,2026-01-26 00:34:47.508766
964,16950138,1,110000,0,,,2500.0,2026-01-26 00:34:47.512071
965,19061289,1,280000,0,,,3888.8888888888887,2026-01-26 00:34:47.515365
966,19061264,1,330000,0,,,3837.2093023255816,2026-01-26 00:34:47.520060
967,18843510,1,190000,0,,,3725.4901960784314,2026-01-26 00:34:47.523929
968,18840233,1,270000,0,,,3552.6315789473683,2026-01-26 00:34:47.527199
969,17235618,1,225000,1,245000,0.0,1347.3053892215569,2026-01-26 00:34:47.530343
970,18204544,1,340000,0,,,2615.3846153846152,2026-01-26 00:34:47.533533
971,19094198,1,170000,0,,,1545.4545454545455,2026-01-26 00:34:47.537274
972,16846792,1,320000,0,,,2666.6666666666665,2026-01-26 00:34:47.541471
973,17154637,1,290000,0,,,6170.212765957447,2026-01-26 00:34:47.544772
974,18683568,1,660000,0,,,4400.0,2026-01-26 00:34:47.548041
975,17629292,1,255000,0,,,2833.3333333333335,2026-01-26 00:34:47.551545
976,19172788,1,555000,0,,,4404.761904761905,2026-01-26 00:34:47.556222
977,18828733,1,250000,0,,,3125.0,2026-01-26 00:34:47.559867
978,18679120,1,450000,0,,,3000.0,2026-01-26 00:34:47.563540
979,18113019,1,184000,1,190000,0.0,3228.0701754385964,2026-01-26 00:34:47.566818
980,19045955,1,430000,0,,,2945.205479452055,2026-01-26 00:34:47.571068
981,18280357,1,270000,0,,,2076.923076923077,2026-01-26 00:34:47.574705
982,17071035,1,395000,0,,,2821.4285714285716,2026-01-26 00:34:47.577859
983,18453992,1,265000,0,,,1827.5862068965516,2026-01-26 00:34:47.581034
984,18053369,1,650000,0,,,2914.798206278027,2026-01-26 00:34:47.584353
985,18818313,1,780000,0,,,5492.957746478874,2026-01-26 00:34:47.588754
986,18325617,1,380000,0,,,5205.479452054795,2026-01-26 00:34:47.592525
987,17153779,1,420000,0,,,4565.217391304348,2026-01-26 00:34:47.596199
988,17147687,1,290000,0,,,2636.3636363636365,2026-01-26 00:34:47.599242
989,19070337,1,340000,0,,,2764.2276422764226,2026-01-26 00:34:47.603301
990,16520503,1,550000,0,,,1285.0467289719627,2026-01-26 00:34:47.607544
991,18802839,1,560000,1,610000,0.0,5333.333333333333,2026-01-26 00:34:47.610804
992,17308904,1,1200000,0,,,5581.395348837209,2026-01-26 00:34:47.613883
993,19050561,1,185000,0,,,1796.116504854369,2026-01-26 00:34:47.616909
994,19119199,1,295000,0,,,3277.777777777778,2026-01-26 00:34:47.621803
995,17747878,1,1158800,0,,,8458.39416058394,2026-01-26 00:34:47.625630
996,17759251,1,1391845,0,,,9468.333333333334,2026-01-26 00:34:47.628837
997,17112697,1,1700000,0,,,8173.076923076923,2026-01-26 00:34:47.631943
998,17112518,1,1300000,0,,,5306.122448979592,2026-01-26 00:34:47.635339
999,18614870,1,810000,0,,,4909.090909090909,2026-01-26 00:34:47.639721
1000,19116766,1,220000,0,,,3142.8571428571427,2026-01-26 00:34:47.642594
1001,19069458,1,140000,0,,,2000.0,2026-01-26 00:34:47.651283
1002,19114040,1,92000,0,,,1803.921568627451,2026-01-26 00:34:47.656396
1003,18772229,1,410000,1,430000,0.0,4100.0,2026-01-26 00:34:47.661522
1004,18752215,1,385000,0,,,4277.777777777777,2026-01-26 00:34:47.665219
1005,18887225,1,520000,0,,,4770.642201834862,2026-01-26 00:34:47.670450
1006,19116948,1,300000,0,,,2777.777777777778,2026-01-26 00:34:47.674819
1007,19029677,1,595000,0,,,3672.8395061728397,2026-01-26 00:34:47.678324
1008,19030105,1,235000,0,,,4351.851851851852,2026-01-26 00:34:47.681751
1009,18599734,1,520000,0,,,5000.0,2026-01-26 00:34:47.686658
1010,18552519,1,370000,0,,,3894.7368421052633,2026-01-26 00:34:47.691423
1011,17845829,1,2600000,0,,,10077.519379844962,2026-01-26 00:34:47.694865
1012,19060194,1,75000,0,,,3125.0,2026-01-26 00:34:47.698094
1013,18821617,1,108000,0,,,2076.923076923077,2026-01-26 00:34:47.701471
1014,15142212,1,219000,0,,,3476.190476190476,2026-01-26 00:34:47.706942
1015,18245668,1,1200000,0,,,4838.709677419355,2026-01-26 00:34:47.710481
1016,18287728,1,690000,0,,,6000.0,2026-01-26 00:34:47.713880
1017,19060119,1,250000,0,,,2873.5632183908046,2026-01-26 00:34:47.716986
1018,18384317,1,1800000,0,,,4390.243902439024,2026-01-26 00:34:47.721410
1019,18919687,1,320000,0,,,3018.867924528302,2026-01-26 00:34:47.725357
1020,18837665,1,320000,0,,,3200.0,2026-01-26 00:34:47.728578
1021,18710617,1,1900000,0,,,10106.382978723404,2026-01-26 00:34:47.731768
1022,18810481,1,880000,0,,,4861.878453038674,2026-01-26 00:34:47.735350
1023,18810511,1,945000,0,,,5220.994475138122,2026-01-26 00:34:47.739451
1024,18745617,1,430000,0,,,5058.823529411765,2026-01-26 00:34:47.742986
1025,18827463,1,330000,0,,,3548.3870967741937,2026-01-26 00:34:47.746193
1026,18827598,1,650000,0,,,4850.746268656716,2026-01-26 00:34:47.749197
1027,17516350,1,850000,0,,,3148.1481481481483,2026-01-26 00:34:47.753650
1028,18127004,1,430000,0,,,6142.857142857143,2026-01-26 00:34:47.758032
1029,18531934,1,1950000,0,,,7358.490566037736,2026-01-26 00:34:47.761490
1030,18883774,1,1050000,0,,,5440.41450777202,2026-01-26 00:34:47.764589
1031,18743743,1,455000,0,,,3033.3333333333335,2026-01-26 00:34:47.767697
1032,19114908,1,695000,0,,,6205.357142857143,2026-01-26 00:34:47.772358
1033,18810846,1,1275000,0,,,8225.806451612903,2026-01-26 00:34:47.775699
1034,19022741,1,300000,0,,,3000.0,2026-01-26 00:34:47.778934
1035,19179772,1,695000,0,,,6881.188118811881,2026-01-26 00:34:47.781951
1036,18736088,1,1450000,0,,,4264.705882352941,2026-01-26 00:34:47.785289
1037,16800788,1,410000,0,,,4659.090909090909,2026-01-26 00:34:47.790796
1038,19230373,1,200000,0,,,4081.6326530612246,2026-01-26 00:34:47.794173
1039,18971675,1,1100000,0,,,6111.111111111111,2026-01-26 00:34:47.797598
1040,18917289,1,1100000,0,,,10000.0,2026-01-26 00:34:47.800746
1041,18600866,1,310000,0,,,4366.197183098591,2026-01-26 00:34:47.805165
1042,18498604,1,230000,0,,,3239.43661971831,2026-01-26 00:34:47.808879
1043,19052963,1,190000,0,,,3800.0,2026-01-26 00:34:47.811940
1044,17142934,1,690000,0,,,4758.620689655172,2026-01-26 00:34:47.815071
1045,17310533,1,1620000,0,,,10125.0,2026-01-26 00:34:47.819023
1046,19060252,1,140000,0,,,2500.0,2026-01-26 00:34:47.823268
1047,17057463,1,750000,0,,,5639.097744360903,2026-01-26 00:34:47.826829
1048,17747699,1,1700000,0,,,9714.285714285714,2026-01-26 00:34:47.830085
1049,19055125,1,228000,0,,,5700.0,2026-01-26 00:34:47.834697
1050,18751580,1,410000,0,,,3796.296296296296,2026-01-26 00:34:47.838556
1051,18751582,1,320000,0,,,3764.705882352941,2026-01-26 00:34:47.847799
1052,19239277,1,185000,0,,,1927.0833333333333,2026-01-26 00:34:47.852912
1053,18526976,1,1450000,0,,,5178.571428571428,2026-01-26 00:34:47.858380
1054,17271340,1,1450000,0,,,7474.226804123711,2026-01-26 00:34:47.862235
1055,17271249,1,1300000,0,,,6989.247311827957,2026-01-26 00:34:47.865555
1056,17271251,1,1300000,0,,,6989.247311827957,2026-01-26 00:34:47.868785
1057,17271330,1,900000,0,,,7142.857142857143,2026-01-26 00:34:47.872888
1058,17271319,1,850000,0,,,6746.0317460317465,2026-01-26 00:34:47.876234
1059,19069594,1,378000,0,,,5906.25,2026-01-26 00:34:47.879290
1060,17219890,1,1300000,0,,,6190.476190476191,2026-01-26 00:34:47.882639
1061,18536083,1,620000,0,,,4626.865671641791,2026-01-26 00:34:47.886448
1062,17422127,1,1200000,0,,,4897.959183673469,2026-01-26 00:34:47.890774
1063,16162061,1,1090000,0,,,2379.9126637554587,2026-01-26 00:34:47.894000
1064,18738116,1,1750000,0,,,7000.0,2026-01-26 00:34:47.896987
1065,17064737,1,290000,0,,,5178.571428571428,2026-01-26 00:34:47.900140
1066,19113027,1,595000,0,,,5666.666666666667,2026-01-26 00:34:47.904932
1067,17388069,1,470000,0,,,4086.9565217391305,2026-01-26 00:34:47.909130
1068,18721798,1,460000,0,,,2555.5555555555557,2026-01-26 00:34:47.912258
1069,18793445,1,600000,0,,,5660.377358490566,2026-01-26 00:34:47.915443
1070,19023887,1,770000,0,,,5661.764705882353,2026-01-26 00:34:47.919716
1071,19070696,1,700000,0,,,3153.153153153153,2026-01-26 00:34:47.923750
1072,18720665,1,340000,0,,,4533.333333333333,2026-01-26 00:34:47.927830
1073,17220725,1,1150000,0,,,7371.794871794872,2026-01-26 00:34:47.931263
1074,17078465,1,1350000,0,,,3750.0,2026-01-26 00:34:47.934623
1075,17078602,1,295000,0,,,2521.3675213675215,2026-01-26 00:34:47.938938
1076,18736032,1,450000,0,,,4687.5,2026-01-26 00:34:47.942712
1077,19024268,1,38000,0,,,2714.285714285714,2026-01-26 00:34:47.946107
1078,18721356,1,510000,0,,,4903.846153846154,2026-01-26 00:34:47.949370
1079,18721205,1,335000,0,,,4527.027027027027,2026-01-26 00:34:47.954294
1080,19023084,1,350000,0,,,1902.1739130434783,2026-01-26 00:34:47.960125
1081,18736060,1,205000,0,,,1915.8878504672898,2026-01-26 00:34:47.963489
1082,17022427,1,750000,0,,,6355.932203389831,2026-01-26 00:34:47.966544
1083,19073435,1,168000,0,,,2584.6153846153848,2026-01-26 00:34:47.970909
1084,18448849,1,535000,0,,,4863.636363636364,2026-01-26 00:34:47.974481
1085,18721052,1,660000,0,,,4714.285714285715,2026-01-26 00:34:47.977627
1086,18721000,1,490000,0,,,5051.546391752578,2026-01-26 00:34:47.980783
1087,18835173,1,80000,0,,,2500.0,2026-01-26 00:34:47.983963
1088,18726634,1,1050000,0,,,5000.0,2026-01-26 00:34:47.988143
1089,17078443,1,490000,0,,,4298.245614035088,2026-01-26 00:34:47.991935
1090,19230504,1,450000,0,,,4891.304347826087,2026-01-26 00:34:47.995241
1091,19057015,1,480000,0,,,4948.453608247422,2026-01-26 00:34:47.998525
1092,18701580,1,545000,0,,,2477.2727272727275,2026-01-26 00:34:48.003528
1093,18685107,1,329000,0,,,4506.8493150684935,2026-01-26 00:34:48.008221
1094,18685053,1,223000,0,,,4207.547169811321,2026-01-26 00:34:48.011508
1095,18653318,1,165000,0,,,3510.6382978723404,2026-01-26 00:34:48.014556
1096,14243700,1,155000,0,,,1409.090909090909,2026-01-26 00:34:48.017682
1097,18751407,1,120000,0,,,2000.0,2026-01-26 00:34:48.022844
1098,18771654,1,188000,0,,,1790.4761904761904,2026-01-26 00:34:48.026396
1099,16815784,1,600000,0,,,3529.4117647058824,2026-01-26 00:34:48.029511
1100,18512116,1,270000,0,,,4426.229508196721,2026-01-26 00:34:48.032486
1101,18633057,1,510000,0,,,4636.363636363636,2026-01-26 00:34:48.042894
1102,18633002,1,460000,0,,,4181.818181818182,2026-01-26 00:34:48.046369
1103,18595163,1,600000,0,,,3488.3720930232557,2026-01-26 00:34:48.049539
1104,18601168,1,510000,0,,,4722.222222222223,2026-01-26 00:34:48.054391
1105,16770118,1,300000,0,,,4285.714285714285,2026-01-26 00:34:48.059056
1106,18594772,1,87500,0,,,2916.6666666666665,2026-01-26 00:34:48.062594
1107,16779713,1,800000,0,,,2909.090909090909,2026-01-26 00:34:48.066234
1108,18588489,1,520000,0,,,5200.0,2026-01-26 00:34:48.070320
1109,18864102,1,430000,0,,,4215.686274509804,2026-01-26 00:34:48.074550
1110,18538745,1,540000,0,,,2250.0,2026-01-26 00:34:48.078173
1111,16775791,1,806806,0,,,6254.31007751938,2026-01-26 00:34:48.081845
1112,15484238,1,860000,0,,,7350.427350427351,2026-01-26 00:34:48.086725
1113,18386444,1,1100000,0,,,5069.124423963133,2026-01-26 00:34:48.090620
1114,16770339,1,1290000,0,,,6972.972972972973,2026-01-26 00:34:48.093752
1115,18539723,1,220000,0,,,2528.735632183908,2026-01-26 00:34:48.096817
1116,18531004,1,378000,0,,,2953.125,2026-01-26 00:34:48.099947
1117,18462884,1,464000,0,,,4180.18018018018,2026-01-26 00:34:48.104789
1118,18463178,1,475000,0,,,4166.666666666667,2026-01-26 00:34:48.108183
1119,18463309,1,498000,0,,,4368.421052631579,2026-01-26 00:34:48.111207
1120,18530675,1,380000,0,,,3304.3478260869565,2026-01-26 00:34:48.114200
1121,18510451,1,390000,0,,,4588.235294117647,2026-01-26 00:34:48.117323
1122,18171102,1,350000,0,,,4069.767441860465,2026-01-26 00:34:48.122425
1123,18500691,1,360000,0,,,3130.4347826086955,2026-01-26 00:34:48.126171
1124,16704954,1,455000,0,,,4945.652173913043,2026-01-26 00:34:48.129270
1125,16699323,1,355000,0,,,3988.7640449438204,2026-01-26 00:34:48.132242
1126,18826404,1,270000,0,,,2477.064220183486,2026-01-26 00:34:48.135726
1127,18524540,1,420000,0,,,3684.2105263157896,2026-01-26 00:34:48.139745
1128,18806114,1,330000,0,,,3750.0,2026-01-26 00:34:48.142969
1129,18459348,1,300000,0,,,3750.0,2026-01-26 00:34:48.146059
1130,18810455,1,280000,0,,,2692.3076923076924,2026-01-26 00:34:48.149094
1131,19036068,1,140000,0,,,2800.0,2026-01-26 00:34:48.152832
1132,19164689,1,640000,0,,,3282.051282051282,2026-01-26 00:34:48.157654
1133,19162575,1,455000,0,,,4690.721649484536,2026-01-26 00:34:48.161430
1134,19251482,1,395000,0,,,3291.6666666666665,2026-01-26 00:34:48.164795
1135,18380007,1,495000,0,,,4500.0,2026-01-26 00:34:48.168453
1136,18468346,1,260000,0,,,5416.666666666667,2026-01-26 00:34:48.172751
1137,18883034,1,75000,0,,,1209.6774193548388,2026-01-26 00:34:48.176502
1138,18879741,1,500000,0,,,1785.7142857142858,2026-01-26 00:34:48.179505
1139,18856216,1,510000,0,,,2833.3333333333335,2026-01-26 00:34:48.183012
1140,18916453,1,315000,0,,,2460.9375,2026-01-26 00:34:48.187647
1141,18715712,1,335000,0,,,2596.8992248062013,2026-01-26 00:34:48.191626
1142,18487501,1,240000,0,,,2790.6976744186045,2026-01-26 00:34:48.194765
1143,19165467,1,268000,0,,,2945.054945054945,2026-01-26 00:34:48.197748
1144,19116821,1,1380000,0,,,3399.014778325123,2026-01-26 00:34:48.200786
1145,19248730,1,345000,0,,,2782.2580645161293,2026-01-26 00:34:48.205281
1146,18312885,1,420000,0,,,3021.5827338129498,2026-01-26 00:34:48.209048
1147,16591643,1,850000,0,,,4126.21359223301,2026-01-26 00:34:48.212283
1148,18907956,1,320000,0,,,2782.608695652174,2026-01-26 00:34:48.215388
1149,18380006,1,590000,0,,,4275.36231884058,2026-01-26 00:34:48.219129
1150,18380004,1,470000,0,,,4272.727272727273,2026-01-26 00:34:48.222665
1151,19251472,1,120000,0,,,1967.2131147540983,2026-01-26 00:34:48.231551
1152,17932128,1,670000,0,,,4962.962962962963,2026-01-26 00:34:48.236652
1153,16663062,1,1100000,0,,,4119.850187265917,2026-01-26 00:34:48.240751
1154,19044872,1,735000,0,,,1547.3684210526317,2026-01-26 00:34:48.244044
1155,16612327,1,620000,0,,,7294.117647058823,2026-01-26 00:34:48.247421
1156,16591657,1,637000,0,,,7494.117647058823,2026-01-26 00:34:48.250507
1157,18453575,1,490000,0,,,5051.546391752578,2026-01-26 00:34:48.255100
1158,18690285,1,1100000,0,,,3666.6666666666665,2026-01-26 00:34:48.259296
1159,18451888,1,510000,0,,,4015.748031496063,2026-01-26 00:34:48.262446
1160,18451621,1,560000,0,,,4028.776978417266,2026-01-26 00:34:48.265807
1161,17812373,1,1200000,0,,,2580.6451612903224,2026-01-26 00:34:48.270321
1162,18765645,1,1600000,0,,,3809.5238095238096,2026-01-26 00:34:48.274117
1163,18171062,1,2300000,0,,,9200.0,2026-01-26 00:34:48.277588
1164,17812015,1,485000,0,,,2487.1794871794873,2026-01-26 00:34:48.280689
1165,18751763,1,1350000,0,,,5400.0,2026-01-26 00:34:48.283778
1166,17811856,1,2050000,0,,,10789.473684210527,2026-01-26 00:34:48.288468
1167,17888000,1,450000,0,,,4017.8571428571427,2026-01-26 00:34:48.292179
1168,18751765,1,2750000,0,,,5392.156862745098,2026-01-26 00:34:48.295204
1169,17811041,1,1460000,0,,,5840.0,2026-01-26 00:34:48.298305
1170,17812863,1,480000,0,,,3000.0,2026-01-26 00:34:48.301715
1171,18751758,1,3000000,0,,,8108.108108108108,2026-01-26 00:34:48.305930
1172,16543184,1,1300000,0,,,3661.9718309859154,2026-01-26 00:34:48.309343
1173,17983291,1,850000,0,,,2833.3333333333335,2026-01-26 00:34:48.312464
1174,17812191,1,780000,0,,,3939.3939393939395,2026-01-26 00:34:48.315682
1175,17811836,1,800000,0,,,3333.3333333333335,2026-01-26 00:34:48.319234
1176,17812435,1,700000,0,,,2800.0,2026-01-26 00:34:48.324233
1177,18295367,1,420000,0,,,3043.478260869565,2026-01-26 00:34:48.328850
1178,16619369,1,200000,0,,,2000.0,2026-01-26 00:34:48.334620
1179,18751768,1,1400000,0,,,5384.615384615385,2026-01-26 00:34:48.341311
1180,17812890,1,1350000,0,,,4909.090909090909,2026-01-26 00:34:48.344893
1181,18376171,1,900000,0,,,2500.0,2026-01-26 00:34:48.348485
1182,18900328,1,1250000,0,,,3906.25,2026-01-26 00:34:48.353250
1183,17811635,1,1150000,0,,,8214.285714285714,2026-01-26 00:34:48.358727
1184,17811490,1,1250000,0,,,4960.31746031746,2026-01-26 00:34:48.362060
1185,18713352,1,365000,0,,,2354.8387096774195,2026-01-26 00:34:48.365222
1186,16542647,1,670000,0,,,5982.142857142857,2026-01-26 00:34:48.369416
1187,17813014,1,730000,0,,,3509.6153846153848,2026-01-26 00:34:48.374355
1188,17812456,1,1400000,0,,,8333.333333333334,2026-01-26 00:34:48.377674
1189,17812441,1,890000,0,,,7416.666666666667,2026-01-26 00:34:48.380754
1190,19059670,1,2200000,0,,,3666.6666666666665,2026-01-26 00:34:48.383871
1191,17812009,1,1650000,0,,,6875.0,2026-01-26 00:34:48.388020
1192,16687083,1,2000000,0,,,5797.101449275362,2026-01-26 00:34:48.391172
1193,17812532,1,2250000,0,,,7500.0,2026-01-26 00:34:48.394159
1194,17862222,1,360000,0,,,4000.0,2026-01-26 00:34:48.397349
1195,16542498,1,1495000,0,,,4029.6495956873314,2026-01-26 00:34:48.400332
1196,19020149,1,330000,0,,,1633.6633663366338,2026-01-26 00:34:48.404808
1197,18445366,1,580000,0,,,2577.777777777778,2026-01-26 00:34:48.408740
1198,18438264,1,300000,0,,,967.741935483871,2026-01-26 00:34:48.411966
1199,18429495,1,320000,0,,,3902.439024390244,2026-01-26 00:34:48.415105
1200,18429451,1,310000,0,,,3780.487804878049,2026-01-26 00:34:48.418100
1201,18858214,1,570000,0,,,5277.777777777777,2026-01-26 00:34:50.101757
1202,17789364,1,1150000,0,,,6052.631578947368,2026-01-26 00:34:50.106855
1203,18386299,1,890000,0,,,4759.358288770053,2026-01-26 00:34:50.110608
1204,18206885,1,1300000,0,,,2888.8888888888887,2026-01-26 00:34:50.113986
1205,16399089,1,640000,0,,,5981.308411214954,2026-01-26 00:34:50.117499
1206,17777673,1,445000,0,,,4494.949494949495,2026-01-26 00:34:50.121765
1207,17829726,1,540000,0,,,2288.135593220339,2026-01-26 00:34:50.125360
1208,17764004,1,355000,0,,,3659.7938144329896,2026-01-26 00:34:50.128389
1209,18422693,1,125000,0,,,1250.0,2026-01-26 00:34:50.131799
1210,19034972,1,650000,0,,,6190.476190476191,2026-01-26 00:34:50.135403
1211,17602831,1,483000,0,,,4600.0,2026-01-26 00:34:50.139609
1212,19037134,1,1400000,0,,,4307.692307692308,2026-01-26 00:34:50.143460
1213,18309779,1,800000,0,,,5333.333333333333,2026-01-26 00:34:50.146798
1214,18693331,1,3600000,0,,,6101.6949152542375,2026-01-26 00:34:50.150007
1215,16134204,1,3800000,0,,,10000.0,2026-01-26 00:34:50.154388
1216,19094403,1,320000,0,,,4266.666666666667,2026-01-26 00:34:50.158055
1217,18286844,1,160000,0,,,3076.923076923077,2026-01-26 00:34:50.161190
1218,17221797,1,72000,0,,,1384.6153846153845,2026-01-26 00:34:50.164363
1219,18449672,1,1700000,0,,,4146.341463414634,2026-01-26 00:34:50.167661
1220,18753904,1,1080000,0,,,3857.1428571428573,2026-01-26 00:34:50.172181
1221,15769145,1,3000000,0,,,7500.0,2026-01-26 00:34:50.176148
1222,16330410,1,900000,0,,,5806.451612903225,2026-01-26 00:34:50.179597
1223,14184351,1,2550000,0,,,7285.714285714285,2026-01-26 00:34:50.182925
1224,15013301,1,585000,0,,,3774.1935483870966,2026-01-26 00:34:50.188004
1225,18870061,1,400000,0,,,3773.5849056603774,2026-01-26 00:34:50.192051
1226,18379798,1,1500000,0,,,3253.7960954446853,2026-01-26 00:34:50.196399
1227,17577877,1,1500000,0,,,6818.181818181818,2026-01-26 00:34:50.200426
1228,13470649,1,4500000,0,,,6923.076923076923,2026-01-26 00:34:50.205549
1229,18410685,1,460000,0,,,3898.3050847457625,2026-01-26 00:34:50.210143
1230,16782409,1,2380000,0,,,10347.826086956522,2026-01-26 00:34:50.220426
1231,12587866,1,2500000,0,,,4166.666666666667,2026-01-26 00:34:50.224765
1232,16597761,1,1650000,0,,,4125.0,2026-01-26 00:34:50.228429
1233,17429999,1,1150000,0,,,4791.666666666667,2026-01-26 00:34:50.232022
1234,19251440,1,375000,0,,,3504.6728971962616,2026-01-26 00:34:50.235920
1235,18300454,1,355000,0,,,2320.2614379084966,2026-01-26 00:34:50.240401
1236,18409441,1,490000,0,,,4049.586776859504,2026-01-26 00:34:50.243899
1237,18804267,1,1750000,0,,,4237.28813559322,2026-01-26 00:34:50.247144
1238,18409107,1,205000,0,,,2180.851063829787,2026-01-26 00:34:50.250577
1239,6330123,1,2100000,0,,,3500.0,2026-01-26 00:34:50.255334
1240,16237045,1,2000000,0,,,4926.108374384236,2026-01-26 00:34:50.258536
1241,16156014,1,1050000,0,,,8015.267175572519,2026-01-26 00:34:50.261762
1242,18277628,1,550000,0,,,1864.406779661017,2026-01-26 00:34:50.264836
1243,16267260,1,490000,0,,,2552.0833333333335,2026-01-26 00:34:50.267852
1244,18320307,1,640000,0,,,8101.265822784811,2026-01-26 00:34:50.271906
1245,17674442,1,680000,0,,,5714.285714285715,2026-01-26 00:34:50.275753
1246,16199848,1,650000,0,,,3333.3333333333335,2026-01-26 00:34:50.279008
1247,16199855,1,610000,0,,,5700.934579439252,2026-01-26 00:34:50.282136
1248,18533400,1,1200000,0,,,10714.285714285714,2026-01-26 00:34:50.286248
1249,18560582,1,595000,0,,,3500.0,2026-01-26 00:34:50.290315
1250,13445475,1,391400,0,,,3800.0,2026-01-26 00:34:50.293193
1251,18407581,1,420000,0,,,3559.322033898305,2026-01-26 00:34:50.303960
1252,16173889,1,410000,0,,,3280.0,2026-01-26 00:34:50.308775
1253,18356817,1,270000,1,280000,0.0,3103.448275862069,2026-01-26 00:34:50.312743
1254,18280291,1,475000,0,,,3518.5185185185187,2026-01-26 00:34:50.316564
1255,18784379,1,110000,0,,,1803.27868852459,2026-01-26 00:34:50.322221
1256,18396093,1,115000,0,,,1691.1764705882354,2026-01-26 00:34:50.326695
1257,18391559,1,335000,0,,,3602.1505376344085,2026-01-26 00:34:50.329994
1258,18524946,1,195000,0,,,2241.3793103448274,2026-01-26 00:34:50.333460
1259,16664788,1,1770000,0,,,7937.219730941704,2026-01-26 00:34:50.338590
1260,16199846,1,1100000,0,,,3793.103448275862,2026-01-26 00:34:50.342584
1261,16272792,1,305000,0,,,9838.709677419354,2026-01-26 00:34:50.345910
1262,16664825,1,790000,0,,,6929.824561403509,2026-01-26 00:34:50.349207
1263,17414636,1,129000,1,134500,0.0,2114.754098360656,2026-01-26 00:34:50.353207
1264,17615072,1,650000,0,,,4333.333333333333,2026-01-26 00:34:50.358575
1265,16267251,1,1200000,0,,,3200.0,2026-01-26 00:34:50.361711
1266,16071817,1,700000,0,,,1627.906976744186,2026-01-26 00:34:50.364722
1267,16272779,1,850000,0,,,2575.757575757576,2026-01-26 00:34:50.368113
1268,17533148,1,990000,0,,,2538.4615384615386,2026-01-26 00:34:50.372400
1269,16336466,1,395000,1,420000,0.0,6810.3448275862065,2026-01-26 00:34:50.376092
1270,18309262,1,470000,0,,,2155.9633027522937,2026-01-26 00:34:50.379321
1271,16064941,1,700000,0,,,5384.615384615385,2026-01-26 00:34:50.382503
1272,19229705,1,168000,0,,,2240.0,2026-01-26 00:34:50.387024
1273,19240335,1,108000,0,,,1894.7368421052631,2026-01-26 00:34:50.390954
1274,18301141,1,420000,0,,,4827.586206896552,2026-01-26 00:34:50.394256
1275,16047739,1,790000,0,,,7117.117117117117,2026-01-26 00:34:50.397284
1276,16012156,1,420000,0,,,3500.0,2026-01-26 00:34:50.400371
1277,16780332,1,370000,0,,,3894.7368421052633,2026-01-26 00:34:50.404674
1278,18386374,1,829000,0,,,4791.907514450867,2026-01-26 00:34:50.408450
1279,18333388,1,420000,0,,,3962.264150943396,2026-01-26 00:34:50.412060
1280,17097690,1,210000,0,,,5000.0,2026-01-26 00:34:50.415526
1281,15982813,1,490000,0,,,6363.636363636364,2026-01-26 00:34:50.419010
1282,18294718,1,330000,0,,,3975.9036144578313,2026-01-26 00:34:50.423202
1283,18294530,1,180000,0,,,3529.4117647058824,2026-01-26 00:34:50.426299
1284,18281120,1,670000,0,,,2913.0434782608695,2026-01-26 00:34:50.429407
1285,17793296,1,444000,0,,,4774.193548387097,2026-01-26 00:34:50.432605
1286,17793299,1,330000,0,,,4852.941176470588,2026-01-26 00:34:50.436459
1287,18882941,1,312000,0,,,4656.7164179104475,2026-01-26 00:34:50.441190
1288,17136191,1,550000,0,,,5445.544554455446,2026-01-26 00:34:50.444628
1289,18530207,1,460000,0,,,4181.818181818182,2026-01-26 00:34:50.447732
1290,17136189,1,800000,0,,,6666.666666666667,2026-01-26 00:34:50.451008
1291,19251400,1,410000,0,,,3796.296296296296,2026-01-26 00:34:50.455785
1292,18496751,1,450000,0,,,2173.913043478261,2026-01-26 00:34:50.459050
1293,18221611,1,210000,0,,,4375.0,2026-01-26 00:34:50.462202
1294,18221469,1,410000,0,,,4555.555555555556,2026-01-26 00:34:50.465564
1295,19251397,1,350000,0,,,4166.666666666667,2026-01-26 00:34:50.469293
1296,18307109,1,679000,0,,,5475.806451612903,2026-01-26 00:34:50.472958
1297,18307086,1,785000,0,,,5489.51048951049,2026-01-26 00:34:50.476741
1298,19251390,1,165000,0,,,1650.0,2026-01-26 00:34:50.479928
1299,18220778,1,550000,0,,,4166.666666666667,2026-01-26 00:34:50.482883
1300,18213111,1,550000,0,,,3928.5714285714284,2026-01-26 00:34:50.486232
1301,18213057,1,240000,0,,,4800.0,2026-01-26 00:34:50.495426
1302,18308842,1,690000,0,,,5520.0,2026-01-26 00:34:50.498888
1303,15968874,1,620000,0,,,3827.1604938271603,2026-01-26 00:34:50.503392
1304,16451728,1,2680000,0,,,12761.904761904761,2026-01-26 00:34:50.507943
1305,17883081,1,350000,0,,,4666.666666666667,2026-01-26 00:34:50.511406
1306,15968999,1,950000,0,,,6785.714285714285,2026-01-26 00:34:50.514800
1307,15968981,1,800000,0,,,5714.285714285715,2026-01-26 00:34:50.519031
1308,16152930,1,450000,0,,,5000.0,2026-01-26 00:34:50.523318
1309,18181383,1,275000,0,,,3571.4285714285716,2026-01-26 00:34:50.526635
1310,18181452,1,405000,0,,,3616.0714285714284,2026-01-26 00:34:50.529895
1311,18310544,1,1000000,0,,,3448.2758620689656,2026-01-26 00:34:50.533004
1312,19251384,1,740000,0,,,4180.790960451977,2026-01-26 00:34:50.537501
1313,16882234,1,160000,0,,,3720.9302325581393,2026-01-26 00:34:50.542197
1314,18309348,1,1300000,0,,,3421.0526315789475,2026-01-26 00:34:50.545420
1315,18179389,1,300000,0,,,1224.4897959183672,2026-01-26 00:34:50.548530
1316,19251378,1,265000,0,,,3154.7619047619046,2026-01-26 00:34:50.552159
1317,15969254,1,1800000,0,,,4186.046511627907,2026-01-26 00:34:50.557002
1318,15969684,1,1430000,0,,,4333.333333333333,2026-01-26 00:34:50.560709
1319,18126197,1,1300000,0,,,4333.333333333333,2026-01-26 00:34:50.563991
1320,17096026,1,585000,0,,,5000.0,2026-01-26 00:34:50.567213
1321,18172037,1,420000,0,,,3684.2105263157896,2026-01-26 00:34:50.571719
1322,18309260,1,600000,0,,,3750.0,2026-01-26 00:34:50.575714
1323,16929440,1,1300000,0,,,6500.0,2026-01-26 00:34:50.579341
1324,14277876,1,360000,0,,,3428.5714285714284,2026-01-26 00:34:50.582909
1325,17759885,1,380000,0,,,1844.6601941747572,2026-01-26 00:34:50.587171
1326,15969210,1,1100000,0,,,2696.078431372549,2026-01-26 00:34:50.590938
1327,15969697,1,550000,0,,,2820.5128205128203,2026-01-26 00:34:50.594601
1328,15797814,1,380000,0,,,2375.0,2026-01-26 00:34:50.597650
1329,15969635,1,1100000,0,,,6875.0,2026-01-26 00:34:50.600603
1330,15969454,1,600000,0,,,2727.2727272727275,2026-01-26 00:34:50.605352
1331,17969328,1,330000,0,,,3548.3870967741937,2026-01-26 00:34:50.608515
1332,15991359,1,600000,0,,,4615.384615384615,2026-01-26 00:34:50.611507
1333,18060039,1,780000,0,,,2600.0,2026-01-26 00:34:50.614756
1334,17954188,1,700000,0,,,1917.8082191780823,2026-01-26 00:34:50.618087
1335,16864033,1,1000000,0,,,10204.081632653062,2026-01-26 00:34:50.623000
1336,16352954,1,500000,0,,,11111.111111111111,2026-01-26 00:34:50.626544
1337,15969673,1,720000,0,,,5142.857142857143,2026-01-26 00:34:50.629536
1338,18409911,1,370000,0,,,3663.366336633663,2026-01-26 00:34:50.632896
1339,17453190,1,378000,0,,,5906.25,2026-01-26 00:34:50.638123
1340,15969903,1,600000,0,,,7058.823529411765,2026-01-26 00:34:50.641680
1341,15969901,1,635000,0,,,7055.555555555556,2026-01-26 00:34:50.644990
1342,18614934,1,230000,0,,,2613.6363636363635,2026-01-26 00:34:50.648198
1343,17983541,1,330000,0,,,2200.0,2026-01-26 00:34:50.651453
1344,19251373,1,230000,0,,,2169.811320754717,2026-01-26 00:34:50.655729
1345,19251366,1,990000,0,,,2020.408163265306,2026-01-26 00:34:50.659717
1346,18592716,1,1500000,0,,,4687.5,2026-01-26 00:34:50.662977
1347,19093729,1,380000,0,,,3917.5257731958764,2026-01-26 00:34:50.666447
1348,18547440,1,430000,0,,,3185.185185185185,2026-01-26 00:34:50.671490
1349,18385759,1,666000,0,,,4500.0,2026-01-26 00:34:50.674840
1350,16864224,1,2800000,0,,,9120.521172638437,2026-01-26 00:34:50.677662
1351,17856845,1,650000,0,,,4113.9240506329115,2026-01-26 00:34:50.688117
1352,19240363,1,600000,0,,,4347.826086956522,2026-01-26 00:34:50.692710
1353,18594503,1,2400000,0,,,12435.233160621761,2026-01-26 00:34:50.696830
1354,18422778,1,810000,0,,,7363.636363636364,2026-01-26 00:34:50.701470
1355,18809651,1,495000,0,,,4950.0,2026-01-26 00:34:50.705923
1356,18437412,1,790000,1,890000,0.0,3026.8199233716473,2026-01-26 00:34:50.709472
1357,16930235,1,750000,0,,,7352.941176470588,2026-01-26 00:34:50.713144
1358,15969661,1,2200000,0,,,5789.473684210527,2026-01-26 00:34:50.717059
1359,17988849,1,570000,0,,,6551.724137931034,2026-01-26 00:34:50.723147
1360,18886477,1,410000,0,,,5256.410256410257,2026-01-26 00:34:50.727092
1361,15969812,1,397000,0,,,7940.0,2026-01-26 00:34:50.730354
1362,15969929,1,280000,0,,,3333.3333333333335,2026-01-26 00:34:50.733426
1363,16831734,1,806000,0,,,6152.67175572519,2026-01-26 00:34:50.737896
1364,18899700,1,220000,0,,,4400.0,2026-01-26 00:34:50.741673
1365,17991031,1,370000,0,,,3663.366336633663,2026-01-26 00:34:50.744949
1366,15969880,1,1000000,0,,,2008.0321285140562,2026-01-26 00:34:50.747968
1367,17923294,1,450000,0,,,6000.0,2026-01-26 00:34:50.751276
1368,17350932,1,680000,0,,,5762.71186440678,2026-01-26 00:34:50.755896
1369,16864015,1,650000,0,,,4513.888888888889,2026-01-26 00:34:50.759516
1370,19116313,1,540000,0,,,5242.718446601942,2026-01-26 00:34:50.762671
1371,15970037,1,260000,0,,,3880.597014925373,2026-01-26 00:34:50.765764
1372,18444847,1,1595000,0,,,7975.0,2026-01-26 00:34:50.769784
1373,17183660,1,210000,0,,,1532.846715328467,2026-01-26 00:34:50.773768
1374,17695067,1,3500000,0,,,12068.965517241379,2026-01-26 00:34:50.776973
1375,15970043,1,690000,0,,,2300.0,2026-01-26 00:34:50.780060
1376,17913710,1,584000,0,,,6279.569892473119,2026-01-26 00:34:50.783176
1377,12760778,1,530000,0,,,6883.116883116883,2026-01-26 00:34:50.787248
1378,19181417,1,245000,0,,,2401.9607843137255,2026-01-26 00:34:50.791467
1379,19110698,1,299000,0,,,1480.1980198019803,2026-01-26 00:34:50.794698
1380,19171585,1,125000,0,,,1116.0714285714287,2026-01-26 00:34:50.797795
1381,18970767,1,420000,0,,,2427.7456647398844,2026-01-26 00:34:50.801718
1382,19032758,1,1200000,0,,,3636.3636363636365,2026-01-26 00:34:50.807222
1383,19245318,1,350000,0,,,2447.5524475524476,2026-01-26 00:34:50.810776
1384,19055910,1,475000,0,,,4241.071428571428,2026-01-26 00:34:50.814249
1385,19146956,1,210000,0,,,2692.3076923076924,2026-01-26 00:34:50.817439
1386,19048615,1,450000,0,,,3061.2244897959185,2026-01-26 00:34:50.821519
1387,19245202,1,220000,0,,,2135.9223300970875,2026-01-26 00:34:50.825313
1388,19176727,1,235000,0,,,2526.8817204301076,2026-01-26 00:34:50.828478
1389,18915003,1,200000,0,,,2272.7272727272725,2026-01-26 00:34:50.831461
1390,19245204,1,150000,0,,,2884.6153846153848,2026-01-26 00:34:50.835032
1391,19032760,1,185000,0,,,790.5982905982906,2026-01-26 00:34:50.839267
1392,18967301,1,550000,0,,,4661.016949152542,2026-01-26 00:34:50.842346
1393,19048613,1,490000,0,,,4711.538461538462,2026-01-26 00:34:50.845329
1394,19181418,1,200000,0,,,1904.7619047619048,2026-01-26 00:34:50.848329
1395,19047689,1,220000,0,,,2444.4444444444443,2026-01-26 00:34:50.851358
1396,19032762,1,75000,0,,,1415.0943396226414,2026-01-26 00:34:50.855437
1397,19048616,1,498000,0,,,3364.864864864865,2026-01-26 00:34:50.859464
1398,18953567,1,260000,0,,,2574.2574257425745,2026-01-26 00:34:50.862501
1399,18915000,1,190000,0,,,2794.1176470588234,2026-01-26 00:34:50.865457
1400,19024355,1,80000,0,,,1142.857142857143,2026-01-26 00:34:50.868874
1401,15970024,1,900000,0,,,4285.714285714285,2026-01-26 00:34:50.878294
1402,19062499,1,100000,0,,,757.5757575757576,2026-01-26 00:34:50.882172
1403,19064045,1,320000,0,,,3137.2549019607845,2026-01-26 00:34:50.886879
1404,19068363,1,200000,0,,,1626.0162601626016,2026-01-26 00:34:50.891093
1405,19036489,1,810000,0,,,4029.8507462686566,2026-01-26 00:34:50.894469
1406,19112967,1,185000,0,,,1581.1965811965813,2026-01-26 00:34:50.897672
1407,19055908,1,80000,0,,,1538.4615384615386,2026-01-26 00:34:50.901477
1408,19181403,1,32000,0,,,1142.857142857143,2026-01-26 00:34:50.906256
1409,19249396,1,795000,0,,,3456.521739130435,2026-01-26 00:34:50.909914
1410,19036490,1,100000,0,,,1818.1818181818182,2026-01-26 00:34:50.913377
1411,19024359,1,310000,0,,,2627.1186440677966,2026-01-26 00:34:50.916858
1412,16995087,1,2650000,0,,,11777.777777777777,2026-01-26 00:34:50.922417
1413,19024358,1,87000,0,,,1208.3333333333333,2026-01-26 00:34:50.926442
1414,19095721,1,88000,0,,,1692.3076923076924,2026-01-26 00:34:50.930407
1415,15970169,1,280000,0,,,3500.0,2026-01-26 00:34:50.934107
1416,19042256,1,70000,0,,,1296.2962962962963,2026-01-26 00:34:50.938554
1417,19242523,1,40000,0,,,1739.1304347826087,2026-01-26 00:34:50.942371
1418,19245203,1,530000,0,,,3758.8652482269504,2026-01-26 00:34:50.945777
1419,19249400,1,90000,0,,,2571.4285714285716,2026-01-26 00:34:50.948843
1420,19245201,1,60000,0,,,2142.8571428571427,2026-01-26 00:34:50.952062
1421,17884131,1,670000,0,,,2680.0,2026-01-26 00:34:50.956360
1422,15970017,1,260000,0,,,5000.0,2026-01-26 00:34:50.959949
1423,17155403,1,3190000,0,,,13869.565217391304,2026-01-26 00:34:50.963076
1424,15970009,1,340000,1,370000,0.0,3400.0,2026-01-26 00:34:50.966219
1425,15970015,1,300000,0,,,4477.611940298508,2026-01-26 00:34:50.970215
1426,18914999,1,280000,0,,,3255.813953488372,2026-01-26 00:34:50.974200
1427,19229420,1,35000,0,,,1750.0,2026-01-26 00:34:50.977494
1428,19249399,1,400000,0,,,6060.606060606061,2026-01-26 00:34:50.980531
1429,19249402,1,750000,0,,,6818.181818181818,2026-01-26 00:34:50.983534
1430,16863857,1,1680000,0,,,7304.347826086957,2026-01-26 00:34:50.988073
1431,18341945,1,620000,1,639000,0.0,1512.1951219512196,2026-01-26 00:34:50.992092
1432,19066218,1,200000,0,,,2040.8163265306123,2026-01-26 00:34:50.995165
1433,19239833,1,410000,0,,,3942.3076923076924,2026-01-26 00:34:50.998434
1434,18752139,1,150000,0,,,2142.8571428571427,2026-01-26 00:34:51.002495
1435,18915530,1,155000,0,,,1890.2439024390244,2026-01-26 00:34:51.007267
1436,18794804,1,360000,0,,,2448.9795918367345,2026-01-26 00:34:51.010645
1437,18917234,1,160000,0,,,1739.1304347826087,2026-01-26 00:34:51.013661
1438,15970104,1,1500000,0,,,2976.190476190476,2026-01-26 00:34:51.016658
1439,18366469,1,370000,0,,,3425.925925925926,2026-01-26 00:34:51.021602
1440,19040523,1,340000,0,,,3434.343434343434,2026-01-26 00:34:51.025217
1441,19040507,1,295000,0,,,3277.777777777778,2026-01-26 00:34:51.028577
1442,18733912,1,200000,0,,,2272.7272727272725,2026-01-26 00:34:51.031983
1443,19065462,1,185000,0,,,2126.4367816091954,2026-01-26 00:34:51.035752
1444,18816387,1,168000,0,,,1647.0588235294117,2026-01-26 00:34:51.039628
1445,18886591,1,295000,0,,,2269.230769230769,2026-01-26 00:34:51.043008
1446,19046394,1,303000,0,,,3000.0,2026-01-26 00:34:51.046046
1447,17364353,1,200000,0,,,2857.1428571428573,2026-01-26 00:34:51.049359
1448,18810509,1,220000,0,,,2444.4444444444443,2026-01-26 00:34:51.053372
1449,18008144,1,239000,0,,,2390.0,2026-01-26 00:34:51.057608
1450,18614691,1,110000,0,,,1527.7777777777778,2026-01-26 00:34:51.060820
1451,18475540,1,235000,0,,,2526.8817204301076,2026-01-26 00:34:51.070698
1452,18295114,1,175000,0,,,2430.5555555555557,2026-01-26 00:34:51.074932
1453,17044249,1,105000,0,,,2100.0,2026-01-26 00:34:51.078482
1454,19092806,1,150000,0,,,3061.2244897959185,2026-01-26 00:34:51.082204
1455,19028212,1,105000,0,,,1544.1176470588234,2026-01-26 00:34:51.086470
1456,18703067,1,239000,1,249000,0.0,1912.0,2026-01-26 00:34:51.090646
1457,17858611,1,390000,0,,,4875.0,2026-01-26 00:34:51.094353
1458,18790800,1,62000,0,,,1240.0,2026-01-26 00:34:51.097814
1459,18886727,1,120000,0,,,1500.0,2026-01-26 00:34:51.102092
1460,17364454,1,210000,0,,,3000.0,2026-01-26 00:34:51.106637
1461,19053340,1,210000,0,,,1735.5371900826447,2026-01-26 00:34:51.109926
1462,19090921,1,155000,0,,,2384.6153846153848,2026-01-26 00:34:51.113042
1463,15970094,1,1500000,0,,,8333.333333333334,2026-01-26 00:34:51.116506
1464,15970186,1,950000,0,,,2923.076923076923,2026-01-26 00:34:51.121468
1465,16352949,1,800000,0,,,2539.6825396825398,2026-01-26 00:34:51.125964
1466,19161709,1,135000,0,,,2500.0,2026-01-26 00:34:51.129156
1467,19058608,1,70000,0,,,1372.549019607843,2026-01-26 00:34:51.132314
1468,18615171,1,184000,0,,,2190.4761904761904,2026-01-26 00:34:51.136091
1469,18615387,1,98000,0,,,2000.0,2026-01-26 00:34:51.140239
1470,18789110,1,400000,0,,,3418.803418803419,2026-01-26 00:34:51.143423
1471,18528905,1,115000,0,,,2446.808510638298,2026-01-26 00:34:51.146567
1472,19093073,1,135000,0,,,1730.7692307692307,2026-01-26 00:34:51.149640
1473,19240867,1,220000,0,,,2933.3333333333335,2026-01-26 00:34:51.153512
1474,19240856,1,210000,0,,,2800.0,2026-01-26 00:34:51.157915
1475,19089959,1,85000,0,,,2125.0,2026-01-26 00:34:51.161287
1476,18237968,1,95000,0,,,2375.0,2026-01-26 00:34:51.164390
1477,17153769,1,1256000,0,,,7302.325581395349,2026-01-26 00:34:51.168001
1478,19070659,1,250000,0,,,2500.0,2026-01-26 00:34:51.172192
1479,19022098,1,100000,1,110000,0.0,1886.7924528301887,2026-01-26 00:34:51.175461
1480,18983251,1,155000,0,,,1823.5294117647059,2026-01-26 00:34:51.178522
1481,18762792,1,70000,0,,,1111.111111111111,2026-01-26 00:34:51.181650
1482,18683377,1,380000,0,,,3584.9056603773583,2026-01-26 00:34:51.184961
1483,18809907,1,1150000,0,,,1989.6193771626297,2026-01-26 00:34:51.189406
1484,18838567,1,127000,0,,,1693.3333333333333,2026-01-26 00:34:51.193664
1485,15970399,1,1200000,0,,,7361.963190184049,2026-01-26 00:34:51.196944
1486,15970271,1,1500000,0,,,6000.0,2026-01-26 00:34:51.201491
1487,19169211,1,375000,0,,,4032.2580645161293,2026-01-26 00:34:51.207443
1488,19242997,1,205000,0,,,3867.9245283018868,2026-01-26 00:34:51.211064
1489,19118989,1,285000,0,,,3958.3333333333335,2026-01-26 00:34:51.214277
1490,19174103,1,390000,0,,,3979.591836734694,2026-01-26 00:34:51.219177
1491,15970297,1,1650000,0,,,3750.0,2026-01-26 00:34:51.223488
1492,18403025,1,350000,0,,,4545.454545454545,2026-01-26 00:34:51.227239
1493,18403092,1,500000,0,,,5050.50505050505,2026-01-26 00:34:51.230261
1494,18403126,1,440000,0,,,4444.444444444444,2026-01-26 00:34:51.233395
1495,18794202,1,220000,0,,,2365.5913978494623,2026-01-26 00:34:51.237644
1496,18794079,1,190000,0,,,2968.75,2026-01-26 00:34:51.242739
1497,18793948,1,130000,0,,,3095.2380952380954,2026-01-26 00:34:51.246114
1498,15970363,1,220000,0,,,990.990990990991,2026-01-26 00:34:51.249165
1499,15970428,1,1750000,0,,,7608.695652173913,2026-01-26 00:34:51.253963
1500,17486587,1,130000,0,,,1830.9859154929577,2026-01-26 00:34:51.257568
